; HEADER_BLOCK_START
; BambuStudio 02.02.00.85 (sample generated by Gcode Recovery)
; total layer number: 100
; HEADER_BLOCK_END
; MACHINE_START_GCODE_END
G90
M83
M140 S60
M104 S220
M190 S60
M109 S220
G1 Z5 F600
G1 X18 Y1 F12000
G1 Z0.3
G1 X80 E8 F1500
M106 P1 S0
; CHANGE_LAYER
; Z_HEIGHT: 0.2
; LAYER_HEIGHT: 0.2
; LINE_WIDTH: 0.42
G1 E-.8 F1800
G1 Z0.600 F600
G1 Z0.200
G1 E.8 F1800
G1 X108.210 Y108.210 F12000
; FEATURE: Outer wall
G1 X147.790 Y108.210 E1.30614 F3000
G1 X147.790 Y147.790 E1.30614 F3000
G1 X108.210 Y147.790 E1.30614 F3000
G1 X108.210 Y108.210 E1.30614 F3000
G1 X108.630 Y108.630 F12000
; FEATURE: Inner wall
G1 X147.370 Y108.630 E1.27842 F3000
G1 X147.370 Y147.370 E1.27842 F3000
G1 X108.630 Y147.370 E1.27842 F3000
G1 X108.630 Y108.630 E1.27842 F3000
G1 X109.050 Y109.050 F12000
; FEATURE: Inner wall
G1 X146.950 Y109.050 E1.25070 F3000
G1 X146.950 Y146.950 E1.25070 F3000
G1 X109.050 Y146.950 E1.25070 F3000
G1 X109.050 Y109.050 E1.25070 F3000
; FEATURE: Internal solid infill
G1 X109.260 Y109.470 F12000
G1 X146.740 Y109.470 E1.23684 F4000
G1 X146.740 Y109.890 F12000
G1 X109.260 Y109.890 E1.23684 F4000
G1 X109.260 Y110.310 F12000
G1 X146.740 Y110.310 E1.23684 F4000
G1 X146.740 Y110.730 F12000
G1 X109.260 Y110.730 E1.23684 F4000
G1 X109.260 Y111.150 F12000
G1 X146.740 Y111.150 E1.23684 F4000
G1 X146.740 Y111.570 F12000
G1 X109.260 Y111.570 E1.23684 F4000
G1 X109.260 Y111.990 F12000
G1 X146.740 Y111.990 E1.23684 F4000
G1 X146.740 Y112.410 F12000
G1 X109.260 Y112.410 E1.23684 F4000
G1 X109.260 Y112.830 F12000
G1 X146.740 Y112.830 E1.23684 F4000
G1 X146.740 Y113.250 F12000
G1 X109.260 Y113.250 E1.23684 F4000
G1 X109.260 Y113.670 F12000
G1 X146.740 Y113.670 E1.23684 F4000
G1 X146.740 Y114.090 F12000
G1 X109.260 Y114.090 E1.23684 F4000
G1 X109.260 Y114.510 F12000
G1 X146.740 Y114.510 E1.23684 F4000
G1 X146.740 Y114.930 F12000
G1 X109.260 Y114.930 E1.23684 F4000
G1 X109.260 Y115.350 F12000
G1 X146.740 Y115.350 E1.23684 F4000
G1 X146.740 Y115.770 F12000
G1 X109.260 Y115.770 E1.23684 F4000
G1 X109.260 Y116.190 F12000
G1 X146.740 Y116.190 E1.23684 F4000
G1 X146.740 Y116.610 F12000
G1 X109.260 Y116.610 E1.23684 F4000
G1 X109.260 Y117.030 F12000
G1 X146.740 Y117.030 E1.23684 F4000
G1 X146.740 Y117.450 F12000
G1 X109.260 Y117.450 E1.23684 F4000
G1 X109.260 Y117.870 F12000
G1 X146.740 Y117.870 E1.23684 F4000
G1 X146.740 Y118.290 F12000
G1 X109.260 Y118.290 E1.23684 F4000
G1 X109.260 Y118.710 F12000
G1 X146.740 Y118.710 E1.23684 F4000
G1 X146.740 Y119.130 F12000
G1 X109.260 Y119.130 E1.23684 F4000
G1 X109.260 Y119.550 F12000
G1 X146.740 Y119.550 E1.23684 F4000
G1 X146.740 Y119.970 F12000
G1 X109.260 Y119.970 E1.23684 F4000
G1 X109.260 Y120.390 F12000
G1 X146.740 Y120.390 E1.23684 F4000
G1 X146.740 Y120.810 F12000
G1 X109.260 Y120.810 E1.23684 F4000
G1 X109.260 Y121.230 F12000
G1 X146.740 Y121.230 E1.23684 F4000
G1 X146.740 Y121.650 F12000
G1 X109.260 Y121.650 E1.23684 F4000
G1 X109.260 Y122.070 F12000
G1 X146.740 Y122.070 E1.23684 F4000
G1 X146.740 Y122.490 F12000
G1 X109.260 Y122.490 E1.23684 F4000
G1 X109.260 Y122.910 F12000
G1 X146.740 Y122.910 E1.23684 F4000
G1 X146.740 Y123.330 F12000
G1 X109.260 Y123.330 E1.23684 F4000
G1 X109.260 Y123.750 F12000
G1 X146.740 Y123.750 E1.23684 F4000
G1 X146.740 Y124.170 F12000
G1 X109.260 Y124.170 E1.23684 F4000
G1 X109.260 Y124.590 F12000
G1 X146.740 Y124.590 E1.23684 F4000
G1 X146.740 Y125.010 F12000
G1 X109.260 Y125.010 E1.23684 F4000
G1 X109.260 Y125.430 F12000
G1 X146.740 Y125.430 E1.23684 F4000
G1 X146.740 Y125.850 F12000
G1 X109.260 Y125.850 E1.23684 F4000
G1 X109.260 Y126.270 F12000
G1 X146.740 Y126.270 E1.23684 F4000
G1 X146.740 Y126.690 F12000
G1 X109.260 Y126.690 E1.23684 F4000
G1 X109.260 Y127.110 F12000
G1 X146.740 Y127.110 E1.23684 F4000
G1 X146.740 Y127.530 F12000
G1 X109.260 Y127.530 E1.23684 F4000
G1 X109.260 Y127.950 F12000
G1 X146.740 Y127.950 E1.23684 F4000
G1 X146.740 Y128.370 F12000
G1 X109.260 Y128.370 E1.23684 F4000
G1 X109.260 Y128.790 F12000
G1 X146.740 Y128.790 E1.23684 F4000
G1 X146.740 Y129.210 F12000
G1 X109.260 Y129.210 E1.23684 F4000
G1 X109.260 Y129.630 F12000
G1 X146.740 Y129.630 E1.23684 F4000
G1 X146.740 Y130.050 F12000
G1 X109.260 Y130.050 E1.23684 F4000
G1 X109.260 Y130.470 F12000
G1 X146.740 Y130.470 E1.23684 F4000
G1 X146.740 Y130.890 F12000
G1 X109.260 Y130.890 E1.23684 F4000
G1 X109.260 Y131.310 F12000
G1 X146.740 Y131.310 E1.23684 F4000
G1 X146.740 Y131.730 F12000
G1 X109.260 Y131.730 E1.23684 F4000
G1 X109.260 Y132.150 F12000
G1 X146.740 Y132.150 E1.23684 F4000
G1 X146.740 Y132.570 F12000
G1 X109.260 Y132.570 E1.23684 F4000
G1 X109.260 Y132.990 F12000
G1 X146.740 Y132.990 E1.23684 F4000
G1 X146.740 Y133.410 F12000
G1 X109.260 Y133.410 E1.23684 F4000
G1 X109.260 Y133.830 F12000
G1 X146.740 Y133.830 E1.23684 F4000
G1 X146.740 Y134.250 F12000
G1 X109.260 Y134.250 E1.23684 F4000
G1 X109.260 Y134.670 F12000
G1 X146.740 Y134.670 E1.23684 F4000
G1 X146.740 Y135.090 F12000
G1 X109.260 Y135.090 E1.23684 F4000
G1 X109.260 Y135.510 F12000
G1 X146.740 Y135.510 E1.23684 F4000
G1 X146.740 Y135.930 F12000
G1 X109.260 Y135.930 E1.23684 F4000
G1 X109.260 Y136.350 F12000
G1 X146.740 Y136.350 E1.23684 F4000
G1 X146.740 Y136.770 F12000
G1 X109.260 Y136.770 E1.23684 F4000
G1 X109.260 Y137.190 F12000
G1 X146.740 Y137.190 E1.23684 F4000
G1 X146.740 Y137.610 F12000
G1 X109.260 Y137.610 E1.23684 F4000
G1 X109.260 Y138.030 F12000
G1 X146.740 Y138.030 E1.23684 F4000
G1 X146.740 Y138.450 F12000
G1 X109.260 Y138.450 E1.23684 F4000
G1 X109.260 Y138.870 F12000
G1 X146.740 Y138.870 E1.23684 F4000
G1 X146.740 Y139.290 F12000
G1 X109.260 Y139.290 E1.23684 F4000
G1 X109.260 Y139.710 F12000
G1 X146.740 Y139.710 E1.23684 F4000
G1 X146.740 Y140.130 F12000
G1 X109.260 Y140.130 E1.23684 F4000
G1 X109.260 Y140.550 F12000
G1 X146.740 Y140.550 E1.23684 F4000
G1 X146.740 Y140.970 F12000
G1 X109.260 Y140.970 E1.23684 F4000
G1 X109.260 Y141.390 F12000
G1 X146.740 Y141.390 E1.23684 F4000
G1 X146.740 Y141.810 F12000
G1 X109.260 Y141.810 E1.23684 F4000
G1 X109.260 Y142.230 F12000
G1 X146.740 Y142.230 E1.23684 F4000
G1 X146.740 Y142.650 F12000
G1 X109.260 Y142.650 E1.23684 F4000
G1 X109.260 Y143.070 F12000
G1 X146.740 Y143.070 E1.23684 F4000
G1 X146.740 Y143.490 F12000
G1 X109.260 Y143.490 E1.23684 F4000
G1 X109.260 Y143.910 F12000
G1 X146.740 Y143.910 E1.23684 F4000
G1 X146.740 Y144.330 F12000
G1 X109.260 Y144.330 E1.23684 F4000
G1 X109.260 Y144.750 F12000
G1 X146.740 Y144.750 E1.23684 F4000
G1 X146.740 Y145.170 F12000
G1 X109.260 Y145.170 E1.23684 F4000
G1 X109.260 Y145.590 F12000
G1 X146.740 Y145.590 E1.23684 F4000
G1 X146.740 Y146.010 F12000
G1 X109.260 Y146.010 E1.23684 F4000
G1 X109.260 Y146.430 F12000
G1 X146.740 Y146.430 E1.23684 F4000
; CHANGE_LAYER
; Z_HEIGHT: 0.4
; LAYER_HEIGHT: 0.2
; LINE_WIDTH: 0.42
G1 E-.8 F1800
G1 Z0.800 F600
M106 P1 S255
G1 Z0.400
G1 E.8 F1800
G1 X108.210 Y108.210 F12000
; FEATURE: Outer wall
G1 X147.790 Y108.210 E1.30614 F3000
G1 X147.790 Y147.790 E1.30614 F3000
G1 X108.210 Y147.790 E1.30614 F3000
G1 X108.210 Y108.210 E1.30614 F3000
G1 X108.630 Y108.630 F12000
; FEATURE: Inner wall
G1 X147.370 Y108.630 E1.27842 F3000
G1 X147.370 Y147.370 E1.27842 F3000
G1 X108.630 Y147.370 E1.27842 F3000
G1 X108.630 Y108.630 E1.27842 F3000
G1 X109.050 Y109.050 F12000
; FEATURE: Inner wall
G1 X146.950 Y109.050 E1.25070 F3000
G1 X146.950 Y146.950 E1.25070 F3000
G1 X109.050 Y146.950 E1.25070 F3000
G1 X109.050 Y109.050 E1.25070 F3000
; FEATURE: Internal solid infill
G1 X109.260 Y109.470 F12000
G1 X146.740 Y109.470 E1.23684 F4000
G1 X146.740 Y109.890 F12000
G1 X109.260 Y109.890 E1.23684 F4000
G1 X109.260 Y110.310 F12000
G1 X146.740 Y110.310 E1.23684 F4000
G1 X146.740 Y110.730 F12000
G1 X109.260 Y110.730 E1.23684 F4000
G1 X109.260 Y111.150 F12000
G1 X146.740 Y111.150 E1.23684 F4000
G1 X146.740 Y111.570 F12000
G1 X109.260 Y111.570 E1.23684 F4000
G1 X109.260 Y111.990 F12000
G1 X146.740 Y111.990 E1.23684 F4000
G1 X146.740 Y112.410 F12000
G1 X109.260 Y112.410 E1.23684 F4000
G1 X109.260 Y112.830 F12000
G1 X146.740 Y112.830 E1.23684 F4000
G1 X146.740 Y113.250 F12000
G1 X109.260 Y113.250 E1.23684 F4000
G1 X109.260 Y113.670 F12000
G1 X146.740 Y113.670 E1.23684 F4000
G1 X146.740 Y114.090 F12000
G1 X109.260 Y114.090 E1.23684 F4000
G1 X109.260 Y114.510 F12000
G1 X146.740 Y114.510 E1.23684 F4000
G1 X146.740 Y114.930 F12000
G1 X109.260 Y114.930 E1.23684 F4000
G1 X109.260 Y115.350 F12000
G1 X146.740 Y115.350 E1.23684 F4000
G1 X146.740 Y115.770 F12000
G1 X109.260 Y115.770 E1.23684 F4000
G1 X109.260 Y116.190 F12000
G1 X146.740 Y116.190 E1.23684 F4000
G1 X146.740 Y116.610 F12000
G1 X109.260 Y116.610 E1.23684 F4000
G1 X109.260 Y117.030 F12000
G1 X146.740 Y117.030 E1.23684 F4000
G1 X146.740 Y117.450 F12000
G1 X109.260 Y117.450 E1.23684 F4000
G1 X109.260 Y117.870 F12000
G1 X146.740 Y117.870 E1.23684 F4000
G1 X146.740 Y118.290 F12000
G1 X109.260 Y118.290 E1.23684 F4000
G1 X109.260 Y118.710 F12000
G1 X146.740 Y118.710 E1.23684 F4000
G1 X146.740 Y119.130 F12000
G1 X109.260 Y119.130 E1.23684 F4000
G1 X109.260 Y119.550 F12000
G1 X146.740 Y119.550 E1.23684 F4000
G1 X146.740 Y119.970 F12000
G1 X109.260 Y119.970 E1.23684 F4000
G1 X109.260 Y120.390 F12000
G1 X146.740 Y120.390 E1.23684 F4000
G1 X146.740 Y120.810 F12000
G1 X109.260 Y120.810 E1.23684 F4000
G1 X109.260 Y121.230 F12000
G1 X146.740 Y121.230 E1.23684 F4000
G1 X146.740 Y121.650 F12000
G1 X109.260 Y121.650 E1.23684 F4000
G1 X109.260 Y122.070 F12000
G1 X146.740 Y122.070 E1.23684 F4000
G1 X146.740 Y122.490 F12000
G1 X109.260 Y122.490 E1.23684 F4000
G1 X109.260 Y122.910 F12000
G1 X146.740 Y122.910 E1.23684 F4000
G1 X146.740 Y123.330 F12000
G1 X109.260 Y123.330 E1.23684 F4000
G1 X109.260 Y123.750 F12000
G1 X146.740 Y123.750 E1.23684 F4000
G1 X146.740 Y124.170 F12000
G1 X109.260 Y124.170 E1.23684 F4000
G1 X109.260 Y124.590 F12000
G1 X146.740 Y124.590 E1.23684 F4000
G1 X146.740 Y125.010 F12000
G1 X109.260 Y125.010 E1.23684 F4000
G1 X109.260 Y125.430 F12000
G1 X146.740 Y125.430 E1.23684 F4000
G1 X146.740 Y125.850 F12000
G1 X109.260 Y125.850 E1.23684 F4000
G1 X109.260 Y126.270 F12000
G1 X146.740 Y126.270 E1.23684 F4000
G1 X146.740 Y126.690 F12000
G1 X109.260 Y126.690 E1.23684 F4000
G1 X109.260 Y127.110 F12000
G1 X146.740 Y127.110 E1.23684 F4000
G1 X146.740 Y127.530 F12000
G1 X109.260 Y127.530 E1.23684 F4000
G1 X109.260 Y127.950 F12000
G1 X146.740 Y127.950 E1.23684 F4000
G1 X146.740 Y128.370 F12000
G1 X109.260 Y128.370 E1.23684 F4000
G1 X109.260 Y128.790 F12000
G1 X146.740 Y128.790 E1.23684 F4000
G1 X146.740 Y129.210 F12000
G1 X109.260 Y129.210 E1.23684 F4000
G1 X109.260 Y129.630 F12000
G1 X146.740 Y129.630 E1.23684 F4000
G1 X146.740 Y130.050 F12000
G1 X109.260 Y130.050 E1.23684 F4000
G1 X109.260 Y130.470 F12000
G1 X146.740 Y130.470 E1.23684 F4000
G1 X146.740 Y130.890 F12000
G1 X109.260 Y130.890 E1.23684 F4000
G1 X109.260 Y131.310 F12000
G1 X146.740 Y131.310 E1.23684 F4000
G1 X146.740 Y131.730 F12000
G1 X109.260 Y131.730 E1.23684 F4000
G1 X109.260 Y132.150 F12000
G1 X146.740 Y132.150 E1.23684 F4000
G1 X146.740 Y132.570 F12000
G1 X109.260 Y132.570 E1.23684 F4000
G1 X109.260 Y132.990 F12000
G1 X146.740 Y132.990 E1.23684 F4000
G1 X146.740 Y133.410 F12000
G1 X109.260 Y133.410 E1.23684 F4000
G1 X109.260 Y133.830 F12000
G1 X146.740 Y133.830 E1.23684 F4000
G1 X146.740 Y134.250 F12000
G1 X109.260 Y134.250 E1.23684 F4000
G1 X109.260 Y134.670 F12000
G1 X146.740 Y134.670 E1.23684 F4000
G1 X146.740 Y135.090 F12000
G1 X109.260 Y135.090 E1.23684 F4000
G1 X109.260 Y135.510 F12000
G1 X146.740 Y135.510 E1.23684 F4000
G1 X146.740 Y135.930 F12000
G1 X109.260 Y135.930 E1.23684 F4000
G1 X109.260 Y136.350 F12000
G1 X146.740 Y136.350 E1.23684 F4000
G1 X146.740 Y136.770 F12000
G1 X109.260 Y136.770 E1.23684 F4000
G1 X109.260 Y137.190 F12000
G1 X146.740 Y137.190 E1.23684 F4000
G1 X146.740 Y137.610 F12000
G1 X109.260 Y137.610 E1.23684 F4000
G1 X109.260 Y138.030 F12000
G1 X146.740 Y138.030 E1.23684 F4000
G1 X146.740 Y138.450 F12000
G1 X109.260 Y138.450 E1.23684 F4000
G1 X109.260 Y138.870 F12000
G1 X146.740 Y138.870 E1.23684 F4000
G1 X146.740 Y139.290 F12000
G1 X109.260 Y139.290 E1.23684 F4000
G1 X109.260 Y139.710 F12000
G1 X146.740 Y139.710 E1.23684 F4000
G1 X146.740 Y140.130 F12000
G1 X109.260 Y140.130 E1.23684 F4000
G1 X109.260 Y140.550 F12000
G1 X146.740 Y140.550 E1.23684 F4000
G1 X146.740 Y140.970 F12000
G1 X109.260 Y140.970 E1.23684 F4000
G1 X109.260 Y141.390 F12000
G1 X146.740 Y141.390 E1.23684 F4000
G1 X146.740 Y141.810 F12000
G1 X109.260 Y141.810 E1.23684 F4000
G1 X109.260 Y142.230 F12000
G1 X146.740 Y142.230 E1.23684 F4000
G1 X146.740 Y142.650 F12000
G1 X109.260 Y142.650 E1.23684 F4000
G1 X109.260 Y143.070 F12000
G1 X146.740 Y143.070 E1.23684 F4000
G1 X146.740 Y143.490 F12000
G1 X109.260 Y143.490 E1.23684 F4000
G1 X109.260 Y143.910 F12000
G1 X146.740 Y143.910 E1.23684 F4000
G1 X146.740 Y144.330 F12000
G1 X109.260 Y144.330 E1.23684 F4000
G1 X109.260 Y144.750 F12000
G1 X146.740 Y144.750 E1.23684 F4000
G1 X146.740 Y145.170 F12000
G1 X109.260 Y145.170 E1.23684 F4000
G1 X109.260 Y145.590 F12000
G1 X146.740 Y145.590 E1.23684 F4000
G1 X146.740 Y146.010 F12000
G1 X109.260 Y146.010 E1.23684 F4000
G1 X109.260 Y146.430 F12000
G1 X146.740 Y146.430 E1.23684 F4000
; CHANGE_LAYER
; Z_HEIGHT: 0.6
; LAYER_HEIGHT: 0.2
; LINE_WIDTH: 0.42
G1 E-.8 F1800
G1 Z1.000 F600
G1 Z0.600
G1 E.8 F1800
G1 X108.210 Y108.210 F12000
; FEATURE: Outer wall
G1 X147.790 Y108.210 E1.30614 F3000
G1 X147.790 Y147.790 E1.30614 F3000
G1 X108.210 Y147.790 E1.30614 F3000
G1 X108.210 Y108.210 E1.30614 F3000
G1 X108.630 Y108.630 F12000
; FEATURE: Inner wall
G1 X147.370 Y108.630 E1.27842 F3000
G1 X147.370 Y147.370 E1.27842 F3000
G1 X108.630 Y147.370 E1.27842 F3000
G1 X108.630 Y108.630 E1.27842 F3000
G1 X109.050 Y109.050 F12000
; FEATURE: Inner wall
G1 X146.950 Y109.050 E1.25070 F3000
G1 X146.950 Y146.950 E1.25070 F3000
G1 X109.050 Y146.950 E1.25070 F3000
G1 X109.050 Y109.050 E1.25070 F3000
; FEATURE: Internal solid infill
G1 X109.260 Y109.470 F12000
G1 X146.740 Y109.470 E1.23684 F4000
G1 X146.740 Y109.890 F12000
G1 X109.260 Y109.890 E1.23684 F4000
G1 X109.260 Y110.310 F12000
G1 X146.740 Y110.310 E1.23684 F4000
G1 X146.740 Y110.730 F12000
G1 X109.260 Y110.730 E1.23684 F4000
G1 X109.260 Y111.150 F12000
G1 X146.740 Y111.150 E1.23684 F4000
G1 X146.740 Y111.570 F12000
G1 X109.260 Y111.570 E1.23684 F4000
G1 X109.260 Y111.990 F12000
G1 X146.740 Y111.990 E1.23684 F4000
G1 X146.740 Y112.410 F12000
G1 X109.260 Y112.410 E1.23684 F4000
G1 X109.260 Y112.830 F12000
G1 X146.740 Y112.830 E1.23684 F4000
G1 X146.740 Y113.250 F12000
G1 X109.260 Y113.250 E1.23684 F4000
G1 X109.260 Y113.670 F12000
G1 X146.740 Y113.670 E1.23684 F4000
G1 X146.740 Y114.090 F12000
G1 X109.260 Y114.090 E1.23684 F4000
G1 X109.260 Y114.510 F12000
G1 X146.740 Y114.510 E1.23684 F4000
G1 X146.740 Y114.930 F12000
G1 X109.260 Y114.930 E1.23684 F4000
G1 X109.260 Y115.350 F12000
G1 X146.740 Y115.350 E1.23684 F4000
G1 X146.740 Y115.770 F12000
G1 X109.260 Y115.770 E1.23684 F4000
G1 X109.260 Y116.190 F12000
G1 X146.740 Y116.190 E1.23684 F4000
G1 X146.740 Y116.610 F12000
G1 X109.260 Y116.610 E1.23684 F4000
G1 X109.260 Y117.030 F12000
G1 X146.740 Y117.030 E1.23684 F4000
G1 X146.740 Y117.450 F12000
G1 X109.260 Y117.450 E1.23684 F4000
G1 X109.260 Y117.870 F12000
G1 X146.740 Y117.870 E1.23684 F4000
G1 X146.740 Y118.290 F12000
G1 X109.260 Y118.290 E1.23684 F4000
G1 X109.260 Y118.710 F12000
G1 X146.740 Y118.710 E1.23684 F4000
G1 X146.740 Y119.130 F12000
G1 X109.260 Y119.130 E1.23684 F4000
G1 X109.260 Y119.550 F12000
G1 X146.740 Y119.550 E1.23684 F4000
G1 X146.740 Y119.970 F12000
G1 X109.260 Y119.970 E1.23684 F4000
G1 X109.260 Y120.390 F12000
G1 X146.740 Y120.390 E1.23684 F4000
G1 X146.740 Y120.810 F12000
G1 X109.260 Y120.810 E1.23684 F4000
G1 X109.260 Y121.230 F12000
G1 X146.740 Y121.230 E1.23684 F4000
G1 X146.740 Y121.650 F12000
G1 X109.260 Y121.650 E1.23684 F4000
G1 X109.260 Y122.070 F12000
G1 X146.740 Y122.070 E1.23684 F4000
G1 X146.740 Y122.490 F12000
G1 X109.260 Y122.490 E1.23684 F4000
G1 X109.260 Y122.910 F12000
G1 X146.740 Y122.910 E1.23684 F4000
G1 X146.740 Y123.330 F12000
G1 X109.260 Y123.330 E1.23684 F4000
G1 X109.260 Y123.750 F12000
G1 X146.740 Y123.750 E1.23684 F4000
G1 X146.740 Y124.170 F12000
G1 X109.260 Y124.170 E1.23684 F4000
G1 X109.260 Y124.590 F12000
G1 X146.740 Y124.590 E1.23684 F4000
G1 X146.740 Y125.010 F12000
G1 X109.260 Y125.010 E1.23684 F4000
G1 X109.260 Y125.430 F12000
G1 X146.740 Y125.430 E1.23684 F4000
G1 X146.740 Y125.850 F12000
G1 X109.260 Y125.850 E1.23684 F4000
G1 X109.260 Y126.270 F12000
G1 X146.740 Y126.270 E1.23684 F4000
G1 X146.740 Y126.690 F12000
G1 X109.260 Y126.690 E1.23684 F4000
G1 X109.260 Y127.110 F12000
G1 X146.740 Y127.110 E1.23684 F4000
G1 X146.740 Y127.530 F12000
G1 X109.260 Y127.530 E1.23684 F4000
G1 X109.260 Y127.950 F12000
G1 X146.740 Y127.950 E1.23684 F4000
G1 X146.740 Y128.370 F12000
G1 X109.260 Y128.370 E1.23684 F4000
G1 X109.260 Y128.790 F12000
G1 X146.740 Y128.790 E1.23684 F4000
G1 X146.740 Y129.210 F12000
G1 X109.260 Y129.210 E1.23684 F4000
G1 X109.260 Y129.630 F12000
G1 X146.740 Y129.630 E1.23684 F4000
G1 X146.740 Y130.050 F12000
G1 X109.260 Y130.050 E1.23684 F4000
G1 X109.260 Y130.470 F12000
G1 X146.740 Y130.470 E1.23684 F4000
G1 X146.740 Y130.890 F12000
G1 X109.260 Y130.890 E1.23684 F4000
G1 X109.260 Y131.310 F12000
G1 X146.740 Y131.310 E1.23684 F4000
G1 X146.740 Y131.730 F12000
G1 X109.260 Y131.730 E1.23684 F4000
G1 X109.260 Y132.150 F12000
G1 X146.740 Y132.150 E1.23684 F4000
G1 X146.740 Y132.570 F12000
G1 X109.260 Y132.570 E1.23684 F4000
G1 X109.260 Y132.990 F12000
G1 X146.740 Y132.990 E1.23684 F4000
G1 X146.740 Y133.410 F12000
G1 X109.260 Y133.410 E1.23684 F4000
G1 X109.260 Y133.830 F12000
G1 X146.740 Y133.830 E1.23684 F4000
G1 X146.740 Y134.250 F12000
G1 X109.260 Y134.250 E1.23684 F4000
G1 X109.260 Y134.670 F12000
G1 X146.740 Y134.670 E1.23684 F4000
G1 X146.740 Y135.090 F12000
G1 X109.260 Y135.090 E1.23684 F4000
G1 X109.260 Y135.510 F12000
G1 X146.740 Y135.510 E1.23684 F4000
G1 X146.740 Y135.930 F12000
G1 X109.260 Y135.930 E1.23684 F4000
G1 X109.260 Y136.350 F12000
G1 X146.740 Y136.350 E1.23684 F4000
G1 X146.740 Y136.770 F12000
G1 X109.260 Y136.770 E1.23684 F4000
G1 X109.260 Y137.190 F12000
G1 X146.740 Y137.190 E1.23684 F4000
G1 X146.740 Y137.610 F12000
G1 X109.260 Y137.610 E1.23684 F4000
G1 X109.260 Y138.030 F12000
G1 X146.740 Y138.030 E1.23684 F4000
G1 X146.740 Y138.450 F12000
G1 X109.260 Y138.450 E1.23684 F4000
G1 X109.260 Y138.870 F12000
G1 X146.740 Y138.870 E1.23684 F4000
G1 X146.740 Y139.290 F12000
G1 X109.260 Y139.290 E1.23684 F4000
G1 X109.260 Y139.710 F12000
G1 X146.740 Y139.710 E1.23684 F4000
G1 X146.740 Y140.130 F12000
G1 X109.260 Y140.130 E1.23684 F4000
G1 X109.260 Y140.550 F12000
G1 X146.740 Y140.550 E1.23684 F4000
G1 X146.740 Y140.970 F12000
G1 X109.260 Y140.970 E1.23684 F4000
G1 X109.260 Y141.390 F12000
G1 X146.740 Y141.390 E1.23684 F4000
G1 X146.740 Y141.810 F12000
G1 X109.260 Y141.810 E1.23684 F4000
G1 X109.260 Y142.230 F12000
G1 X146.740 Y142.230 E1.23684 F4000
G1 X146.740 Y142.650 F12000
G1 X109.260 Y142.650 E1.23684 F4000
G1 X109.260 Y143.070 F12000
G1 X146.740 Y143.070 E1.23684 F4000
G1 X146.740 Y143.490 F12000
G1 X109.260 Y143.490 E1.23684 F4000
G1 X109.260 Y143.910 F12000
G1 X146.740 Y143.910 E1.23684 F4000
G1 X146.740 Y144.330 F12000
G1 X109.260 Y144.330 E1.23684 F4000
G1 X109.260 Y144.750 F12000
G1 X146.740 Y144.750 E1.23684 F4000
G1 X146.740 Y145.170 F12000
G1 X109.260 Y145.170 E1.23684 F4000
G1 X109.260 Y145.590 F12000
G1 X146.740 Y145.590 E1.23684 F4000
G1 X146.740 Y146.010 F12000
G1 X109.260 Y146.010 E1.23684 F4000
G1 X109.260 Y146.430 F12000
G1 X146.740 Y146.430 E1.23684 F4000
; CHANGE_LAYER
; Z_HEIGHT: 0.8
; LAYER_HEIGHT: 0.2
; LINE_WIDTH: 0.42
G1 E-.8 F1800
G1 Z1.200 F600
G1 Z0.800
G1 E.8 F1800
G1 X108.210 Y108.210 F12000
; FEATURE: Outer wall
G1 X147.790 Y108.210 E1.30614 F3000
G1 X147.790 Y147.790 E1.30614 F3000
G1 X108.210 Y147.790 E1.30614 F3000
G1 X108.210 Y108.210 E1.30614 F3000
G1 X108.630 Y108.630 F12000
; FEATURE: Inner wall
G1 X147.370 Y108.630 E1.27842 F3000
G1 X147.370 Y147.370 E1.27842 F3000
G1 X108.630 Y147.370 E1.27842 F3000
G1 X108.630 Y108.630 E1.27842 F3000
G1 X109.050 Y109.050 F12000
; FEATURE: Inner wall
G1 X146.950 Y109.050 E1.25070 F3000
G1 X146.950 Y146.950 E1.25070 F3000
G1 X109.050 Y146.950 E1.25070 F3000
G1 X109.050 Y109.050 E1.25070 F3000
; FEATURE: Internal solid infill
G1 X109.260 Y109.470 F12000
G1 X146.740 Y109.470 E1.23684 F4000
G1 X146.740 Y109.890 F12000
G1 X109.260 Y109.890 E1.23684 F4000
G1 X109.260 Y110.310 F12000
G1 X146.740 Y110.310 E1.23684 F4000
G1 X146.740 Y110.730 F12000
G1 X109.260 Y110.730 E1.23684 F4000
G1 X109.260 Y111.150 F12000
G1 X146.740 Y111.150 E1.23684 F4000
G1 X146.740 Y111.570 F12000
G1 X109.260 Y111.570 E1.23684 F4000
G1 X109.260 Y111.990 F12000
G1 X146.740 Y111.990 E1.23684 F4000
G1 X146.740 Y112.410 F12000
G1 X109.260 Y112.410 E1.23684 F4000
G1 X109.260 Y112.830 F12000
G1 X146.740 Y112.830 E1.23684 F4000
G1 X146.740 Y113.250 F12000
G1 X109.260 Y113.250 E1.23684 F4000
G1 X109.260 Y113.670 F12000
G1 X146.740 Y113.670 E1.23684 F4000
G1 X146.740 Y114.090 F12000
G1 X109.260 Y114.090 E1.23684 F4000
G1 X109.260 Y114.510 F12000
G1 X146.740 Y114.510 E1.23684 F4000
G1 X146.740 Y114.930 F12000
G1 X109.260 Y114.930 E1.23684 F4000
G1 X109.260 Y115.350 F12000
G1 X146.740 Y115.350 E1.23684 F4000
G1 X146.740 Y115.770 F12000
G1 X109.260 Y115.770 E1.23684 F4000
G1 X109.260 Y116.190 F12000
G1 X146.740 Y116.190 E1.23684 F4000
G1 X146.740 Y116.610 F12000
G1 X109.260 Y116.610 E1.23684 F4000
G1 X109.260 Y117.030 F12000
G1 X146.740 Y117.030 E1.23684 F4000
G1 X146.740 Y117.450 F12000
G1 X109.260 Y117.450 E1.23684 F4000
G1 X109.260 Y117.870 F12000
G1 X146.740 Y117.870 E1.23684 F4000
G1 X146.740 Y118.290 F12000
G1 X109.260 Y118.290 E1.23684 F4000
G1 X109.260 Y118.710 F12000
G1 X146.740 Y118.710 E1.23684 F4000
G1 X146.740 Y119.130 F12000
G1 X109.260 Y119.130 E1.23684 F4000
G1 X109.260 Y119.550 F12000
G1 X146.740 Y119.550 E1.23684 F4000
G1 X146.740 Y119.970 F12000
G1 X109.260 Y119.970 E1.23684 F4000
G1 X109.260 Y120.390 F12000
G1 X146.740 Y120.390 E1.23684 F4000
G1 X146.740 Y120.810 F12000
G1 X109.260 Y120.810 E1.23684 F4000
G1 X109.260 Y121.230 F12000
G1 X146.740 Y121.230 E1.23684 F4000
G1 X146.740 Y121.650 F12000
G1 X109.260 Y121.650 E1.23684 F4000
G1 X109.260 Y122.070 F12000
G1 X146.740 Y122.070 E1.23684 F4000
G1 X146.740 Y122.490 F12000
G1 X109.260 Y122.490 E1.23684 F4000
G1 X109.260 Y122.910 F12000
G1 X146.740 Y122.910 E1.23684 F4000
G1 X146.740 Y123.330 F12000
G1 X109.260 Y123.330 E1.23684 F4000
G1 X109.260 Y123.750 F12000
G1 X146.740 Y123.750 E1.23684 F4000
G1 X146.740 Y124.170 F12000
G1 X109.260 Y124.170 E1.23684 F4000
G1 X109.260 Y124.590 F12000
G1 X146.740 Y124.590 E1.23684 F4000
G1 X146.740 Y125.010 F12000
G1 X109.260 Y125.010 E1.23684 F4000
G1 X109.260 Y125.430 F12000
G1 X146.740 Y125.430 E1.23684 F4000
G1 X146.740 Y125.850 F12000
G1 X109.260 Y125.850 E1.23684 F4000
G1 X109.260 Y126.270 F12000
G1 X146.740 Y126.270 E1.23684 F4000
G1 X146.740 Y126.690 F12000
G1 X109.260 Y126.690 E1.23684 F4000
G1 X109.260 Y127.110 F12000
G1 X146.740 Y127.110 E1.23684 F4000
G1 X146.740 Y127.530 F12000
G1 X109.260 Y127.530 E1.23684 F4000
G1 X109.260 Y127.950 F12000
G1 X146.740 Y127.950 E1.23684 F4000
G1 X146.740 Y128.370 F12000
G1 X109.260 Y128.370 E1.23684 F4000
G1 X109.260 Y128.790 F12000
G1 X146.740 Y128.790 E1.23684 F4000
G1 X146.740 Y129.210 F12000
G1 X109.260 Y129.210 E1.23684 F4000
G1 X109.260 Y129.630 F12000
G1 X146.740 Y129.630 E1.23684 F4000
G1 X146.740 Y130.050 F12000
G1 X109.260 Y130.050 E1.23684 F4000
G1 X109.260 Y130.470 F12000
G1 X146.740 Y130.470 E1.23684 F4000
G1 X146.740 Y130.890 F12000
G1 X109.260 Y130.890 E1.23684 F4000
G1 X109.260 Y131.310 F12000
G1 X146.740 Y131.310 E1.23684 F4000
G1 X146.740 Y131.730 F12000
G1 X109.260 Y131.730 E1.23684 F4000
G1 X109.260 Y132.150 F12000
G1 X146.740 Y132.150 E1.23684 F4000
G1 X146.740 Y132.570 F12000
G1 X109.260 Y132.570 E1.23684 F4000
G1 X109.260 Y132.990 F12000
G1 X146.740 Y132.990 E1.23684 F4000
G1 X146.740 Y133.410 F12000
G1 X109.260 Y133.410 E1.23684 F4000
G1 X109.260 Y133.830 F12000
G1 X146.740 Y133.830 E1.23684 F4000
G1 X146.740 Y134.250 F12000
G1 X109.260 Y134.250 E1.23684 F4000
G1 X109.260 Y134.670 F12000
G1 X146.740 Y134.670 E1.23684 F4000
G1 X146.740 Y135.090 F12000
G1 X109.260 Y135.090 E1.23684 F4000
G1 X109.260 Y135.510 F12000
G1 X146.740 Y135.510 E1.23684 F4000
G1 X146.740 Y135.930 F12000
G1 X109.260 Y135.930 E1.23684 F4000
G1 X109.260 Y136.350 F12000
G1 X146.740 Y136.350 E1.23684 F4000
G1 X146.740 Y136.770 F12000
G1 X109.260 Y136.770 E1.23684 F4000
G1 X109.260 Y137.190 F12000
G1 X146.740 Y137.190 E1.23684 F4000
G1 X146.740 Y137.610 F12000
G1 X109.260 Y137.610 E1.23684 F4000
G1 X109.260 Y138.030 F12000
G1 X146.740 Y138.030 E1.23684 F4000
G1 X146.740 Y138.450 F12000
G1 X109.260 Y138.450 E1.23684 F4000
G1 X109.260 Y138.870 F12000
G1 X146.740 Y138.870 E1.23684 F4000
G1 X146.740 Y139.290 F12000
G1 X109.260 Y139.290 E1.23684 F4000
G1 X109.260 Y139.710 F12000
G1 X146.740 Y139.710 E1.23684 F4000
G1 X146.740 Y140.130 F12000
G1 X109.260 Y140.130 E1.23684 F4000
G1 X109.260 Y140.550 F12000
G1 X146.740 Y140.550 E1.23684 F4000
G1 X146.740 Y140.970 F12000
G1 X109.260 Y140.970 E1.23684 F4000
G1 X109.260 Y141.390 F12000
G1 X146.740 Y141.390 E1.23684 F4000
G1 X146.740 Y141.810 F12000
G1 X109.260 Y141.810 E1.23684 F4000
G1 X109.260 Y142.230 F12000
G1 X146.740 Y142.230 E1.23684 F4000
G1 X146.740 Y142.650 F12000
G1 X109.260 Y142.650 E1.23684 F4000
G1 X109.260 Y143.070 F12000
G1 X146.740 Y143.070 E1.23684 F4000
G1 X146.740 Y143.490 F12000
G1 X109.260 Y143.490 E1.23684 F4000
G1 X109.260 Y143.910 F12000
G1 X146.740 Y143.910 E1.23684 F4000
G1 X146.740 Y144.330 F12000
G1 X109.260 Y144.330 E1.23684 F4000
G1 X109.260 Y144.750 F12000
G1 X146.740 Y144.750 E1.23684 F4000
G1 X146.740 Y145.170 F12000
G1 X109.260 Y145.170 E1.23684 F4000
G1 X109.260 Y145.590 F12000
G1 X146.740 Y145.590 E1.23684 F4000
G1 X146.740 Y146.010 F12000
G1 X109.260 Y146.010 E1.23684 F4000
G1 X109.260 Y146.430 F12000
G1 X146.740 Y146.430 E1.23684 F4000
; CHANGE_LAYER
; Z_HEIGHT: 1.0
; LAYER_HEIGHT: 0.2
; LINE_WIDTH: 0.42
G1 E-.8 F1800
G1 Z1.400 F600
G1 Z1.000
G1 E.8 F1800
G1 X108.210 Y108.210 F12000
; FEATURE: Outer wall
G1 X147.790 Y108.210 E1.30614 F3000
G1 X147.790 Y147.790 E1.30614 F3000
G1 X108.210 Y147.790 E1.30614 F3000
G1 X108.210 Y108.210 E1.30614 F3000
G1 X108.630 Y108.630 F12000
; FEATURE: Inner wall
G1 X147.370 Y108.630 E1.27842 F3000
G1 X147.370 Y147.370 E1.27842 F3000
G1 X108.630 Y147.370 E1.27842 F3000
G1 X108.630 Y108.630 E1.27842 F3000
G1 X109.050 Y109.050 F12000
; FEATURE: Inner wall
G1 X146.950 Y109.050 E1.25070 F3000
G1 X146.950 Y146.950 E1.25070 F3000
G1 X109.050 Y146.950 E1.25070 F3000
G1 X109.050 Y109.050 E1.25070 F3000
; FEATURE: Internal solid infill
G1 X109.260 Y109.470 F12000
G1 X146.740 Y109.470 E1.23684 F4000
G1 X146.740 Y109.890 F12000
G1 X109.260 Y109.890 E1.23684 F4000
G1 X109.260 Y110.310 F12000
G1 X146.740 Y110.310 E1.23684 F4000
G1 X146.740 Y110.730 F12000
G1 X109.260 Y110.730 E1.23684 F4000
G1 X109.260 Y111.150 F12000
G1 X146.740 Y111.150 E1.23684 F4000
G1 X146.740 Y111.570 F12000
G1 X109.260 Y111.570 E1.23684 F4000
G1 X109.260 Y111.990 F12000
G1 X146.740 Y111.990 E1.23684 F4000
G1 X146.740 Y112.410 F12000
G1 X109.260 Y112.410 E1.23684 F4000
G1 X109.260 Y112.830 F12000
G1 X146.740 Y112.830 E1.23684 F4000
G1 X146.740 Y113.250 F12000
G1 X109.260 Y113.250 E1.23684 F4000
G1 X109.260 Y113.670 F12000
G1 X146.740 Y113.670 E1.23684 F4000
G1 X146.740 Y114.090 F12000
G1 X109.260 Y114.090 E1.23684 F4000
G1 X109.260 Y114.510 F12000
G1 X146.740 Y114.510 E1.23684 F4000
G1 X146.740 Y114.930 F12000
G1 X109.260 Y114.930 E1.23684 F4000
G1 X109.260 Y115.350 F12000
G1 X146.740 Y115.350 E1.23684 F4000
G1 X146.740 Y115.770 F12000
G1 X109.260 Y115.770 E1.23684 F4000
G1 X109.260 Y116.190 F12000
G1 X146.740 Y116.190 E1.23684 F4000
G1 X146.740 Y116.610 F12000
G1 X109.260 Y116.610 E1.23684 F4000
G1 X109.260 Y117.030 F12000
G1 X146.740 Y117.030 E1.23684 F4000
G1 X146.740 Y117.450 F12000
G1 X109.260 Y117.450 E1.23684 F4000
G1 X109.260 Y117.870 F12000
G1 X146.740 Y117.870 E1.23684 F4000
G1 X146.740 Y118.290 F12000
G1 X109.260 Y118.290 E1.23684 F4000
G1 X109.260 Y118.710 F12000
G1 X146.740 Y118.710 E1.23684 F4000
G1 X146.740 Y119.130 F12000
G1 X109.260 Y119.130 E1.23684 F4000
G1 X109.260 Y119.550 F12000
G1 X146.740 Y119.550 E1.23684 F4000
G1 X146.740 Y119.970 F12000
G1 X109.260 Y119.970 E1.23684 F4000
G1 X109.260 Y120.390 F12000
G1 X146.740 Y120.390 E1.23684 F4000
G1 X146.740 Y120.810 F12000
G1 X109.260 Y120.810 E1.23684 F4000
G1 X109.260 Y121.230 F12000
G1 X146.740 Y121.230 E1.23684 F4000
G1 X146.740 Y121.650 F12000
G1 X109.260 Y121.650 E1.23684 F4000
G1 X109.260 Y122.070 F12000
G1 X146.740 Y122.070 E1.23684 F4000
G1 X146.740 Y122.490 F12000
G1 X109.260 Y122.490 E1.23684 F4000
G1 X109.260 Y122.910 F12000
G1 X146.740 Y122.910 E1.23684 F4000
G1 X146.740 Y123.330 F12000
G1 X109.260 Y123.330 E1.23684 F4000
G1 X109.260 Y123.750 F12000
G1 X146.740 Y123.750 E1.23684 F4000
G1 X146.740 Y124.170 F12000
G1 X109.260 Y124.170 E1.23684 F4000
G1 X109.260 Y124.590 F12000
G1 X146.740 Y124.590 E1.23684 F4000
G1 X146.740 Y125.010 F12000
G1 X109.260 Y125.010 E1.23684 F4000
G1 X109.260 Y125.430 F12000
G1 X146.740 Y125.430 E1.23684 F4000
G1 X146.740 Y125.850 F12000
G1 X109.260 Y125.850 E1.23684 F4000
G1 X109.260 Y126.270 F12000
G1 X146.740 Y126.270 E1.23684 F4000
G1 X146.740 Y126.690 F12000
G1 X109.260 Y126.690 E1.23684 F4000
G1 X109.260 Y127.110 F12000
G1 X146.740 Y127.110 E1.23684 F4000
G1 X146.740 Y127.530 F12000
G1 X109.260 Y127.530 E1.23684 F4000
G1 X109.260 Y127.950 F12000
G1 X146.740 Y127.950 E1.23684 F4000
G1 X146.740 Y128.370 F12000
G1 X109.260 Y128.370 E1.23684 F4000
G1 X109.260 Y128.790 F12000
G1 X146.740 Y128.790 E1.23684 F4000
G1 X146.740 Y129.210 F12000
G1 X109.260 Y129.210 E1.23684 F4000
G1 X109.260 Y129.630 F12000
G1 X146.740 Y129.630 E1.23684 F4000
G1 X146.740 Y130.050 F12000
G1 X109.260 Y130.050 E1.23684 F4000
G1 X109.260 Y130.470 F12000
G1 X146.740 Y130.470 E1.23684 F4000
G1 X146.740 Y130.890 F12000
G1 X109.260 Y130.890 E1.23684 F4000
G1 X109.260 Y131.310 F12000
G1 X146.740 Y131.310 E1.23684 F4000
G1 X146.740 Y131.730 F12000
G1 X109.260 Y131.730 E1.23684 F4000
G1 X109.260 Y132.150 F12000
G1 X146.740 Y132.150 E1.23684 F4000
G1 X146.740 Y132.570 F12000
G1 X109.260 Y132.570 E1.23684 F4000
G1 X109.260 Y132.990 F12000
G1 X146.740 Y132.990 E1.23684 F4000
G1 X146.740 Y133.410 F12000
G1 X109.260 Y133.410 E1.23684 F4000
G1 X109.260 Y133.830 F12000
G1 X146.740 Y133.830 E1.23684 F4000
G1 X146.740 Y134.250 F12000
G1 X109.260 Y134.250 E1.23684 F4000
G1 X109.260 Y134.670 F12000
G1 X146.740 Y134.670 E1.23684 F4000
G1 X146.740 Y135.090 F12000
G1 X109.260 Y135.090 E1.23684 F4000
G1 X109.260 Y135.510 F12000
G1 X146.740 Y135.510 E1.23684 F4000
G1 X146.740 Y135.930 F12000
G1 X109.260 Y135.930 E1.23684 F4000
G1 X109.260 Y136.350 F12000
G1 X146.740 Y136.350 E1.23684 F4000
G1 X146.740 Y136.770 F12000
G1 X109.260 Y136.770 E1.23684 F4000
G1 X109.260 Y137.190 F12000
G1 X146.740 Y137.190 E1.23684 F4000
G1 X146.740 Y137.610 F12000
G1 X109.260 Y137.610 E1.23684 F4000
G1 X109.260 Y138.030 F12000
G1 X146.740 Y138.030 E1.23684 F4000
G1 X146.740 Y138.450 F12000
G1 X109.260 Y138.450 E1.23684 F4000
G1 X109.260 Y138.870 F12000
G1 X146.740 Y138.870 E1.23684 F4000
G1 X146.740 Y139.290 F12000
G1 X109.260 Y139.290 E1.23684 F4000
G1 X109.260 Y139.710 F12000
G1 X146.740 Y139.710 E1.23684 F4000
G1 X146.740 Y140.130 F12000
G1 X109.260 Y140.130 E1.23684 F4000
G1 X109.260 Y140.550 F12000
G1 X146.740 Y140.550 E1.23684 F4000
G1 X146.740 Y140.970 F12000
G1 X109.260 Y140.970 E1.23684 F4000
G1 X109.260 Y141.390 F12000
G1 X146.740 Y141.390 E1.23684 F4000
G1 X146.740 Y141.810 F12000
G1 X109.260 Y141.810 E1.23684 F4000
G1 X109.260 Y142.230 F12000
G1 X146.740 Y142.230 E1.23684 F4000
G1 X146.740 Y142.650 F12000
G1 X109.260 Y142.650 E1.23684 F4000
G1 X109.260 Y143.070 F12000
G1 X146.740 Y143.070 E1.23684 F4000
G1 X146.740 Y143.490 F12000
G1 X109.260 Y143.490 E1.23684 F4000
G1 X109.260 Y143.910 F12000
G1 X146.740 Y143.910 E1.23684 F4000
G1 X146.740 Y144.330 F12000
G1 X109.260 Y144.330 E1.23684 F4000
G1 X109.260 Y144.750 F12000
G1 X146.740 Y144.750 E1.23684 F4000
G1 X146.740 Y145.170 F12000
G1 X109.260 Y145.170 E1.23684 F4000
G1 X109.260 Y145.590 F12000
G1 X146.740 Y145.590 E1.23684 F4000
G1 X146.740 Y146.010 F12000
G1 X109.260 Y146.010 E1.23684 F4000
G1 X109.260 Y146.430 F12000
G1 X146.740 Y146.430 E1.23684 F4000
; CHANGE_LAYER
; Z_HEIGHT: 1.2
; LAYER_HEIGHT: 0.2
; LINE_WIDTH: 0.42
G1 E-.8 F1800
G1 Z1.600 F600
G1 Z1.200
G1 E.8 F1800
G1 X108.210 Y108.210 F12000
; FEATURE: Outer wall
G1 X147.790 Y108.210 E1.30614 F3000
G1 X147.790 Y147.790 E1.30614 F3000
G1 X108.210 Y147.790 E1.30614 F3000
G1 X108.210 Y108.210 E1.30614 F3000
G1 X108.630 Y108.630 F12000
; FEATURE: Inner wall
G1 X147.370 Y108.630 E1.27842 F3000
G1 X147.370 Y147.370 E1.27842 F3000
G1 X108.630 Y147.370 E1.27842 F3000
G1 X108.630 Y108.630 E1.27842 F3000
G1 X109.050 Y109.050 F12000
; FEATURE: Inner wall
G1 X146.950 Y109.050 E1.25070 F3000
G1 X146.950 Y146.950 E1.25070 F3000
G1 X109.050 Y146.950 E1.25070 F3000
G1 X109.050 Y109.050 E1.25070 F3000
; FEATURE: Internal solid infill
G1 X109.260 Y109.470 F12000
G1 X146.740 Y109.470 E1.23684 F4000
G1 X146.740 Y109.890 F12000
G1 X109.260 Y109.890 E1.23684 F4000
G1 X109.260 Y110.310 F12000
G1 X146.740 Y110.310 E1.23684 F4000
G1 X146.740 Y110.730 F12000
G1 X109.260 Y110.730 E1.23684 F4000
G1 X109.260 Y111.150 F12000
G1 X146.740 Y111.150 E1.23684 F4000
G1 X146.740 Y111.570 F12000
G1 X109.260 Y111.570 E1.23684 F4000
G1 X109.260 Y111.990 F12000
G1 X146.740 Y111.990 E1.23684 F4000
G1 X146.740 Y112.410 F12000
G1 X109.260 Y112.410 E1.23684 F4000
G1 X109.260 Y112.830 F12000
G1 X146.740 Y112.830 E1.23684 F4000
G1 X146.740 Y113.250 F12000
G1 X109.260 Y113.250 E1.23684 F4000
G1 X109.260 Y113.670 F12000
G1 X146.740 Y113.670 E1.23684 F4000
G1 X146.740 Y114.090 F12000
G1 X109.260 Y114.090 E1.23684 F4000
G1 X109.260 Y114.510 F12000
G1 X146.740 Y114.510 E1.23684 F4000
G1 X146.740 Y114.930 F12000
G1 X109.260 Y114.930 E1.23684 F4000
G1 X109.260 Y115.350 F12000
G1 X146.740 Y115.350 E1.23684 F4000
G1 X146.740 Y115.770 F12000
G1 X109.260 Y115.770 E1.23684 F4000
G1 X109.260 Y116.190 F12000
G1 X146.740 Y116.190 E1.23684 F4000
G1 X146.740 Y116.610 F12000
G1 X109.260 Y116.610 E1.23684 F4000
G1 X109.260 Y117.030 F12000
G1 X146.740 Y117.030 E1.23684 F4000
G1 X146.740 Y117.450 F12000
G1 X109.260 Y117.450 E1.23684 F4000
G1 X109.260 Y117.870 F12000
G1 X146.740 Y117.870 E1.23684 F4000
G1 X146.740 Y118.290 F12000
G1 X109.260 Y118.290 E1.23684 F4000
G1 X109.260 Y118.710 F12000
G1 X146.740 Y118.710 E1.23684 F4000
G1 X146.740 Y119.130 F12000
G1 X109.260 Y119.130 E1.23684 F4000
G1 X109.260 Y119.550 F12000
G1 X146.740 Y119.550 E1.23684 F4000
G1 X146.740 Y119.970 F12000
G1 X109.260 Y119.970 E1.23684 F4000
G1 X109.260 Y120.390 F12000
G1 X146.740 Y120.390 E1.23684 F4000
G1 X146.740 Y120.810 F12000
G1 X109.260 Y120.810 E1.23684 F4000
G1 X109.260 Y121.230 F12000
G1 X146.740 Y121.230 E1.23684 F4000
G1 X146.740 Y121.650 F12000
G1 X109.260 Y121.650 E1.23684 F4000
G1 X109.260 Y122.070 F12000
G1 X146.740 Y122.070 E1.23684 F4000
G1 X146.740 Y122.490 F12000
G1 X109.260 Y122.490 E1.23684 F4000
G1 X109.260 Y122.910 F12000
G1 X146.740 Y122.910 E1.23684 F4000
G1 X146.740 Y123.330 F12000
G1 X109.260 Y123.330 E1.23684 F4000
G1 X109.260 Y123.750 F12000
G1 X146.740 Y123.750 E1.23684 F4000
G1 X146.740 Y124.170 F12000
G1 X109.260 Y124.170 E1.23684 F4000
G1 X109.260 Y124.590 F12000
G1 X146.740 Y124.590 E1.23684 F4000
G1 X146.740 Y125.010 F12000
G1 X109.260 Y125.010 E1.23684 F4000
G1 X109.260 Y125.430 F12000
G1 X146.740 Y125.430 E1.23684 F4000
G1 X146.740 Y125.850 F12000
G1 X109.260 Y125.850 E1.23684 F4000
G1 X109.260 Y126.270 F12000
G1 X146.740 Y126.270 E1.23684 F4000
G1 X146.740 Y126.690 F12000
G1 X109.260 Y126.690 E1.23684 F4000
G1 X109.260 Y127.110 F12000
G1 X146.740 Y127.110 E1.23684 F4000
G1 X146.740 Y127.530 F12000
G1 X109.260 Y127.530 E1.23684 F4000
G1 X109.260 Y127.950 F12000
G1 X146.740 Y127.950 E1.23684 F4000
G1 X146.740 Y128.370 F12000
G1 X109.260 Y128.370 E1.23684 F4000
G1 X109.260 Y128.790 F12000
G1 X146.740 Y128.790 E1.23684 F4000
G1 X146.740 Y129.210 F12000
G1 X109.260 Y129.210 E1.23684 F4000
G1 X109.260 Y129.630 F12000
G1 X146.740 Y129.630 E1.23684 F4000
G1 X146.740 Y130.050 F12000
G1 X109.260 Y130.050 E1.23684 F4000
G1 X109.260 Y130.470 F12000
G1 X146.740 Y130.470 E1.23684 F4000
G1 X146.740 Y130.890 F12000
G1 X109.260 Y130.890 E1.23684 F4000
G1 X109.260 Y131.310 F12000
G1 X146.740 Y131.310 E1.23684 F4000
G1 X146.740 Y131.730 F12000
G1 X109.260 Y131.730 E1.23684 F4000
G1 X109.260 Y132.150 F12000
G1 X146.740 Y132.150 E1.23684 F4000
G1 X146.740 Y132.570 F12000
G1 X109.260 Y132.570 E1.23684 F4000
G1 X109.260 Y132.990 F12000
G1 X146.740 Y132.990 E1.23684 F4000
G1 X146.740 Y133.410 F12000
G1 X109.260 Y133.410 E1.23684 F4000
G1 X109.260 Y133.830 F12000
G1 X146.740 Y133.830 E1.23684 F4000
G1 X146.740 Y134.250 F12000
G1 X109.260 Y134.250 E1.23684 F4000
G1 X109.260 Y134.670 F12000
G1 X146.740 Y134.670 E1.23684 F4000
G1 X146.740 Y135.090 F12000
G1 X109.260 Y135.090 E1.23684 F4000
G1 X109.260 Y135.510 F12000
G1 X146.740 Y135.510 E1.23684 F4000
G1 X146.740 Y135.930 F12000
G1 X109.260 Y135.930 E1.23684 F4000
G1 X109.260 Y136.350 F12000
G1 X146.740 Y136.350 E1.23684 F4000
G1 X146.740 Y136.770 F12000
G1 X109.260 Y136.770 E1.23684 F4000
G1 X109.260 Y137.190 F12000
G1 X146.740 Y137.190 E1.23684 F4000
G1 X146.740 Y137.610 F12000
G1 X109.260 Y137.610 E1.23684 F4000
G1 X109.260 Y138.030 F12000
G1 X146.740 Y138.030 E1.23684 F4000
G1 X146.740 Y138.450 F12000
G1 X109.260 Y138.450 E1.23684 F4000
G1 X109.260 Y138.870 F12000
G1 X146.740 Y138.870 E1.23684 F4000
G1 X146.740 Y139.290 F12000
G1 X109.260 Y139.290 E1.23684 F4000
G1 X109.260 Y139.710 F12000
G1 X146.740 Y139.710 E1.23684 F4000
G1 X146.740 Y140.130 F12000
G1 X109.260 Y140.130 E1.23684 F4000
G1 X109.260 Y140.550 F12000
G1 X146.740 Y140.550 E1.23684 F4000
G1 X146.740 Y140.970 F12000
G1 X109.260 Y140.970 E1.23684 F4000
G1 X109.260 Y141.390 F12000
G1 X146.740 Y141.390 E1.23684 F4000
G1 X146.740 Y141.810 F12000
G1 X109.260 Y141.810 E1.23684 F4000
G1 X109.260 Y142.230 F12000
G1 X146.740 Y142.230 E1.23684 F4000
G1 X146.740 Y142.650 F12000
G1 X109.260 Y142.650 E1.23684 F4000
G1 X109.260 Y143.070 F12000
G1 X146.740 Y143.070 E1.23684 F4000
G1 X146.740 Y143.490 F12000
G1 X109.260 Y143.490 E1.23684 F4000
G1 X109.260 Y143.910 F12000
G1 X146.740 Y143.910 E1.23684 F4000
G1 X146.740 Y144.330 F12000
G1 X109.260 Y144.330 E1.23684 F4000
G1 X109.260 Y144.750 F12000
G1 X146.740 Y144.750 E1.23684 F4000
G1 X146.740 Y145.170 F12000
G1 X109.260 Y145.170 E1.23684 F4000
G1 X109.260 Y145.590 F12000
G1 X146.740 Y145.590 E1.23684 F4000
G1 X146.740 Y146.010 F12000
G1 X109.260 Y146.010 E1.23684 F4000
G1 X109.260 Y146.430 F12000
G1 X146.740 Y146.430 E1.23684 F4000
; CHANGE_LAYER
; Z_HEIGHT: 1.4
; LAYER_HEIGHT: 0.2
; LINE_WIDTH: 0.42
G1 E-.8 F1800
G1 Z1.800 F600
G1 Z1.400
G1 E.8 F1800
G1 X108.210 Y108.210 F12000
; FEATURE: Outer wall
G1 X147.790 Y108.210 E1.30614 F3000
G1 X147.790 Y147.790 E1.30614 F3000
G1 X108.210 Y147.790 E1.30614 F3000
G1 X108.210 Y108.210 E1.30614 F3000
G1 X108.630 Y108.630 F12000
; FEATURE: Inner wall
G1 X147.370 Y108.630 E1.27842 F3000
G1 X147.370 Y147.370 E1.27842 F3000
G1 X108.630 Y147.370 E1.27842 F3000
G1 X108.630 Y108.630 E1.27842 F3000
G1 X109.050 Y109.050 F12000
; FEATURE: Inner wall
G1 X146.950 Y109.050 E1.25070 F3000
G1 X146.950 Y146.950 E1.25070 F3000
G1 X109.050 Y146.950 E1.25070 F3000
G1 X109.050 Y109.050 E1.25070 F3000
; FEATURE: Internal solid infill
G1 X109.260 Y109.470 F12000
G1 X146.740 Y109.470 E1.23684 F4000
G1 X146.740 Y109.890 F12000
G1 X109.260 Y109.890 E1.23684 F4000
G1 X109.260 Y110.310 F12000
G1 X146.740 Y110.310 E1.23684 F4000
G1 X146.740 Y110.730 F12000
G1 X109.260 Y110.730 E1.23684 F4000
G1 X109.260 Y111.150 F12000
G1 X146.740 Y111.150 E1.23684 F4000
G1 X146.740 Y111.570 F12000
G1 X109.260 Y111.570 E1.23684 F4000
G1 X109.260 Y111.990 F12000
G1 X146.740 Y111.990 E1.23684 F4000
G1 X146.740 Y112.410 F12000
G1 X109.260 Y112.410 E1.23684 F4000
G1 X109.260 Y112.830 F12000
G1 X146.740 Y112.830 E1.23684 F4000
G1 X146.740 Y113.250 F12000
G1 X109.260 Y113.250 E1.23684 F4000
G1 X109.260 Y113.670 F12000
G1 X146.740 Y113.670 E1.23684 F4000
G1 X146.740 Y114.090 F12000
G1 X109.260 Y114.090 E1.23684 F4000
G1 X109.260 Y114.510 F12000
G1 X146.740 Y114.510 E1.23684 F4000
G1 X146.740 Y114.930 F12000
G1 X109.260 Y114.930 E1.23684 F4000
G1 X109.260 Y115.350 F12000
G1 X146.740 Y115.350 E1.23684 F4000
G1 X146.740 Y115.770 F12000
G1 X109.260 Y115.770 E1.23684 F4000
G1 X109.260 Y116.190 F12000
G1 X146.740 Y116.190 E1.23684 F4000
G1 X146.740 Y116.610 F12000
G1 X109.260 Y116.610 E1.23684 F4000
G1 X109.260 Y117.030 F12000
G1 X146.740 Y117.030 E1.23684 F4000
G1 X146.740 Y117.450 F12000
G1 X109.260 Y117.450 E1.23684 F4000
G1 X109.260 Y117.870 F12000
G1 X146.740 Y117.870 E1.23684 F4000
G1 X146.740 Y118.290 F12000
G1 X109.260 Y118.290 E1.23684 F4000
G1 X109.260 Y118.710 F12000
G1 X146.740 Y118.710 E1.23684 F4000
G1 X146.740 Y119.130 F12000
G1 X109.260 Y119.130 E1.23684 F4000
G1 X109.260 Y119.550 F12000
G1 X146.740 Y119.550 E1.23684 F4000
G1 X146.740 Y119.970 F12000
G1 X109.260 Y119.970 E1.23684 F4000
G1 X109.260 Y120.390 F12000
G1 X146.740 Y120.390 E1.23684 F4000
G1 X146.740 Y120.810 F12000
G1 X109.260 Y120.810 E1.23684 F4000
G1 X109.260 Y121.230 F12000
G1 X146.740 Y121.230 E1.23684 F4000
G1 X146.740 Y121.650 F12000
G1 X109.260 Y121.650 E1.23684 F4000
G1 X109.260 Y122.070 F12000
G1 X146.740 Y122.070 E1.23684 F4000
G1 X146.740 Y122.490 F12000
G1 X109.260 Y122.490 E1.23684 F4000
G1 X109.260 Y122.910 F12000
G1 X146.740 Y122.910 E1.23684 F4000
G1 X146.740 Y123.330 F12000
G1 X109.260 Y123.330 E1.23684 F4000
G1 X109.260 Y123.750 F12000
G1 X146.740 Y123.750 E1.23684 F4000
G1 X146.740 Y124.170 F12000
G1 X109.260 Y124.170 E1.23684 F4000
G1 X109.260 Y124.590 F12000
G1 X146.740 Y124.590 E1.23684 F4000
G1 X146.740 Y125.010 F12000
G1 X109.260 Y125.010 E1.23684 F4000
G1 X109.260 Y125.430 F12000
G1 X146.740 Y125.430 E1.23684 F4000
G1 X146.740 Y125.850 F12000
G1 X109.260 Y125.850 E1.23684 F4000
G1 X109.260 Y126.270 F12000
G1 X146.740 Y126.270 E1.23684 F4000
G1 X146.740 Y126.690 F12000
G1 X109.260 Y126.690 E1.23684 F4000
G1 X109.260 Y127.110 F12000
G1 X146.740 Y127.110 E1.23684 F4000
G1 X146.740 Y127.530 F12000
G1 X109.260 Y127.530 E1.23684 F4000
G1 X109.260 Y127.950 F12000
G1 X146.740 Y127.950 E1.23684 F4000
G1 X146.740 Y128.370 F12000
G1 X109.260 Y128.370 E1.23684 F4000
G1 X109.260 Y128.790 F12000
G1 X146.740 Y128.790 E1.23684 F4000
G1 X146.740 Y129.210 F12000
G1 X109.260 Y129.210 E1.23684 F4000
G1 X109.260 Y129.630 F12000
G1 X146.740 Y129.630 E1.23684 F4000
G1 X146.740 Y130.050 F12000
G1 X109.260 Y130.050 E1.23684 F4000
G1 X109.260 Y130.470 F12000
G1 X146.740 Y130.470 E1.23684 F4000
G1 X146.740 Y130.890 F12000
G1 X109.260 Y130.890 E1.23684 F4000
G1 X109.260 Y131.310 F12000
G1 X146.740 Y131.310 E1.23684 F4000
G1 X146.740 Y131.730 F12000
G1 X109.260 Y131.730 E1.23684 F4000
G1 X109.260 Y132.150 F12000
G1 X146.740 Y132.150 E1.23684 F4000
G1 X146.740 Y132.570 F12000
G1 X109.260 Y132.570 E1.23684 F4000
G1 X109.260 Y132.990 F12000
G1 X146.740 Y132.990 E1.23684 F4000
G1 X146.740 Y133.410 F12000
G1 X109.260 Y133.410 E1.23684 F4000
G1 X109.260 Y133.830 F12000
G1 X146.740 Y133.830 E1.23684 F4000
G1 X146.740 Y134.250 F12000
G1 X109.260 Y134.250 E1.23684 F4000
G1 X109.260 Y134.670 F12000
G1 X146.740 Y134.670 E1.23684 F4000
G1 X146.740 Y135.090 F12000
G1 X109.260 Y135.090 E1.23684 F4000
G1 X109.260 Y135.510 F12000
G1 X146.740 Y135.510 E1.23684 F4000
G1 X146.740 Y135.930 F12000
G1 X109.260 Y135.930 E1.23684 F4000
G1 X109.260 Y136.350 F12000
G1 X146.740 Y136.350 E1.23684 F4000
G1 X146.740 Y136.770 F12000
G1 X109.260 Y136.770 E1.23684 F4000
G1 X109.260 Y137.190 F12000
G1 X146.740 Y137.190 E1.23684 F4000
G1 X146.740 Y137.610 F12000
G1 X109.260 Y137.610 E1.23684 F4000
G1 X109.260 Y138.030 F12000
G1 X146.740 Y138.030 E1.23684 F4000
G1 X146.740 Y138.450 F12000
G1 X109.260 Y138.450 E1.23684 F4000
G1 X109.260 Y138.870 F12000
G1 X146.740 Y138.870 E1.23684 F4000
G1 X146.740 Y139.290 F12000
G1 X109.260 Y139.290 E1.23684 F4000
G1 X109.260 Y139.710 F12000
G1 X146.740 Y139.710 E1.23684 F4000
G1 X146.740 Y140.130 F12000
G1 X109.260 Y140.130 E1.23684 F4000
G1 X109.260 Y140.550 F12000
G1 X146.740 Y140.550 E1.23684 F4000
G1 X146.740 Y140.970 F12000
G1 X109.260 Y140.970 E1.23684 F4000
G1 X109.260 Y141.390 F12000
G1 X146.740 Y141.390 E1.23684 F4000
G1 X146.740 Y141.810 F12000
G1 X109.260 Y141.810 E1.23684 F4000
G1 X109.260 Y142.230 F12000
G1 X146.740 Y142.230 E1.23684 F4000
G1 X146.740 Y142.650 F12000
G1 X109.260 Y142.650 E1.23684 F4000
G1 X109.260 Y143.070 F12000
G1 X146.740 Y143.070 E1.23684 F4000
G1 X146.740 Y143.490 F12000
G1 X109.260 Y143.490 E1.23684 F4000
G1 X109.260 Y143.910 F12000
G1 X146.740 Y143.910 E1.23684 F4000
G1 X146.740 Y144.330 F12000
G1 X109.260 Y144.330 E1.23684 F4000
G1 X109.260 Y144.750 F12000
G1 X146.740 Y144.750 E1.23684 F4000
G1 X146.740 Y145.170 F12000
G1 X109.260 Y145.170 E1.23684 F4000
G1 X109.260 Y145.590 F12000
G1 X146.740 Y145.590 E1.23684 F4000
G1 X146.740 Y146.010 F12000
G1 X109.260 Y146.010 E1.23684 F4000
G1 X109.260 Y146.430 F12000
G1 X146.740 Y146.430 E1.23684 F4000
; CHANGE_LAYER
; Z_HEIGHT: 1.6
; LAYER_HEIGHT: 0.2
; LINE_WIDTH: 0.42
G1 E-.8 F1800
G1 Z2.000 F600
G1 Z1.600
G1 E.8 F1800
G1 X108.210 Y108.210 F12000
; FEATURE: Outer wall
G1 X147.790 Y108.210 E1.30614 F3000
G1 X147.790 Y147.790 E1.30614 F3000
G1 X108.210 Y147.790 E1.30614 F3000
G1 X108.210 Y108.210 E1.30614 F3000
G1 X108.630 Y108.630 F12000
; FEATURE: Inner wall
G1 X147.370 Y108.630 E1.27842 F3000
G1 X147.370 Y147.370 E1.27842 F3000
G1 X108.630 Y147.370 E1.27842 F3000
G1 X108.630 Y108.630 E1.27842 F3000
G1 X109.050 Y109.050 F12000
; FEATURE: Inner wall
G1 X146.950 Y109.050 E1.25070 F3000
G1 X146.950 Y146.950 E1.25070 F3000
G1 X109.050 Y146.950 E1.25070 F3000
G1 X109.050 Y109.050 E1.25070 F3000
; FEATURE: Internal solid infill
G1 X109.260 Y109.470 F12000
G1 X146.740 Y109.470 E1.23684 F4000
G1 X146.740 Y109.890 F12000
G1 X109.260 Y109.890 E1.23684 F4000
G1 X109.260 Y110.310 F12000
G1 X146.740 Y110.310 E1.23684 F4000
G1 X146.740 Y110.730 F12000
G1 X109.260 Y110.730 E1.23684 F4000
G1 X109.260 Y111.150 F12000
G1 X146.740 Y111.150 E1.23684 F4000
G1 X146.740 Y111.570 F12000
G1 X109.260 Y111.570 E1.23684 F4000
G1 X109.260 Y111.990 F12000
G1 X146.740 Y111.990 E1.23684 F4000
G1 X146.740 Y112.410 F12000
G1 X109.260 Y112.410 E1.23684 F4000
G1 X109.260 Y112.830 F12000
G1 X146.740 Y112.830 E1.23684 F4000
G1 X146.740 Y113.250 F12000
G1 X109.260 Y113.250 E1.23684 F4000
G1 X109.260 Y113.670 F12000
G1 X146.740 Y113.670 E1.23684 F4000
G1 X146.740 Y114.090 F12000
G1 X109.260 Y114.090 E1.23684 F4000
G1 X109.260 Y114.510 F12000
G1 X146.740 Y114.510 E1.23684 F4000
G1 X146.740 Y114.930 F12000
G1 X109.260 Y114.930 E1.23684 F4000
G1 X109.260 Y115.350 F12000
G1 X146.740 Y115.350 E1.23684 F4000
G1 X146.740 Y115.770 F12000
G1 X109.260 Y115.770 E1.23684 F4000
G1 X109.260 Y116.190 F12000
G1 X146.740 Y116.190 E1.23684 F4000
G1 X146.740 Y116.610 F12000
G1 X109.260 Y116.610 E1.23684 F4000
G1 X109.260 Y117.030 F12000
G1 X146.740 Y117.030 E1.23684 F4000
G1 X146.740 Y117.450 F12000
G1 X109.260 Y117.450 E1.23684 F4000
G1 X109.260 Y117.870 F12000
G1 X146.740 Y117.870 E1.23684 F4000
G1 X146.740 Y118.290 F12000
G1 X109.260 Y118.290 E1.23684 F4000
G1 X109.260 Y118.710 F12000
G1 X146.740 Y118.710 E1.23684 F4000
G1 X146.740 Y119.130 F12000
G1 X109.260 Y119.130 E1.23684 F4000
G1 X109.260 Y119.550 F12000
G1 X146.740 Y119.550 E1.23684 F4000
G1 X146.740 Y119.970 F12000
G1 X109.260 Y119.970 E1.23684 F4000
G1 X109.260 Y120.390 F12000
G1 X146.740 Y120.390 E1.23684 F4000
G1 X146.740 Y120.810 F12000
G1 X109.260 Y120.810 E1.23684 F4000
G1 X109.260 Y121.230 F12000
G1 X146.740 Y121.230 E1.23684 F4000
G1 X146.740 Y121.650 F12000
G1 X109.260 Y121.650 E1.23684 F4000
G1 X109.260 Y122.070 F12000
G1 X146.740 Y122.070 E1.23684 F4000
G1 X146.740 Y122.490 F12000
G1 X109.260 Y122.490 E1.23684 F4000
G1 X109.260 Y122.910 F12000
G1 X146.740 Y122.910 E1.23684 F4000
G1 X146.740 Y123.330 F12000
G1 X109.260 Y123.330 E1.23684 F4000
G1 X109.260 Y123.750 F12000
G1 X146.740 Y123.750 E1.23684 F4000
G1 X146.740 Y124.170 F12000
G1 X109.260 Y124.170 E1.23684 F4000
G1 X109.260 Y124.590 F12000
G1 X146.740 Y124.590 E1.23684 F4000
G1 X146.740 Y125.010 F12000
G1 X109.260 Y125.010 E1.23684 F4000
G1 X109.260 Y125.430 F12000
G1 X146.740 Y125.430 E1.23684 F4000
G1 X146.740 Y125.850 F12000
G1 X109.260 Y125.850 E1.23684 F4000
G1 X109.260 Y126.270 F12000
G1 X146.740 Y126.270 E1.23684 F4000
G1 X146.740 Y126.690 F12000
G1 X109.260 Y126.690 E1.23684 F4000
G1 X109.260 Y127.110 F12000
G1 X146.740 Y127.110 E1.23684 F4000
G1 X146.740 Y127.530 F12000
G1 X109.260 Y127.530 E1.23684 F4000
G1 X109.260 Y127.950 F12000
G1 X146.740 Y127.950 E1.23684 F4000
G1 X146.740 Y128.370 F12000
G1 X109.260 Y128.370 E1.23684 F4000
G1 X109.260 Y128.790 F12000
G1 X146.740 Y128.790 E1.23684 F4000
G1 X146.740 Y129.210 F12000
G1 X109.260 Y129.210 E1.23684 F4000
G1 X109.260 Y129.630 F12000
G1 X146.740 Y129.630 E1.23684 F4000
G1 X146.740 Y130.050 F12000
G1 X109.260 Y130.050 E1.23684 F4000
G1 X109.260 Y130.470 F12000
G1 X146.740 Y130.470 E1.23684 F4000
G1 X146.740 Y130.890 F12000
G1 X109.260 Y130.890 E1.23684 F4000
G1 X109.260 Y131.310 F12000
G1 X146.740 Y131.310 E1.23684 F4000
G1 X146.740 Y131.730 F12000
G1 X109.260 Y131.730 E1.23684 F4000
G1 X109.260 Y132.150 F12000
G1 X146.740 Y132.150 E1.23684 F4000
G1 X146.740 Y132.570 F12000
G1 X109.260 Y132.570 E1.23684 F4000
G1 X109.260 Y132.990 F12000
G1 X146.740 Y132.990 E1.23684 F4000
G1 X146.740 Y133.410 F12000
G1 X109.260 Y133.410 E1.23684 F4000
G1 X109.260 Y133.830 F12000
G1 X146.740 Y133.830 E1.23684 F4000
G1 X146.740 Y134.250 F12000
G1 X109.260 Y134.250 E1.23684 F4000
G1 X109.260 Y134.670 F12000
G1 X146.740 Y134.670 E1.23684 F4000
G1 X146.740 Y135.090 F12000
G1 X109.260 Y135.090 E1.23684 F4000
G1 X109.260 Y135.510 F12000
G1 X146.740 Y135.510 E1.23684 F4000
G1 X146.740 Y135.930 F12000
G1 X109.260 Y135.930 E1.23684 F4000
G1 X109.260 Y136.350 F12000
G1 X146.740 Y136.350 E1.23684 F4000
G1 X146.740 Y136.770 F12000
G1 X109.260 Y136.770 E1.23684 F4000
G1 X109.260 Y137.190 F12000
G1 X146.740 Y137.190 E1.23684 F4000
G1 X146.740 Y137.610 F12000
G1 X109.260 Y137.610 E1.23684 F4000
G1 X109.260 Y138.030 F12000
G1 X146.740 Y138.030 E1.23684 F4000
G1 X146.740 Y138.450 F12000
G1 X109.260 Y138.450 E1.23684 F4000
G1 X109.260 Y138.870 F12000
G1 X146.740 Y138.870 E1.23684 F4000
G1 X146.740 Y139.290 F12000
G1 X109.260 Y139.290 E1.23684 F4000
G1 X109.260 Y139.710 F12000
G1 X146.740 Y139.710 E1.23684 F4000
G1 X146.740 Y140.130 F12000
G1 X109.260 Y140.130 E1.23684 F4000
G1 X109.260 Y140.550 F12000
G1 X146.740 Y140.550 E1.23684 F4000
G1 X146.740 Y140.970 F12000
G1 X109.260 Y140.970 E1.23684 F4000
G1 X109.260 Y141.390 F12000
G1 X146.740 Y141.390 E1.23684 F4000
G1 X146.740 Y141.810 F12000
G1 X109.260 Y141.810 E1.23684 F4000
G1 X109.260 Y142.230 F12000
G1 X146.740 Y142.230 E1.23684 F4000
G1 X146.740 Y142.650 F12000
G1 X109.260 Y142.650 E1.23684 F4000
G1 X109.260 Y143.070 F12000
G1 X146.740 Y143.070 E1.23684 F4000
G1 X146.740 Y143.490 F12000
G1 X109.260 Y143.490 E1.23684 F4000
G1 X109.260 Y143.910 F12000
G1 X146.740 Y143.910 E1.23684 F4000
G1 X146.740 Y144.330 F12000
G1 X109.260 Y144.330 E1.23684 F4000
G1 X109.260 Y144.750 F12000
G1 X146.740 Y144.750 E1.23684 F4000
G1 X146.740 Y145.170 F12000
G1 X109.260 Y145.170 E1.23684 F4000
G1 X109.260 Y145.590 F12000
G1 X146.740 Y145.590 E1.23684 F4000
G1 X146.740 Y146.010 F12000
G1 X109.260 Y146.010 E1.23684 F4000
G1 X109.260 Y146.430 F12000
G1 X146.740 Y146.430 E1.23684 F4000
; CHANGE_LAYER
; Z_HEIGHT: 1.8
; LAYER_HEIGHT: 0.2
; LINE_WIDTH: 0.42
G1 E-.8 F1800
G1 Z2.200 F600
G1 Z1.800
G1 E.8 F1800
G1 X108.210 Y108.210 F12000
; FEATURE: Outer wall
G1 X147.790 Y108.210 E1.30614 F3000
G1 X147.790 Y147.790 E1.30614 F3000
G1 X108.210 Y147.790 E1.30614 F3000
G1 X108.210 Y108.210 E1.30614 F3000
G1 X108.630 Y108.630 F12000
; FEATURE: Inner wall
G1 X147.370 Y108.630 E1.27842 F3000
G1 X147.370 Y147.370 E1.27842 F3000
G1 X108.630 Y147.370 E1.27842 F3000
G1 X108.630 Y108.630 E1.27842 F3000
G1 X109.050 Y109.050 F12000
; FEATURE: Inner wall
G1 X146.950 Y109.050 E1.25070 F3000
G1 X146.950 Y146.950 E1.25070 F3000
G1 X109.050 Y146.950 E1.25070 F3000
G1 X109.050 Y109.050 E1.25070 F3000
; FEATURE: Internal solid infill
G1 X109.260 Y109.470 F12000
G1 X146.740 Y109.470 E1.23684 F4000
G1 X146.740 Y109.890 F12000
G1 X109.260 Y109.890 E1.23684 F4000
G1 X109.260 Y110.310 F12000
G1 X146.740 Y110.310 E1.23684 F4000
G1 X146.740 Y110.730 F12000
G1 X109.260 Y110.730 E1.23684 F4000
G1 X109.260 Y111.150 F12000
G1 X146.740 Y111.150 E1.23684 F4000
G1 X146.740 Y111.570 F12000
G1 X109.260 Y111.570 E1.23684 F4000
G1 X109.260 Y111.990 F12000
G1 X146.740 Y111.990 E1.23684 F4000
G1 X146.740 Y112.410 F12000
G1 X109.260 Y112.410 E1.23684 F4000
G1 X109.260 Y112.830 F12000
G1 X146.740 Y112.830 E1.23684 F4000
G1 X146.740 Y113.250 F12000
G1 X109.260 Y113.250 E1.23684 F4000
G1 X109.260 Y113.670 F12000
G1 X146.740 Y113.670 E1.23684 F4000
G1 X146.740 Y114.090 F12000
G1 X109.260 Y114.090 E1.23684 F4000
G1 X109.260 Y114.510 F12000
G1 X146.740 Y114.510 E1.23684 F4000
G1 X146.740 Y114.930 F12000
G1 X109.260 Y114.930 E1.23684 F4000
G1 X109.260 Y115.350 F12000
G1 X146.740 Y115.350 E1.23684 F4000
G1 X146.740 Y115.770 F12000
G1 X109.260 Y115.770 E1.23684 F4000
G1 X109.260 Y116.190 F12000
G1 X146.740 Y116.190 E1.23684 F4000
G1 X146.740 Y116.610 F12000
G1 X109.260 Y116.610 E1.23684 F4000
G1 X109.260 Y117.030 F12000
G1 X146.740 Y117.030 E1.23684 F4000
G1 X146.740 Y117.450 F12000
G1 X109.260 Y117.450 E1.23684 F4000
G1 X109.260 Y117.870 F12000
G1 X146.740 Y117.870 E1.23684 F4000
G1 X146.740 Y118.290 F12000
G1 X109.260 Y118.290 E1.23684 F4000
G1 X109.260 Y118.710 F12000
G1 X146.740 Y118.710 E1.23684 F4000
G1 X146.740 Y119.130 F12000
G1 X109.260 Y119.130 E1.23684 F4000
G1 X109.260 Y119.550 F12000
G1 X146.740 Y119.550 E1.23684 F4000
G1 X146.740 Y119.970 F12000
G1 X109.260 Y119.970 E1.23684 F4000
G1 X109.260 Y120.390 F12000
G1 X146.740 Y120.390 E1.23684 F4000
G1 X146.740 Y120.810 F12000
G1 X109.260 Y120.810 E1.23684 F4000
G1 X109.260 Y121.230 F12000
G1 X146.740 Y121.230 E1.23684 F4000
G1 X146.740 Y121.650 F12000
G1 X109.260 Y121.650 E1.23684 F4000
G1 X109.260 Y122.070 F12000
G1 X146.740 Y122.070 E1.23684 F4000
G1 X146.740 Y122.490 F12000
G1 X109.260 Y122.490 E1.23684 F4000
G1 X109.260 Y122.910 F12000
G1 X146.740 Y122.910 E1.23684 F4000
G1 X146.740 Y123.330 F12000
G1 X109.260 Y123.330 E1.23684 F4000
G1 X109.260 Y123.750 F12000
G1 X146.740 Y123.750 E1.23684 F4000
G1 X146.740 Y124.170 F12000
G1 X109.260 Y124.170 E1.23684 F4000
G1 X109.260 Y124.590 F12000
G1 X146.740 Y124.590 E1.23684 F4000
G1 X146.740 Y125.010 F12000
G1 X109.260 Y125.010 E1.23684 F4000
G1 X109.260 Y125.430 F12000
G1 X146.740 Y125.430 E1.23684 F4000
G1 X146.740 Y125.850 F12000
G1 X109.260 Y125.850 E1.23684 F4000
G1 X109.260 Y126.270 F12000
G1 X146.740 Y126.270 E1.23684 F4000
G1 X146.740 Y126.690 F12000
G1 X109.260 Y126.690 E1.23684 F4000
G1 X109.260 Y127.110 F12000
G1 X146.740 Y127.110 E1.23684 F4000
G1 X146.740 Y127.530 F12000
G1 X109.260 Y127.530 E1.23684 F4000
G1 X109.260 Y127.950 F12000
G1 X146.740 Y127.950 E1.23684 F4000
G1 X146.740 Y128.370 F12000
G1 X109.260 Y128.370 E1.23684 F4000
G1 X109.260 Y128.790 F12000
G1 X146.740 Y128.790 E1.23684 F4000
G1 X146.740 Y129.210 F12000
G1 X109.260 Y129.210 E1.23684 F4000
G1 X109.260 Y129.630 F12000
G1 X146.740 Y129.630 E1.23684 F4000
G1 X146.740 Y130.050 F12000
G1 X109.260 Y130.050 E1.23684 F4000
G1 X109.260 Y130.470 F12000
G1 X146.740 Y130.470 E1.23684 F4000
G1 X146.740 Y130.890 F12000
G1 X109.260 Y130.890 E1.23684 F4000
G1 X109.260 Y131.310 F12000
G1 X146.740 Y131.310 E1.23684 F4000
G1 X146.740 Y131.730 F12000
G1 X109.260 Y131.730 E1.23684 F4000
G1 X109.260 Y132.150 F12000
G1 X146.740 Y132.150 E1.23684 F4000
G1 X146.740 Y132.570 F12000
G1 X109.260 Y132.570 E1.23684 F4000
G1 X109.260 Y132.990 F12000
G1 X146.740 Y132.990 E1.23684 F4000
G1 X146.740 Y133.410 F12000
G1 X109.260 Y133.410 E1.23684 F4000
G1 X109.260 Y133.830 F12000
G1 X146.740 Y133.830 E1.23684 F4000
G1 X146.740 Y134.250 F12000
G1 X109.260 Y134.250 E1.23684 F4000
G1 X109.260 Y134.670 F12000
G1 X146.740 Y134.670 E1.23684 F4000
G1 X146.740 Y135.090 F12000
G1 X109.260 Y135.090 E1.23684 F4000
G1 X109.260 Y135.510 F12000
G1 X146.740 Y135.510 E1.23684 F4000
G1 X146.740 Y135.930 F12000
G1 X109.260 Y135.930 E1.23684 F4000
G1 X109.260 Y136.350 F12000
G1 X146.740 Y136.350 E1.23684 F4000
G1 X146.740 Y136.770 F12000
G1 X109.260 Y136.770 E1.23684 F4000
G1 X109.260 Y137.190 F12000
G1 X146.740 Y137.190 E1.23684 F4000
G1 X146.740 Y137.610 F12000
G1 X109.260 Y137.610 E1.23684 F4000
G1 X109.260 Y138.030 F12000
G1 X146.740 Y138.030 E1.23684 F4000
G1 X146.740 Y138.450 F12000
G1 X109.260 Y138.450 E1.23684 F4000
G1 X109.260 Y138.870 F12000
G1 X146.740 Y138.870 E1.23684 F4000
G1 X146.740 Y139.290 F12000
G1 X109.260 Y139.290 E1.23684 F4000
G1 X109.260 Y139.710 F12000
G1 X146.740 Y139.710 E1.23684 F4000
G1 X146.740 Y140.130 F12000
G1 X109.260 Y140.130 E1.23684 F4000
G1 X109.260 Y140.550 F12000
G1 X146.740 Y140.550 E1.23684 F4000
G1 X146.740 Y140.970 F12000
G1 X109.260 Y140.970 E1.23684 F4000
G1 X109.260 Y141.390 F12000
G1 X146.740 Y141.390 E1.23684 F4000
G1 X146.740 Y141.810 F12000
G1 X109.260 Y141.810 E1.23684 F4000
G1 X109.260 Y142.230 F12000
G1 X146.740 Y142.230 E1.23684 F4000
G1 X146.740 Y142.650 F12000
G1 X109.260 Y142.650 E1.23684 F4000
G1 X109.260 Y143.070 F12000
G1 X146.740 Y143.070 E1.23684 F4000
G1 X146.740 Y143.490 F12000
G1 X109.260 Y143.490 E1.23684 F4000
G1 X109.260 Y143.910 F12000
G1 X146.740 Y143.910 E1.23684 F4000
G1 X146.740 Y144.330 F12000
G1 X109.260 Y144.330 E1.23684 F4000
G1 X109.260 Y144.750 F12000
G1 X146.740 Y144.750 E1.23684 F4000
G1 X146.740 Y145.170 F12000
G1 X109.260 Y145.170 E1.23684 F4000
G1 X109.260 Y145.590 F12000
G1 X146.740 Y145.590 E1.23684 F4000
G1 X146.740 Y146.010 F12000
G1 X109.260 Y146.010 E1.23684 F4000
G1 X109.260 Y146.430 F12000
G1 X146.740 Y146.430 E1.23684 F4000
; CHANGE_LAYER
; Z_HEIGHT: 2.0
; LAYER_HEIGHT: 0.2
; LINE_WIDTH: 0.42
G1 E-.8 F1800
G1 Z2.400 F600
G1 Z2.000
G1 E.8 F1800
G1 X108.210 Y108.210 F12000
; FEATURE: Outer wall
G1 X147.790 Y108.210 E1.30614 F3000
G1 X147.790 Y147.790 E1.30614 F3000
G1 X108.210 Y147.790 E1.30614 F3000
G1 X108.210 Y108.210 E1.30614 F3000
G1 X108.630 Y108.630 F12000
; FEATURE: Inner wall
G1 X147.370 Y108.630 E1.27842 F3000
G1 X147.370 Y147.370 E1.27842 F3000
G1 X108.630 Y147.370 E1.27842 F3000
G1 X108.630 Y108.630 E1.27842 F3000
G1 X109.050 Y109.050 F12000
; FEATURE: Inner wall
G1 X146.950 Y109.050 E1.25070 F3000
G1 X146.950 Y146.950 E1.25070 F3000
G1 X109.050 Y146.950 E1.25070 F3000
G1 X109.050 Y109.050 E1.25070 F3000
; FEATURE: Internal solid infill
G1 X109.260 Y109.470 F12000
G1 X146.740 Y109.470 E1.23684 F4000
G1 X146.740 Y109.890 F12000
G1 X109.260 Y109.890 E1.23684 F4000
G1 X109.260 Y110.310 F12000
G1 X146.740 Y110.310 E1.23684 F4000
G1 X146.740 Y110.730 F12000
G1 X109.260 Y110.730 E1.23684 F4000
G1 X109.260 Y111.150 F12000
G1 X146.740 Y111.150 E1.23684 F4000
G1 X146.740 Y111.570 F12000
G1 X109.260 Y111.570 E1.23684 F4000
G1 X109.260 Y111.990 F12000
G1 X146.740 Y111.990 E1.23684 F4000
G1 X146.740 Y112.410 F12000
G1 X109.260 Y112.410 E1.23684 F4000
G1 X109.260 Y112.830 F12000
G1 X146.740 Y112.830 E1.23684 F4000
G1 X146.740 Y113.250 F12000
G1 X109.260 Y113.250 E1.23684 F4000
G1 X109.260 Y113.670 F12000
G1 X146.740 Y113.670 E1.23684 F4000
G1 X146.740 Y114.090 F12000
G1 X109.260 Y114.090 E1.23684 F4000
G1 X109.260 Y114.510 F12000
G1 X146.740 Y114.510 E1.23684 F4000
G1 X146.740 Y114.930 F12000
G1 X109.260 Y114.930 E1.23684 F4000
G1 X109.260 Y115.350 F12000
G1 X146.740 Y115.350 E1.23684 F4000
G1 X146.740 Y115.770 F12000
G1 X109.260 Y115.770 E1.23684 F4000
G1 X109.260 Y116.190 F12000
G1 X146.740 Y116.190 E1.23684 F4000
G1 X146.740 Y116.610 F12000
G1 X109.260 Y116.610 E1.23684 F4000
G1 X109.260 Y117.030 F12000
G1 X146.740 Y117.030 E1.23684 F4000
G1 X146.740 Y117.450 F12000
G1 X109.260 Y117.450 E1.23684 F4000
G1 X109.260 Y117.870 F12000
G1 X146.740 Y117.870 E1.23684 F4000
G1 X146.740 Y118.290 F12000
G1 X109.260 Y118.290 E1.23684 F4000
G1 X109.260 Y118.710 F12000
G1 X146.740 Y118.710 E1.23684 F4000
G1 X146.740 Y119.130 F12000
G1 X109.260 Y119.130 E1.23684 F4000
G1 X109.260 Y119.550 F12000
G1 X146.740 Y119.550 E1.23684 F4000
G1 X146.740 Y119.970 F12000
G1 X109.260 Y119.970 E1.23684 F4000
G1 X109.260 Y120.390 F12000
G1 X146.740 Y120.390 E1.23684 F4000
G1 X146.740 Y120.810 F12000
G1 X109.260 Y120.810 E1.23684 F4000
G1 X109.260 Y121.230 F12000
G1 X146.740 Y121.230 E1.23684 F4000
G1 X146.740 Y121.650 F12000
G1 X109.260 Y121.650 E1.23684 F4000
G1 X109.260 Y122.070 F12000
G1 X146.740 Y122.070 E1.23684 F4000
G1 X146.740 Y122.490 F12000
G1 X109.260 Y122.490 E1.23684 F4000
G1 X109.260 Y122.910 F12000
G1 X146.740 Y122.910 E1.23684 F4000
G1 X146.740 Y123.330 F12000
G1 X109.260 Y123.330 E1.23684 F4000
G1 X109.260 Y123.750 F12000
G1 X146.740 Y123.750 E1.23684 F4000
G1 X146.740 Y124.170 F12000
G1 X109.260 Y124.170 E1.23684 F4000
G1 X109.260 Y124.590 F12000
G1 X146.740 Y124.590 E1.23684 F4000
G1 X146.740 Y125.010 F12000
G1 X109.260 Y125.010 E1.23684 F4000
G1 X109.260 Y125.430 F12000
G1 X146.740 Y125.430 E1.23684 F4000
G1 X146.740 Y125.850 F12000
G1 X109.260 Y125.850 E1.23684 F4000
G1 X109.260 Y126.270 F12000
G1 X146.740 Y126.270 E1.23684 F4000
G1 X146.740 Y126.690 F12000
G1 X109.260 Y126.690 E1.23684 F4000
G1 X109.260 Y127.110 F12000
G1 X146.740 Y127.110 E1.23684 F4000
G1 X146.740 Y127.530 F12000
G1 X109.260 Y127.530 E1.23684 F4000
G1 X109.260 Y127.950 F12000
G1 X146.740 Y127.950 E1.23684 F4000
G1 X146.740 Y128.370 F12000
G1 X109.260 Y128.370 E1.23684 F4000
G1 X109.260 Y128.790 F12000
G1 X146.740 Y128.790 E1.23684 F4000
G1 X146.740 Y129.210 F12000
G1 X109.260 Y129.210 E1.23684 F4000
G1 X109.260 Y129.630 F12000
G1 X146.740 Y129.630 E1.23684 F4000
G1 X146.740 Y130.050 F12000
G1 X109.260 Y130.050 E1.23684 F4000
G1 X109.260 Y130.470 F12000
G1 X146.740 Y130.470 E1.23684 F4000
G1 X146.740 Y130.890 F12000
G1 X109.260 Y130.890 E1.23684 F4000
G1 X109.260 Y131.310 F12000
G1 X146.740 Y131.310 E1.23684 F4000
G1 X146.740 Y131.730 F12000
G1 X109.260 Y131.730 E1.23684 F4000
G1 X109.260 Y132.150 F12000
G1 X146.740 Y132.150 E1.23684 F4000
G1 X146.740 Y132.570 F12000
G1 X109.260 Y132.570 E1.23684 F4000
G1 X109.260 Y132.990 F12000
G1 X146.740 Y132.990 E1.23684 F4000
G1 X146.740 Y133.410 F12000
G1 X109.260 Y133.410 E1.23684 F4000
G1 X109.260 Y133.830 F12000
G1 X146.740 Y133.830 E1.23684 F4000
G1 X146.740 Y134.250 F12000
G1 X109.260 Y134.250 E1.23684 F4000
G1 X109.260 Y134.670 F12000
G1 X146.740 Y134.670 E1.23684 F4000
G1 X146.740 Y135.090 F12000
G1 X109.260 Y135.090 E1.23684 F4000
G1 X109.260 Y135.510 F12000
G1 X146.740 Y135.510 E1.23684 F4000
G1 X146.740 Y135.930 F12000
G1 X109.260 Y135.930 E1.23684 F4000
G1 X109.260 Y136.350 F12000
G1 X146.740 Y136.350 E1.23684 F4000
G1 X146.740 Y136.770 F12000
G1 X109.260 Y136.770 E1.23684 F4000
G1 X109.260 Y137.190 F12000
G1 X146.740 Y137.190 E1.23684 F4000
G1 X146.740 Y137.610 F12000
G1 X109.260 Y137.610 E1.23684 F4000
G1 X109.260 Y138.030 F12000
G1 X146.740 Y138.030 E1.23684 F4000
G1 X146.740 Y138.450 F12000
G1 X109.260 Y138.450 E1.23684 F4000
G1 X109.260 Y138.870 F12000
G1 X146.740 Y138.870 E1.23684 F4000
G1 X146.740 Y139.290 F12000
G1 X109.260 Y139.290 E1.23684 F4000
G1 X109.260 Y139.710 F12000
G1 X146.740 Y139.710 E1.23684 F4000
G1 X146.740 Y140.130 F12000
G1 X109.260 Y140.130 E1.23684 F4000
G1 X109.260 Y140.550 F12000
G1 X146.740 Y140.550 E1.23684 F4000
G1 X146.740 Y140.970 F12000
G1 X109.260 Y140.970 E1.23684 F4000
G1 X109.260 Y141.390 F12000
G1 X146.740 Y141.390 E1.23684 F4000
G1 X146.740 Y141.810 F12000
G1 X109.260 Y141.810 E1.23684 F4000
G1 X109.260 Y142.230 F12000
G1 X146.740 Y142.230 E1.23684 F4000
G1 X146.740 Y142.650 F12000
G1 X109.260 Y142.650 E1.23684 F4000
G1 X109.260 Y143.070 F12000
G1 X146.740 Y143.070 E1.23684 F4000
G1 X146.740 Y143.490 F12000
G1 X109.260 Y143.490 E1.23684 F4000
G1 X109.260 Y143.910 F12000
G1 X146.740 Y143.910 E1.23684 F4000
G1 X146.740 Y144.330 F12000
G1 X109.260 Y144.330 E1.23684 F4000
G1 X109.260 Y144.750 F12000
G1 X146.740 Y144.750 E1.23684 F4000
G1 X146.740 Y145.170 F12000
G1 X109.260 Y145.170 E1.23684 F4000
G1 X109.260 Y145.590 F12000
G1 X146.740 Y145.590 E1.23684 F4000
G1 X146.740 Y146.010 F12000
G1 X109.260 Y146.010 E1.23684 F4000
G1 X109.260 Y146.430 F12000
G1 X146.740 Y146.430 E1.23684 F4000
; CHANGE_LAYER
; Z_HEIGHT: 2.2
; LAYER_HEIGHT: 0.2
; LINE_WIDTH: 0.42
G1 E-.8 F1800
G1 Z2.600 F600
G1 Z2.200
G1 E.8 F1800
G1 X108.210 Y108.210 F12000
; FEATURE: Outer wall
G1 X147.790 Y108.210 E1.30614 F3000
G1 X147.790 Y147.790 E1.30614 F3000
G1 X108.210 Y147.790 E1.30614 F3000
G1 X108.210 Y108.210 E1.30614 F3000
G1 X108.630 Y108.630 F12000
; FEATURE: Inner wall
G1 X147.370 Y108.630 E1.27842 F3000
G1 X147.370 Y147.370 E1.27842 F3000
G1 X108.630 Y147.370 E1.27842 F3000
G1 X108.630 Y108.630 E1.27842 F3000
G1 X109.050 Y109.050 F12000
; FEATURE: Inner wall
G1 X146.950 Y109.050 E1.25070 F3000
G1 X146.950 Y146.950 E1.25070 F3000
G1 X109.050 Y146.950 E1.25070 F3000
G1 X109.050 Y109.050 E1.25070 F3000
; FEATURE: Internal solid infill
G1 X109.260 Y109.470 F12000
G1 X146.740 Y109.470 E1.23684 F4000
G1 X146.740 Y109.890 F12000
G1 X109.260 Y109.890 E1.23684 F4000
G1 X109.260 Y110.310 F12000
G1 X146.740 Y110.310 E1.23684 F4000
G1 X146.740 Y110.730 F12000
G1 X109.260 Y110.730 E1.23684 F4000
G1 X109.260 Y111.150 F12000
G1 X146.740 Y111.150 E1.23684 F4000
G1 X146.740 Y111.570 F12000
G1 X109.260 Y111.570 E1.23684 F4000
G1 X109.260 Y111.990 F12000
G1 X146.740 Y111.990 E1.23684 F4000
G1 X146.740 Y112.410 F12000
G1 X109.260 Y112.410 E1.23684 F4000
G1 X109.260 Y112.830 F12000
G1 X146.740 Y112.830 E1.23684 F4000
G1 X146.740 Y113.250 F12000
G1 X109.260 Y113.250 E1.23684 F4000
G1 X109.260 Y113.670 F12000
G1 X146.740 Y113.670 E1.23684 F4000
G1 X146.740 Y114.090 F12000
G1 X109.260 Y114.090 E1.23684 F4000
G1 X109.260 Y114.510 F12000
G1 X146.740 Y114.510 E1.23684 F4000
G1 X146.740 Y114.930 F12000
G1 X109.260 Y114.930 E1.23684 F4000
G1 X109.260 Y115.350 F12000
G1 X146.740 Y115.350 E1.23684 F4000
G1 X146.740 Y115.770 F12000
G1 X109.260 Y115.770 E1.23684 F4000
G1 X109.260 Y116.190 F12000
G1 X146.740 Y116.190 E1.23684 F4000
G1 X146.740 Y116.610 F12000
G1 X109.260 Y116.610 E1.23684 F4000
G1 X109.260 Y117.030 F12000
G1 X146.740 Y117.030 E1.23684 F4000
G1 X146.740 Y117.450 F12000
G1 X109.260 Y117.450 E1.23684 F4000
G1 X109.260 Y117.870 F12000
G1 X146.740 Y117.870 E1.23684 F4000
G1 X146.740 Y118.290 F12000
G1 X109.260 Y118.290 E1.23684 F4000
G1 X109.260 Y118.710 F12000
G1 X146.740 Y118.710 E1.23684 F4000
G1 X146.740 Y119.130 F12000
G1 X109.260 Y119.130 E1.23684 F4000
G1 X109.260 Y119.550 F12000
G1 X146.740 Y119.550 E1.23684 F4000
G1 X146.740 Y119.970 F12000
G1 X109.260 Y119.970 E1.23684 F4000
G1 X109.260 Y120.390 F12000
G1 X146.740 Y120.390 E1.23684 F4000
G1 X146.740 Y120.810 F12000
G1 X109.260 Y120.810 E1.23684 F4000
G1 X109.260 Y121.230 F12000
G1 X146.740 Y121.230 E1.23684 F4000
G1 X146.740 Y121.650 F12000
G1 X109.260 Y121.650 E1.23684 F4000
G1 X109.260 Y122.070 F12000
G1 X146.740 Y122.070 E1.23684 F4000
G1 X146.740 Y122.490 F12000
G1 X109.260 Y122.490 E1.23684 F4000
G1 X109.260 Y122.910 F12000
G1 X146.740 Y122.910 E1.23684 F4000
G1 X146.740 Y123.330 F12000
G1 X109.260 Y123.330 E1.23684 F4000
G1 X109.260 Y123.750 F12000
G1 X146.740 Y123.750 E1.23684 F4000
G1 X146.740 Y124.170 F12000
G1 X109.260 Y124.170 E1.23684 F4000
G1 X109.260 Y124.590 F12000
G1 X146.740 Y124.590 E1.23684 F4000
G1 X146.740 Y125.010 F12000
G1 X109.260 Y125.010 E1.23684 F4000
G1 X109.260 Y125.430 F12000
G1 X146.740 Y125.430 E1.23684 F4000
G1 X146.740 Y125.850 F12000
G1 X109.260 Y125.850 E1.23684 F4000
G1 X109.260 Y126.270 F12000
G1 X146.740 Y126.270 E1.23684 F4000
G1 X146.740 Y126.690 F12000
G1 X109.260 Y126.690 E1.23684 F4000
G1 X109.260 Y127.110 F12000
G1 X146.740 Y127.110 E1.23684 F4000
G1 X146.740 Y127.530 F12000
G1 X109.260 Y127.530 E1.23684 F4000
G1 X109.260 Y127.950 F12000
G1 X146.740 Y127.950 E1.23684 F4000
G1 X146.740 Y128.370 F12000
G1 X109.260 Y128.370 E1.23684 F4000
G1 X109.260 Y128.790 F12000
G1 X146.740 Y128.790 E1.23684 F4000
G1 X146.740 Y129.210 F12000
G1 X109.260 Y129.210 E1.23684 F4000
G1 X109.260 Y129.630 F12000
G1 X146.740 Y129.630 E1.23684 F4000
G1 X146.740 Y130.050 F12000
G1 X109.260 Y130.050 E1.23684 F4000
G1 X109.260 Y130.470 F12000
G1 X146.740 Y130.470 E1.23684 F4000
G1 X146.740 Y130.890 F12000
G1 X109.260 Y130.890 E1.23684 F4000
G1 X109.260 Y131.310 F12000
G1 X146.740 Y131.310 E1.23684 F4000
G1 X146.740 Y131.730 F12000
G1 X109.260 Y131.730 E1.23684 F4000
G1 X109.260 Y132.150 F12000
G1 X146.740 Y132.150 E1.23684 F4000
G1 X146.740 Y132.570 F12000
G1 X109.260 Y132.570 E1.23684 F4000
G1 X109.260 Y132.990 F12000
G1 X146.740 Y132.990 E1.23684 F4000
G1 X146.740 Y133.410 F12000
G1 X109.260 Y133.410 E1.23684 F4000
G1 X109.260 Y133.830 F12000
G1 X146.740 Y133.830 E1.23684 F4000
G1 X146.740 Y134.250 F12000
G1 X109.260 Y134.250 E1.23684 F4000
G1 X109.260 Y134.670 F12000
G1 X146.740 Y134.670 E1.23684 F4000
G1 X146.740 Y135.090 F12000
G1 X109.260 Y135.090 E1.23684 F4000
G1 X109.260 Y135.510 F12000
G1 X146.740 Y135.510 E1.23684 F4000
G1 X146.740 Y135.930 F12000
G1 X109.260 Y135.930 E1.23684 F4000
G1 X109.260 Y136.350 F12000
G1 X146.740 Y136.350 E1.23684 F4000
G1 X146.740 Y136.770 F12000
G1 X109.260 Y136.770 E1.23684 F4000
G1 X109.260 Y137.190 F12000
G1 X146.740 Y137.190 E1.23684 F4000
G1 X146.740 Y137.610 F12000
G1 X109.260 Y137.610 E1.23684 F4000
G1 X109.260 Y138.030 F12000
G1 X146.740 Y138.030 E1.23684 F4000
G1 X146.740 Y138.450 F12000
G1 X109.260 Y138.450 E1.23684 F4000
G1 X109.260 Y138.870 F12000
G1 X146.740 Y138.870 E1.23684 F4000
G1 X146.740 Y139.290 F12000
G1 X109.260 Y139.290 E1.23684 F4000
G1 X109.260 Y139.710 F12000
G1 X146.740 Y139.710 E1.23684 F4000
G1 X146.740 Y140.130 F12000
G1 X109.260 Y140.130 E1.23684 F4000
G1 X109.260 Y140.550 F12000
G1 X146.740 Y140.550 E1.23684 F4000
G1 X146.740 Y140.970 F12000
G1 X109.260 Y140.970 E1.23684 F4000
G1 X109.260 Y141.390 F12000
G1 X146.740 Y141.390 E1.23684 F4000
G1 X146.740 Y141.810 F12000
G1 X109.260 Y141.810 E1.23684 F4000
G1 X109.260 Y142.230 F12000
G1 X146.740 Y142.230 E1.23684 F4000
G1 X146.740 Y142.650 F12000
G1 X109.260 Y142.650 E1.23684 F4000
G1 X109.260 Y143.070 F12000
G1 X146.740 Y143.070 E1.23684 F4000
G1 X146.740 Y143.490 F12000
G1 X109.260 Y143.490 E1.23684 F4000
G1 X109.260 Y143.910 F12000
G1 X146.740 Y143.910 E1.23684 F4000
G1 X146.740 Y144.330 F12000
G1 X109.260 Y144.330 E1.23684 F4000
G1 X109.260 Y144.750 F12000
G1 X146.740 Y144.750 E1.23684 F4000
G1 X146.740 Y145.170 F12000
G1 X109.260 Y145.170 E1.23684 F4000
G1 X109.260 Y145.590 F12000
G1 X146.740 Y145.590 E1.23684 F4000
G1 X146.740 Y146.010 F12000
G1 X109.260 Y146.010 E1.23684 F4000
G1 X109.260 Y146.430 F12000
G1 X146.740 Y146.430 E1.23684 F4000
; CHANGE_LAYER
; Z_HEIGHT: 2.4
; LAYER_HEIGHT: 0.2
; LINE_WIDTH: 0.42
G1 E-.8 F1800
G1 Z2.800 F600
G1 Z2.400
G1 E.8 F1800
G1 X108.210 Y108.210 F12000
; FEATURE: Outer wall
G1 X147.790 Y108.210 E1.30614 F3000
G1 X147.790 Y147.790 E1.30614 F3000
G1 X108.210 Y147.790 E1.30614 F3000
G1 X108.210 Y108.210 E1.30614 F3000
G1 X108.630 Y108.630 F12000
; FEATURE: Inner wall
G1 X147.370 Y108.630 E1.27842 F3000
G1 X147.370 Y147.370 E1.27842 F3000
G1 X108.630 Y147.370 E1.27842 F3000
G1 X108.630 Y108.630 E1.27842 F3000
G1 X109.050 Y109.050 F12000
; FEATURE: Inner wall
G1 X146.950 Y109.050 E1.25070 F3000
G1 X146.950 Y146.950 E1.25070 F3000
G1 X109.050 Y146.950 E1.25070 F3000
G1 X109.050 Y109.050 E1.25070 F3000
; FEATURE: Internal solid infill
G1 X109.260 Y109.470 F12000
G1 X146.740 Y109.470 E1.23684 F4000
G1 X146.740 Y109.890 F12000
G1 X109.260 Y109.890 E1.23684 F4000
G1 X109.260 Y110.310 F12000
G1 X146.740 Y110.310 E1.23684 F4000
G1 X146.740 Y110.730 F12000
G1 X109.260 Y110.730 E1.23684 F4000
G1 X109.260 Y111.150 F12000
G1 X146.740 Y111.150 E1.23684 F4000
G1 X146.740 Y111.570 F12000
G1 X109.260 Y111.570 E1.23684 F4000
G1 X109.260 Y111.990 F12000
G1 X146.740 Y111.990 E1.23684 F4000
G1 X146.740 Y112.410 F12000
G1 X109.260 Y112.410 E1.23684 F4000
G1 X109.260 Y112.830 F12000
G1 X146.740 Y112.830 E1.23684 F4000
G1 X146.740 Y113.250 F12000
G1 X109.260 Y113.250 E1.23684 F4000
G1 X109.260 Y113.670 F12000
G1 X146.740 Y113.670 E1.23684 F4000
G1 X146.740 Y114.090 F12000
G1 X109.260 Y114.090 E1.23684 F4000
G1 X109.260 Y114.510 F12000
G1 X146.740 Y114.510 E1.23684 F4000
G1 X146.740 Y114.930 F12000
G1 X109.260 Y114.930 E1.23684 F4000
G1 X109.260 Y115.350 F12000
G1 X146.740 Y115.350 E1.23684 F4000
G1 X146.740 Y115.770 F12000
G1 X109.260 Y115.770 E1.23684 F4000
G1 X109.260 Y116.190 F12000
G1 X146.740 Y116.190 E1.23684 F4000
G1 X146.740 Y116.610 F12000
G1 X109.260 Y116.610 E1.23684 F4000
G1 X109.260 Y117.030 F12000
G1 X146.740 Y117.030 E1.23684 F4000
G1 X146.740 Y117.450 F12000
G1 X109.260 Y117.450 E1.23684 F4000
G1 X109.260 Y117.870 F12000
G1 X146.740 Y117.870 E1.23684 F4000
G1 X146.740 Y118.290 F12000
G1 X109.260 Y118.290 E1.23684 F4000
G1 X109.260 Y118.710 F12000
G1 X146.740 Y118.710 E1.23684 F4000
G1 X146.740 Y119.130 F12000
G1 X109.260 Y119.130 E1.23684 F4000
G1 X109.260 Y119.550 F12000
G1 X146.740 Y119.550 E1.23684 F4000
G1 X146.740 Y119.970 F12000
G1 X109.260 Y119.970 E1.23684 F4000
G1 X109.260 Y120.390 F12000
G1 X146.740 Y120.390 E1.23684 F4000
G1 X146.740 Y120.810 F12000
G1 X109.260 Y120.810 E1.23684 F4000
G1 X109.260 Y121.230 F12000
G1 X146.740 Y121.230 E1.23684 F4000
G1 X146.740 Y121.650 F12000
G1 X109.260 Y121.650 E1.23684 F4000
G1 X109.260 Y122.070 F12000
G1 X146.740 Y122.070 E1.23684 F4000
G1 X146.740 Y122.490 F12000
G1 X109.260 Y122.490 E1.23684 F4000
G1 X109.260 Y122.910 F12000
G1 X146.740 Y122.910 E1.23684 F4000
G1 X146.740 Y123.330 F12000
G1 X109.260 Y123.330 E1.23684 F4000
G1 X109.260 Y123.750 F12000
G1 X146.740 Y123.750 E1.23684 F4000
G1 X146.740 Y124.170 F12000
G1 X109.260 Y124.170 E1.23684 F4000
G1 X109.260 Y124.590 F12000
G1 X146.740 Y124.590 E1.23684 F4000
G1 X146.740 Y125.010 F12000
G1 X109.260 Y125.010 E1.23684 F4000
G1 X109.260 Y125.430 F12000
G1 X146.740 Y125.430 E1.23684 F4000
G1 X146.740 Y125.850 F12000
G1 X109.260 Y125.850 E1.23684 F4000
G1 X109.260 Y126.270 F12000
G1 X146.740 Y126.270 E1.23684 F4000
G1 X146.740 Y126.690 F12000
G1 X109.260 Y126.690 E1.23684 F4000
G1 X109.260 Y127.110 F12000
G1 X146.740 Y127.110 E1.23684 F4000
G1 X146.740 Y127.530 F12000
G1 X109.260 Y127.530 E1.23684 F4000
G1 X109.260 Y127.950 F12000
G1 X146.740 Y127.950 E1.23684 F4000
G1 X146.740 Y128.370 F12000
G1 X109.260 Y128.370 E1.23684 F4000
G1 X109.260 Y128.790 F12000
G1 X146.740 Y128.790 E1.23684 F4000
G1 X146.740 Y129.210 F12000
G1 X109.260 Y129.210 E1.23684 F4000
G1 X109.260 Y129.630 F12000
G1 X146.740 Y129.630 E1.23684 F4000
G1 X146.740 Y130.050 F12000
G1 X109.260 Y130.050 E1.23684 F4000
G1 X109.260 Y130.470 F12000
G1 X146.740 Y130.470 E1.23684 F4000
G1 X146.740 Y130.890 F12000
G1 X109.260 Y130.890 E1.23684 F4000
G1 X109.260 Y131.310 F12000
G1 X146.740 Y131.310 E1.23684 F4000
G1 X146.740 Y131.730 F12000
G1 X109.260 Y131.730 E1.23684 F4000
G1 X109.260 Y132.150 F12000
G1 X146.740 Y132.150 E1.23684 F4000
G1 X146.740 Y132.570 F12000
G1 X109.260 Y132.570 E1.23684 F4000
G1 X109.260 Y132.990 F12000
G1 X146.740 Y132.990 E1.23684 F4000
G1 X146.740 Y133.410 F12000
G1 X109.260 Y133.410 E1.23684 F4000
G1 X109.260 Y133.830 F12000
G1 X146.740 Y133.830 E1.23684 F4000
G1 X146.740 Y134.250 F12000
G1 X109.260 Y134.250 E1.23684 F4000
G1 X109.260 Y134.670 F12000
G1 X146.740 Y134.670 E1.23684 F4000
G1 X146.740 Y135.090 F12000
G1 X109.260 Y135.090 E1.23684 F4000
G1 X109.260 Y135.510 F12000
G1 X146.740 Y135.510 E1.23684 F4000
G1 X146.740 Y135.930 F12000
G1 X109.260 Y135.930 E1.23684 F4000
G1 X109.260 Y136.350 F12000
G1 X146.740 Y136.350 E1.23684 F4000
G1 X146.740 Y136.770 F12000
G1 X109.260 Y136.770 E1.23684 F4000
G1 X109.260 Y137.190 F12000
G1 X146.740 Y137.190 E1.23684 F4000
G1 X146.740 Y137.610 F12000
G1 X109.260 Y137.610 E1.23684 F4000
G1 X109.260 Y138.030 F12000
G1 X146.740 Y138.030 E1.23684 F4000
G1 X146.740 Y138.450 F12000
G1 X109.260 Y138.450 E1.23684 F4000
G1 X109.260 Y138.870 F12000
G1 X146.740 Y138.870 E1.23684 F4000
G1 X146.740 Y139.290 F12000
G1 X109.260 Y139.290 E1.23684 F4000
G1 X109.260 Y139.710 F12000
G1 X146.740 Y139.710 E1.23684 F4000
G1 X146.740 Y140.130 F12000
G1 X109.260 Y140.130 E1.23684 F4000
G1 X109.260 Y140.550 F12000
G1 X146.740 Y140.550 E1.23684 F4000
G1 X146.740 Y140.970 F12000
G1 X109.260 Y140.970 E1.23684 F4000
G1 X109.260 Y141.390 F12000
G1 X146.740 Y141.390 E1.23684 F4000
G1 X146.740 Y141.810 F12000
G1 X109.260 Y141.810 E1.23684 F4000
G1 X109.260 Y142.230 F12000
G1 X146.740 Y142.230 E1.23684 F4000
G1 X146.740 Y142.650 F12000
G1 X109.260 Y142.650 E1.23684 F4000
G1 X109.260 Y143.070 F12000
G1 X146.740 Y143.070 E1.23684 F4000
G1 X146.740 Y143.490 F12000
G1 X109.260 Y143.490 E1.23684 F4000
G1 X109.260 Y143.910 F12000
G1 X146.740 Y143.910 E1.23684 F4000
G1 X146.740 Y144.330 F12000
G1 X109.260 Y144.330 E1.23684 F4000
G1 X109.260 Y144.750 F12000
G1 X146.740 Y144.750 E1.23684 F4000
G1 X146.740 Y145.170 F12000
G1 X109.260 Y145.170 E1.23684 F4000
G1 X109.260 Y145.590 F12000
G1 X146.740 Y145.590 E1.23684 F4000
G1 X146.740 Y146.010 F12000
G1 X109.260 Y146.010 E1.23684 F4000
G1 X109.260 Y146.430 F12000
G1 X146.740 Y146.430 E1.23684 F4000
; CHANGE_LAYER
; Z_HEIGHT: 2.6
; LAYER_HEIGHT: 0.2
; LINE_WIDTH: 0.42
G1 E-.8 F1800
G1 Z3.000 F600
G1 Z2.600
G1 E.8 F1800
G1 X108.210 Y108.210 F12000
; FEATURE: Outer wall
G1 X147.790 Y108.210 E1.30614 F3000
G1 X147.790 Y147.790 E1.30614 F3000
G1 X108.210 Y147.790 E1.30614 F3000
G1 X108.210 Y108.210 E1.30614 F3000
G1 X108.630 Y108.630 F12000
; FEATURE: Inner wall
G1 X147.370 Y108.630 E1.27842 F3000
G1 X147.370 Y147.370 E1.27842 F3000
G1 X108.630 Y147.370 E1.27842 F3000
G1 X108.630 Y108.630 E1.27842 F3000
G1 X109.050 Y109.050 F12000
; FEATURE: Inner wall
G1 X146.950 Y109.050 E1.25070 F3000
G1 X146.950 Y146.950 E1.25070 F3000
G1 X109.050 Y146.950 E1.25070 F3000
G1 X109.050 Y109.050 E1.25070 F3000
; FEATURE: Internal solid infill
G1 X109.260 Y109.470 F12000
G1 X146.740 Y109.470 E1.23684 F4000
G1 X146.740 Y109.890 F12000
G1 X109.260 Y109.890 E1.23684 F4000
G1 X109.260 Y110.310 F12000
G1 X146.740 Y110.310 E1.23684 F4000
G1 X146.740 Y110.730 F12000
G1 X109.260 Y110.730 E1.23684 F4000
G1 X109.260 Y111.150 F12000
G1 X146.740 Y111.150 E1.23684 F4000
G1 X146.740 Y111.570 F12000
G1 X109.260 Y111.570 E1.23684 F4000
G1 X109.260 Y111.990 F12000
G1 X146.740 Y111.990 E1.23684 F4000
G1 X146.740 Y112.410 F12000
G1 X109.260 Y112.410 E1.23684 F4000
G1 X109.260 Y112.830 F12000
G1 X146.740 Y112.830 E1.23684 F4000
G1 X146.740 Y113.250 F12000
G1 X109.260 Y113.250 E1.23684 F4000
G1 X109.260 Y113.670 F12000
G1 X146.740 Y113.670 E1.23684 F4000
G1 X146.740 Y114.090 F12000
G1 X109.260 Y114.090 E1.23684 F4000
G1 X109.260 Y114.510 F12000
G1 X146.740 Y114.510 E1.23684 F4000
G1 X146.740 Y114.930 F12000
G1 X109.260 Y114.930 E1.23684 F4000
G1 X109.260 Y115.350 F12000
G1 X146.740 Y115.350 E1.23684 F4000
G1 X146.740 Y115.770 F12000
G1 X109.260 Y115.770 E1.23684 F4000
G1 X109.260 Y116.190 F12000
G1 X146.740 Y116.190 E1.23684 F4000
G1 X146.740 Y116.610 F12000
G1 X109.260 Y116.610 E1.23684 F4000
G1 X109.260 Y117.030 F12000
G1 X146.740 Y117.030 E1.23684 F4000
G1 X146.740 Y117.450 F12000
G1 X109.260 Y117.450 E1.23684 F4000
G1 X109.260 Y117.870 F12000
G1 X146.740 Y117.870 E1.23684 F4000
G1 X146.740 Y118.290 F12000
G1 X109.260 Y118.290 E1.23684 F4000
G1 X109.260 Y118.710 F12000
G1 X146.740 Y118.710 E1.23684 F4000
G1 X146.740 Y119.130 F12000
G1 X109.260 Y119.130 E1.23684 F4000
G1 X109.260 Y119.550 F12000
G1 X146.740 Y119.550 E1.23684 F4000
G1 X146.740 Y119.970 F12000
G1 X109.260 Y119.970 E1.23684 F4000
G1 X109.260 Y120.390 F12000
G1 X146.740 Y120.390 E1.23684 F4000
G1 X146.740 Y120.810 F12000
G1 X109.260 Y120.810 E1.23684 F4000
G1 X109.260 Y121.230 F12000
G1 X146.740 Y121.230 E1.23684 F4000
G1 X146.740 Y121.650 F12000
G1 X109.260 Y121.650 E1.23684 F4000
G1 X109.260 Y122.070 F12000
G1 X146.740 Y122.070 E1.23684 F4000
G1 X146.740 Y122.490 F12000
G1 X109.260 Y122.490 E1.23684 F4000
G1 X109.260 Y122.910 F12000
G1 X146.740 Y122.910 E1.23684 F4000
G1 X146.740 Y123.330 F12000
G1 X109.260 Y123.330 E1.23684 F4000
G1 X109.260 Y123.750 F12000
G1 X146.740 Y123.750 E1.23684 F4000
G1 X146.740 Y124.170 F12000
G1 X109.260 Y124.170 E1.23684 F4000
G1 X109.260 Y124.590 F12000
G1 X146.740 Y124.590 E1.23684 F4000
G1 X146.740 Y125.010 F12000
G1 X109.260 Y125.010 E1.23684 F4000
G1 X109.260 Y125.430 F12000
G1 X146.740 Y125.430 E1.23684 F4000
G1 X146.740 Y125.850 F12000
G1 X109.260 Y125.850 E1.23684 F4000
G1 X109.260 Y126.270 F12000
G1 X146.740 Y126.270 E1.23684 F4000
G1 X146.740 Y126.690 F12000
G1 X109.260 Y126.690 E1.23684 F4000
G1 X109.260 Y127.110 F12000
G1 X146.740 Y127.110 E1.23684 F4000
G1 X146.740 Y127.530 F12000
G1 X109.260 Y127.530 E1.23684 F4000
G1 X109.260 Y127.950 F12000
G1 X146.740 Y127.950 E1.23684 F4000
G1 X146.740 Y128.370 F12000
G1 X109.260 Y128.370 E1.23684 F4000
G1 X109.260 Y128.790 F12000
G1 X146.740 Y128.790 E1.23684 F4000
G1 X146.740 Y129.210 F12000
G1 X109.260 Y129.210 E1.23684 F4000
G1 X109.260 Y129.630 F12000
G1 X146.740 Y129.630 E1.23684 F4000
G1 X146.740 Y130.050 F12000
G1 X109.260 Y130.050 E1.23684 F4000
G1 X109.260 Y130.470 F12000
G1 X146.740 Y130.470 E1.23684 F4000
G1 X146.740 Y130.890 F12000
G1 X109.260 Y130.890 E1.23684 F4000
G1 X109.260 Y131.310 F12000
G1 X146.740 Y131.310 E1.23684 F4000
G1 X146.740 Y131.730 F12000
G1 X109.260 Y131.730 E1.23684 F4000
G1 X109.260 Y132.150 F12000
G1 X146.740 Y132.150 E1.23684 F4000
G1 X146.740 Y132.570 F12000
G1 X109.260 Y132.570 E1.23684 F4000
G1 X109.260 Y132.990 F12000
G1 X146.740 Y132.990 E1.23684 F4000
G1 X146.740 Y133.410 F12000
G1 X109.260 Y133.410 E1.23684 F4000
G1 X109.260 Y133.830 F12000
G1 X146.740 Y133.830 E1.23684 F4000
G1 X146.740 Y134.250 F12000
G1 X109.260 Y134.250 E1.23684 F4000
G1 X109.260 Y134.670 F12000
G1 X146.740 Y134.670 E1.23684 F4000
G1 X146.740 Y135.090 F12000
G1 X109.260 Y135.090 E1.23684 F4000
G1 X109.260 Y135.510 F12000
G1 X146.740 Y135.510 E1.23684 F4000
G1 X146.740 Y135.930 F12000
G1 X109.260 Y135.930 E1.23684 F4000
G1 X109.260 Y136.350 F12000
G1 X146.740 Y136.350 E1.23684 F4000
G1 X146.740 Y136.770 F12000
G1 X109.260 Y136.770 E1.23684 F4000
G1 X109.260 Y137.190 F12000
G1 X146.740 Y137.190 E1.23684 F4000
G1 X146.740 Y137.610 F12000
G1 X109.260 Y137.610 E1.23684 F4000
G1 X109.260 Y138.030 F12000
G1 X146.740 Y138.030 E1.23684 F4000
G1 X146.740 Y138.450 F12000
G1 X109.260 Y138.450 E1.23684 F4000
G1 X109.260 Y138.870 F12000
G1 X146.740 Y138.870 E1.23684 F4000
G1 X146.740 Y139.290 F12000
G1 X109.260 Y139.290 E1.23684 F4000
G1 X109.260 Y139.710 F12000
G1 X146.740 Y139.710 E1.23684 F4000
G1 X146.740 Y140.130 F12000
G1 X109.260 Y140.130 E1.23684 F4000
G1 X109.260 Y140.550 F12000
G1 X146.740 Y140.550 E1.23684 F4000
G1 X146.740 Y140.970 F12000
G1 X109.260 Y140.970 E1.23684 F4000
G1 X109.260 Y141.390 F12000
G1 X146.740 Y141.390 E1.23684 F4000
G1 X146.740 Y141.810 F12000
G1 X109.260 Y141.810 E1.23684 F4000
G1 X109.260 Y142.230 F12000
G1 X146.740 Y142.230 E1.23684 F4000
G1 X146.740 Y142.650 F12000
G1 X109.260 Y142.650 E1.23684 F4000
G1 X109.260 Y143.070 F12000
G1 X146.740 Y143.070 E1.23684 F4000
G1 X146.740 Y143.490 F12000
G1 X109.260 Y143.490 E1.23684 F4000
G1 X109.260 Y143.910 F12000
G1 X146.740 Y143.910 E1.23684 F4000
G1 X146.740 Y144.330 F12000
G1 X109.260 Y144.330 E1.23684 F4000
G1 X109.260 Y144.750 F12000
G1 X146.740 Y144.750 E1.23684 F4000
G1 X146.740 Y145.170 F12000
G1 X109.260 Y145.170 E1.23684 F4000
G1 X109.260 Y145.590 F12000
G1 X146.740 Y145.590 E1.23684 F4000
G1 X146.740 Y146.010 F12000
G1 X109.260 Y146.010 E1.23684 F4000
G1 X109.260 Y146.430 F12000
G1 X146.740 Y146.430 E1.23684 F4000
; CHANGE_LAYER
; Z_HEIGHT: 2.8
; LAYER_HEIGHT: 0.2
; LINE_WIDTH: 0.42
G1 E-.8 F1800
G1 Z3.200 F600
G1 Z2.800
G1 E.8 F1800
G1 X108.210 Y108.210 F12000
; FEATURE: Outer wall
G1 X147.790 Y108.210 E1.30614 F3000
G1 X147.790 Y147.790 E1.30614 F3000
G1 X108.210 Y147.790 E1.30614 F3000
G1 X108.210 Y108.210 E1.30614 F3000
G1 X108.630 Y108.630 F12000
; FEATURE: Inner wall
G1 X147.370 Y108.630 E1.27842 F3000
G1 X147.370 Y147.370 E1.27842 F3000
G1 X108.630 Y147.370 E1.27842 F3000
G1 X108.630 Y108.630 E1.27842 F3000
G1 X109.050 Y109.050 F12000
; FEATURE: Inner wall
G1 X146.950 Y109.050 E1.25070 F3000
G1 X146.950 Y146.950 E1.25070 F3000
G1 X109.050 Y146.950 E1.25070 F3000
G1 X109.050 Y109.050 E1.25070 F3000
; FEATURE: Internal solid infill
G1 X109.260 Y109.470 F12000
G1 X146.740 Y109.470 E1.23684 F4000
G1 X146.740 Y109.890 F12000
G1 X109.260 Y109.890 E1.23684 F4000
G1 X109.260 Y110.310 F12000
G1 X146.740 Y110.310 E1.23684 F4000
G1 X146.740 Y110.730 F12000
G1 X109.260 Y110.730 E1.23684 F4000
G1 X109.260 Y111.150 F12000
G1 X146.740 Y111.150 E1.23684 F4000
G1 X146.740 Y111.570 F12000
G1 X109.260 Y111.570 E1.23684 F4000
G1 X109.260 Y111.990 F12000
G1 X146.740 Y111.990 E1.23684 F4000
G1 X146.740 Y112.410 F12000
G1 X109.260 Y112.410 E1.23684 F4000
G1 X109.260 Y112.830 F12000
G1 X146.740 Y112.830 E1.23684 F4000
G1 X146.740 Y113.250 F12000
G1 X109.260 Y113.250 E1.23684 F4000
G1 X109.260 Y113.670 F12000
G1 X146.740 Y113.670 E1.23684 F4000
G1 X146.740 Y114.090 F12000
G1 X109.260 Y114.090 E1.23684 F4000
G1 X109.260 Y114.510 F12000
G1 X146.740 Y114.510 E1.23684 F4000
G1 X146.740 Y114.930 F12000
G1 X109.260 Y114.930 E1.23684 F4000
G1 X109.260 Y115.350 F12000
G1 X146.740 Y115.350 E1.23684 F4000
G1 X146.740 Y115.770 F12000
G1 X109.260 Y115.770 E1.23684 F4000
G1 X109.260 Y116.190 F12000
G1 X146.740 Y116.190 E1.23684 F4000
G1 X146.740 Y116.610 F12000
G1 X109.260 Y116.610 E1.23684 F4000
G1 X109.260 Y117.030 F12000
G1 X146.740 Y117.030 E1.23684 F4000
G1 X146.740 Y117.450 F12000
G1 X109.260 Y117.450 E1.23684 F4000
G1 X109.260 Y117.870 F12000
G1 X146.740 Y117.870 E1.23684 F4000
G1 X146.740 Y118.290 F12000
G1 X109.260 Y118.290 E1.23684 F4000
G1 X109.260 Y118.710 F12000
G1 X146.740 Y118.710 E1.23684 F4000
G1 X146.740 Y119.130 F12000
G1 X109.260 Y119.130 E1.23684 F4000
G1 X109.260 Y119.550 F12000
G1 X146.740 Y119.550 E1.23684 F4000
G1 X146.740 Y119.970 F12000
G1 X109.260 Y119.970 E1.23684 F4000
G1 X109.260 Y120.390 F12000
G1 X146.740 Y120.390 E1.23684 F4000
G1 X146.740 Y120.810 F12000
G1 X109.260 Y120.810 E1.23684 F4000
G1 X109.260 Y121.230 F12000
G1 X146.740 Y121.230 E1.23684 F4000
G1 X146.740 Y121.650 F12000
G1 X109.260 Y121.650 E1.23684 F4000
G1 X109.260 Y122.070 F12000
G1 X146.740 Y122.070 E1.23684 F4000
G1 X146.740 Y122.490 F12000
G1 X109.260 Y122.490 E1.23684 F4000
G1 X109.260 Y122.910 F12000
G1 X146.740 Y122.910 E1.23684 F4000
G1 X146.740 Y123.330 F12000
G1 X109.260 Y123.330 E1.23684 F4000
G1 X109.260 Y123.750 F12000
G1 X146.740 Y123.750 E1.23684 F4000
G1 X146.740 Y124.170 F12000
G1 X109.260 Y124.170 E1.23684 F4000
G1 X109.260 Y124.590 F12000
G1 X146.740 Y124.590 E1.23684 F4000
G1 X146.740 Y125.010 F12000
G1 X109.260 Y125.010 E1.23684 F4000
G1 X109.260 Y125.430 F12000
G1 X146.740 Y125.430 E1.23684 F4000
G1 X146.740 Y125.850 F12000
G1 X109.260 Y125.850 E1.23684 F4000
G1 X109.260 Y126.270 F12000
G1 X146.740 Y126.270 E1.23684 F4000
G1 X146.740 Y126.690 F12000
G1 X109.260 Y126.690 E1.23684 F4000
G1 X109.260 Y127.110 F12000
G1 X146.740 Y127.110 E1.23684 F4000
G1 X146.740 Y127.530 F12000
G1 X109.260 Y127.530 E1.23684 F4000
G1 X109.260 Y127.950 F12000
G1 X146.740 Y127.950 E1.23684 F4000
G1 X146.740 Y128.370 F12000
G1 X109.260 Y128.370 E1.23684 F4000
G1 X109.260 Y128.790 F12000
G1 X146.740 Y128.790 E1.23684 F4000
G1 X146.740 Y129.210 F12000
G1 X109.260 Y129.210 E1.23684 F4000
G1 X109.260 Y129.630 F12000
G1 X146.740 Y129.630 E1.23684 F4000
G1 X146.740 Y130.050 F12000
G1 X109.260 Y130.050 E1.23684 F4000
G1 X109.260 Y130.470 F12000
G1 X146.740 Y130.470 E1.23684 F4000
G1 X146.740 Y130.890 F12000
G1 X109.260 Y130.890 E1.23684 F4000
G1 X109.260 Y131.310 F12000
G1 X146.740 Y131.310 E1.23684 F4000
G1 X146.740 Y131.730 F12000
G1 X109.260 Y131.730 E1.23684 F4000
G1 X109.260 Y132.150 F12000
G1 X146.740 Y132.150 E1.23684 F4000
G1 X146.740 Y132.570 F12000
G1 X109.260 Y132.570 E1.23684 F4000
G1 X109.260 Y132.990 F12000
G1 X146.740 Y132.990 E1.23684 F4000
G1 X146.740 Y133.410 F12000
G1 X109.260 Y133.410 E1.23684 F4000
G1 X109.260 Y133.830 F12000
G1 X146.740 Y133.830 E1.23684 F4000
G1 X146.740 Y134.250 F12000
G1 X109.260 Y134.250 E1.23684 F4000
G1 X109.260 Y134.670 F12000
G1 X146.740 Y134.670 E1.23684 F4000
G1 X146.740 Y135.090 F12000
G1 X109.260 Y135.090 E1.23684 F4000
G1 X109.260 Y135.510 F12000
G1 X146.740 Y135.510 E1.23684 F4000
G1 X146.740 Y135.930 F12000
G1 X109.260 Y135.930 E1.23684 F4000
G1 X109.260 Y136.350 F12000
G1 X146.740 Y136.350 E1.23684 F4000
G1 X146.740 Y136.770 F12000
G1 X109.260 Y136.770 E1.23684 F4000
G1 X109.260 Y137.190 F12000
G1 X146.740 Y137.190 E1.23684 F4000
G1 X146.740 Y137.610 F12000
G1 X109.260 Y137.610 E1.23684 F4000
G1 X109.260 Y138.030 F12000
G1 X146.740 Y138.030 E1.23684 F4000
G1 X146.740 Y138.450 F12000
G1 X109.260 Y138.450 E1.23684 F4000
G1 X109.260 Y138.870 F12000
G1 X146.740 Y138.870 E1.23684 F4000
G1 X146.740 Y139.290 F12000
G1 X109.260 Y139.290 E1.23684 F4000
G1 X109.260 Y139.710 F12000
G1 X146.740 Y139.710 E1.23684 F4000
G1 X146.740 Y140.130 F12000
G1 X109.260 Y140.130 E1.23684 F4000
G1 X109.260 Y140.550 F12000
G1 X146.740 Y140.550 E1.23684 F4000
G1 X146.740 Y140.970 F12000
G1 X109.260 Y140.970 E1.23684 F4000
G1 X109.260 Y141.390 F12000
G1 X146.740 Y141.390 E1.23684 F4000
G1 X146.740 Y141.810 F12000
G1 X109.260 Y141.810 E1.23684 F4000
G1 X109.260 Y142.230 F12000
G1 X146.740 Y142.230 E1.23684 F4000
G1 X146.740 Y142.650 F12000
G1 X109.260 Y142.650 E1.23684 F4000
G1 X109.260 Y143.070 F12000
G1 X146.740 Y143.070 E1.23684 F4000
G1 X146.740 Y143.490 F12000
G1 X109.260 Y143.490 E1.23684 F4000
G1 X109.260 Y143.910 F12000
G1 X146.740 Y143.910 E1.23684 F4000
G1 X146.740 Y144.330 F12000
G1 X109.260 Y144.330 E1.23684 F4000
G1 X109.260 Y144.750 F12000
G1 X146.740 Y144.750 E1.23684 F4000
G1 X146.740 Y145.170 F12000
G1 X109.260 Y145.170 E1.23684 F4000
G1 X109.260 Y145.590 F12000
G1 X146.740 Y145.590 E1.23684 F4000
G1 X146.740 Y146.010 F12000
G1 X109.260 Y146.010 E1.23684 F4000
G1 X109.260 Y146.430 F12000
G1 X146.740 Y146.430 E1.23684 F4000
; CHANGE_LAYER
; Z_HEIGHT: 3.0
; LAYER_HEIGHT: 0.2
; LINE_WIDTH: 0.42
G1 E-.8 F1800
G1 Z3.400 F600
G1 Z3.000
G1 E.8 F1800
G1 X108.210 Y108.210 F12000
; FEATURE: Outer wall
G1 X147.790 Y108.210 E1.30614 F3000
G1 X147.790 Y147.790 E1.30614 F3000
G1 X108.210 Y147.790 E1.30614 F3000
G1 X108.210 Y108.210 E1.30614 F3000
G1 X108.630 Y108.630 F12000
; FEATURE: Inner wall
G1 X147.370 Y108.630 E1.27842 F3000
G1 X147.370 Y147.370 E1.27842 F3000
G1 X108.630 Y147.370 E1.27842 F3000
G1 X108.630 Y108.630 E1.27842 F3000
G1 X109.050 Y109.050 F12000
; FEATURE: Inner wall
G1 X146.950 Y109.050 E1.25070 F3000
G1 X146.950 Y146.950 E1.25070 F3000
G1 X109.050 Y146.950 E1.25070 F3000
G1 X109.050 Y109.050 E1.25070 F3000
; FEATURE: Internal solid infill
G1 X109.260 Y109.470 F12000
G1 X146.740 Y109.470 E1.23684 F4000
G1 X146.740 Y109.890 F12000
G1 X109.260 Y109.890 E1.23684 F4000
G1 X109.260 Y110.310 F12000
G1 X146.740 Y110.310 E1.23684 F4000
G1 X146.740 Y110.730 F12000
G1 X109.260 Y110.730 E1.23684 F4000
G1 X109.260 Y111.150 F12000
G1 X146.740 Y111.150 E1.23684 F4000
G1 X146.740 Y111.570 F12000
G1 X109.260 Y111.570 E1.23684 F4000
G1 X109.260 Y111.990 F12000
G1 X146.740 Y111.990 E1.23684 F4000
G1 X146.740 Y112.410 F12000
G1 X109.260 Y112.410 E1.23684 F4000
G1 X109.260 Y112.830 F12000
G1 X146.740 Y112.830 E1.23684 F4000
G1 X146.740 Y113.250 F12000
G1 X109.260 Y113.250 E1.23684 F4000
G1 X109.260 Y113.670 F12000
G1 X146.740 Y113.670 E1.23684 F4000
G1 X146.740 Y114.090 F12000
G1 X109.260 Y114.090 E1.23684 F4000
G1 X109.260 Y114.510 F12000
G1 X146.740 Y114.510 E1.23684 F4000
G1 X146.740 Y114.930 F12000
G1 X109.260 Y114.930 E1.23684 F4000
G1 X109.260 Y115.350 F12000
G1 X146.740 Y115.350 E1.23684 F4000
G1 X146.740 Y115.770 F12000
G1 X109.260 Y115.770 E1.23684 F4000
G1 X109.260 Y116.190 F12000
G1 X146.740 Y116.190 E1.23684 F4000
G1 X146.740 Y116.610 F12000
G1 X109.260 Y116.610 E1.23684 F4000
G1 X109.260 Y117.030 F12000
G1 X146.740 Y117.030 E1.23684 F4000
G1 X146.740 Y117.450 F12000
G1 X109.260 Y117.450 E1.23684 F4000
G1 X109.260 Y117.870 F12000
G1 X146.740 Y117.870 E1.23684 F4000
G1 X146.740 Y118.290 F12000
G1 X109.260 Y118.290 E1.23684 F4000
G1 X109.260 Y118.710 F12000
G1 X146.740 Y118.710 E1.23684 F4000
G1 X146.740 Y119.130 F12000
G1 X109.260 Y119.130 E1.23684 F4000
G1 X109.260 Y119.550 F12000
G1 X146.740 Y119.550 E1.23684 F4000
G1 X146.740 Y119.970 F12000
G1 X109.260 Y119.970 E1.23684 F4000
G1 X109.260 Y120.390 F12000
G1 X146.740 Y120.390 E1.23684 F4000
G1 X146.740 Y120.810 F12000
G1 X109.260 Y120.810 E1.23684 F4000
G1 X109.260 Y121.230 F12000
G1 X146.740 Y121.230 E1.23684 F4000
G1 X146.740 Y121.650 F12000
G1 X109.260 Y121.650 E1.23684 F4000
G1 X109.260 Y122.070 F12000
G1 X146.740 Y122.070 E1.23684 F4000
G1 X146.740 Y122.490 F12000
G1 X109.260 Y122.490 E1.23684 F4000
G1 X109.260 Y122.910 F12000
G1 X146.740 Y122.910 E1.23684 F4000
G1 X146.740 Y123.330 F12000
G1 X109.260 Y123.330 E1.23684 F4000
G1 X109.260 Y123.750 F12000
G1 X146.740 Y123.750 E1.23684 F4000
G1 X146.740 Y124.170 F12000
G1 X109.260 Y124.170 E1.23684 F4000
G1 X109.260 Y124.590 F12000
G1 X146.740 Y124.590 E1.23684 F4000
G1 X146.740 Y125.010 F12000
G1 X109.260 Y125.010 E1.23684 F4000
G1 X109.260 Y125.430 F12000
G1 X146.740 Y125.430 E1.23684 F4000
G1 X146.740 Y125.850 F12000
G1 X109.260 Y125.850 E1.23684 F4000
G1 X109.260 Y126.270 F12000
G1 X146.740 Y126.270 E1.23684 F4000
G1 X146.740 Y126.690 F12000
G1 X109.260 Y126.690 E1.23684 F4000
G1 X109.260 Y127.110 F12000
G1 X146.740 Y127.110 E1.23684 F4000
G1 X146.740 Y127.530 F12000
G1 X109.260 Y127.530 E1.23684 F4000
G1 X109.260 Y127.950 F12000
G1 X146.740 Y127.950 E1.23684 F4000
G1 X146.740 Y128.370 F12000
G1 X109.260 Y128.370 E1.23684 F4000
G1 X109.260 Y128.790 F12000
G1 X146.740 Y128.790 E1.23684 F4000
G1 X146.740 Y129.210 F12000
G1 X109.260 Y129.210 E1.23684 F4000
G1 X109.260 Y129.630 F12000
G1 X146.740 Y129.630 E1.23684 F4000
G1 X146.740 Y130.050 F12000
G1 X109.260 Y130.050 E1.23684 F4000
G1 X109.260 Y130.470 F12000
G1 X146.740 Y130.470 E1.23684 F4000
G1 X146.740 Y130.890 F12000
G1 X109.260 Y130.890 E1.23684 F4000
G1 X109.260 Y131.310 F12000
G1 X146.740 Y131.310 E1.23684 F4000
G1 X146.740 Y131.730 F12000
G1 X109.260 Y131.730 E1.23684 F4000
G1 X109.260 Y132.150 F12000
G1 X146.740 Y132.150 E1.23684 F4000
G1 X146.740 Y132.570 F12000
G1 X109.260 Y132.570 E1.23684 F4000
G1 X109.260 Y132.990 F12000
G1 X146.740 Y132.990 E1.23684 F4000
G1 X146.740 Y133.410 F12000
G1 X109.260 Y133.410 E1.23684 F4000
G1 X109.260 Y133.830 F12000
G1 X146.740 Y133.830 E1.23684 F4000
G1 X146.740 Y134.250 F12000
G1 X109.260 Y134.250 E1.23684 F4000
G1 X109.260 Y134.670 F12000
G1 X146.740 Y134.670 E1.23684 F4000
G1 X146.740 Y135.090 F12000
G1 X109.260 Y135.090 E1.23684 F4000
G1 X109.260 Y135.510 F12000
G1 X146.740 Y135.510 E1.23684 F4000
G1 X146.740 Y135.930 F12000
G1 X109.260 Y135.930 E1.23684 F4000
G1 X109.260 Y136.350 F12000
G1 X146.740 Y136.350 E1.23684 F4000
G1 X146.740 Y136.770 F12000
G1 X109.260 Y136.770 E1.23684 F4000
G1 X109.260 Y137.190 F12000
G1 X146.740 Y137.190 E1.23684 F4000
G1 X146.740 Y137.610 F12000
G1 X109.260 Y137.610 E1.23684 F4000
G1 X109.260 Y138.030 F12000
G1 X146.740 Y138.030 E1.23684 F4000
G1 X146.740 Y138.450 F12000
G1 X109.260 Y138.450 E1.23684 F4000
G1 X109.260 Y138.870 F12000
G1 X146.740 Y138.870 E1.23684 F4000
G1 X146.740 Y139.290 F12000
G1 X109.260 Y139.290 E1.23684 F4000
G1 X109.260 Y139.710 F12000
G1 X146.740 Y139.710 E1.23684 F4000
G1 X146.740 Y140.130 F12000
G1 X109.260 Y140.130 E1.23684 F4000
G1 X109.260 Y140.550 F12000
G1 X146.740 Y140.550 E1.23684 F4000
G1 X146.740 Y140.970 F12000
G1 X109.260 Y140.970 E1.23684 F4000
G1 X109.260 Y141.390 F12000
G1 X146.740 Y141.390 E1.23684 F4000
G1 X146.740 Y141.810 F12000
G1 X109.260 Y141.810 E1.23684 F4000
G1 X109.260 Y142.230 F12000
G1 X146.740 Y142.230 E1.23684 F4000
G1 X146.740 Y142.650 F12000
G1 X109.260 Y142.650 E1.23684 F4000
G1 X109.260 Y143.070 F12000
G1 X146.740 Y143.070 E1.23684 F4000
G1 X146.740 Y143.490 F12000
G1 X109.260 Y143.490 E1.23684 F4000
G1 X109.260 Y143.910 F12000
G1 X146.740 Y143.910 E1.23684 F4000
G1 X146.740 Y144.330 F12000
G1 X109.260 Y144.330 E1.23684 F4000
G1 X109.260 Y144.750 F12000
G1 X146.740 Y144.750 E1.23684 F4000
G1 X146.740 Y145.170 F12000
G1 X109.260 Y145.170 E1.23684 F4000
G1 X109.260 Y145.590 F12000
G1 X146.740 Y145.590 E1.23684 F4000
G1 X146.740 Y146.010 F12000
G1 X109.260 Y146.010 E1.23684 F4000
G1 X109.260 Y146.430 F12000
G1 X146.740 Y146.430 E1.23684 F4000
; CHANGE_LAYER
; Z_HEIGHT: 3.2
; LAYER_HEIGHT: 0.2
; LINE_WIDTH: 0.42
G1 E-.8 F1800
G1 Z3.600 F600
G1 Z3.200
G1 E.8 F1800
G1 X108.210 Y108.210 F12000
; FEATURE: Outer wall
G1 X147.790 Y108.210 E1.30614 F3000
G1 X147.790 Y147.790 E1.30614 F3000
G1 X108.210 Y147.790 E1.30614 F3000
G1 X108.210 Y108.210 E1.30614 F3000
G1 X108.630 Y108.630 F12000
; FEATURE: Inner wall
G1 X147.370 Y108.630 E1.27842 F3000
G1 X147.370 Y147.370 E1.27842 F3000
G1 X108.630 Y147.370 E1.27842 F3000
G1 X108.630 Y108.630 E1.27842 F3000
G1 X109.050 Y109.050 F12000
; FEATURE: Inner wall
G1 X146.950 Y109.050 E1.25070 F3000
G1 X146.950 Y146.950 E1.25070 F3000
G1 X109.050 Y146.950 E1.25070 F3000
G1 X109.050 Y109.050 E1.25070 F3000
; FEATURE: Internal solid infill
G1 X109.260 Y109.470 F12000
G1 X146.740 Y109.470 E1.23684 F4000
G1 X146.740 Y109.890 F12000
G1 X109.260 Y109.890 E1.23684 F4000
G1 X109.260 Y110.310 F12000
G1 X146.740 Y110.310 E1.23684 F4000
G1 X146.740 Y110.730 F12000
G1 X109.260 Y110.730 E1.23684 F4000
G1 X109.260 Y111.150 F12000
G1 X146.740 Y111.150 E1.23684 F4000
G1 X146.740 Y111.570 F12000
G1 X109.260 Y111.570 E1.23684 F4000
G1 X109.260 Y111.990 F12000
G1 X146.740 Y111.990 E1.23684 F4000
G1 X146.740 Y112.410 F12000
G1 X109.260 Y112.410 E1.23684 F4000
G1 X109.260 Y112.830 F12000
G1 X146.740 Y112.830 E1.23684 F4000
G1 X146.740 Y113.250 F12000
G1 X109.260 Y113.250 E1.23684 F4000
G1 X109.260 Y113.670 F12000
G1 X146.740 Y113.670 E1.23684 F4000
G1 X146.740 Y114.090 F12000
G1 X109.260 Y114.090 E1.23684 F4000
G1 X109.260 Y114.510 F12000
G1 X146.740 Y114.510 E1.23684 F4000
G1 X146.740 Y114.930 F12000
G1 X109.260 Y114.930 E1.23684 F4000
G1 X109.260 Y115.350 F12000
G1 X146.740 Y115.350 E1.23684 F4000
G1 X146.740 Y115.770 F12000
G1 X109.260 Y115.770 E1.23684 F4000
G1 X109.260 Y116.190 F12000
G1 X146.740 Y116.190 E1.23684 F4000
G1 X146.740 Y116.610 F12000
G1 X109.260 Y116.610 E1.23684 F4000
G1 X109.260 Y117.030 F12000
G1 X146.740 Y117.030 E1.23684 F4000
G1 X146.740 Y117.450 F12000
G1 X109.260 Y117.450 E1.23684 F4000
G1 X109.260 Y117.870 F12000
G1 X146.740 Y117.870 E1.23684 F4000
G1 X146.740 Y118.290 F12000
G1 X109.260 Y118.290 E1.23684 F4000
G1 X109.260 Y118.710 F12000
G1 X146.740 Y118.710 E1.23684 F4000
G1 X146.740 Y119.130 F12000
G1 X109.260 Y119.130 E1.23684 F4000
G1 X109.260 Y119.550 F12000
G1 X146.740 Y119.550 E1.23684 F4000
G1 X146.740 Y119.970 F12000
G1 X109.260 Y119.970 E1.23684 F4000
G1 X109.260 Y120.390 F12000
G1 X146.740 Y120.390 E1.23684 F4000
G1 X146.740 Y120.810 F12000
G1 X109.260 Y120.810 E1.23684 F4000
G1 X109.260 Y121.230 F12000
G1 X146.740 Y121.230 E1.23684 F4000
G1 X146.740 Y121.650 F12000
G1 X109.260 Y121.650 E1.23684 F4000
G1 X109.260 Y122.070 F12000
G1 X146.740 Y122.070 E1.23684 F4000
G1 X146.740 Y122.490 F12000
G1 X109.260 Y122.490 E1.23684 F4000
G1 X109.260 Y122.910 F12000
G1 X146.740 Y122.910 E1.23684 F4000
G1 X146.740 Y123.330 F12000
G1 X109.260 Y123.330 E1.23684 F4000
G1 X109.260 Y123.750 F12000
G1 X146.740 Y123.750 E1.23684 F4000
G1 X146.740 Y124.170 F12000
G1 X109.260 Y124.170 E1.23684 F4000
G1 X109.260 Y124.590 F12000
G1 X146.740 Y124.590 E1.23684 F4000
G1 X146.740 Y125.010 F12000
G1 X109.260 Y125.010 E1.23684 F4000
G1 X109.260 Y125.430 F12000
G1 X146.740 Y125.430 E1.23684 F4000
G1 X146.740 Y125.850 F12000
G1 X109.260 Y125.850 E1.23684 F4000
G1 X109.260 Y126.270 F12000
G1 X146.740 Y126.270 E1.23684 F4000
G1 X146.740 Y126.690 F12000
G1 X109.260 Y126.690 E1.23684 F4000
G1 X109.260 Y127.110 F12000
G1 X146.740 Y127.110 E1.23684 F4000
G1 X146.740 Y127.530 F12000
G1 X109.260 Y127.530 E1.23684 F4000
G1 X109.260 Y127.950 F12000
G1 X146.740 Y127.950 E1.23684 F4000
G1 X146.740 Y128.370 F12000
G1 X109.260 Y128.370 E1.23684 F4000
G1 X109.260 Y128.790 F12000
G1 X146.740 Y128.790 E1.23684 F4000
G1 X146.740 Y129.210 F12000
G1 X109.260 Y129.210 E1.23684 F4000
G1 X109.260 Y129.630 F12000
G1 X146.740 Y129.630 E1.23684 F4000
G1 X146.740 Y130.050 F12000
G1 X109.260 Y130.050 E1.23684 F4000
G1 X109.260 Y130.470 F12000
G1 X146.740 Y130.470 E1.23684 F4000
G1 X146.740 Y130.890 F12000
G1 X109.260 Y130.890 E1.23684 F4000
G1 X109.260 Y131.310 F12000
G1 X146.740 Y131.310 E1.23684 F4000
G1 X146.740 Y131.730 F12000
G1 X109.260 Y131.730 E1.23684 F4000
G1 X109.260 Y132.150 F12000
G1 X146.740 Y132.150 E1.23684 F4000
G1 X146.740 Y132.570 F12000
G1 X109.260 Y132.570 E1.23684 F4000
G1 X109.260 Y132.990 F12000
G1 X146.740 Y132.990 E1.23684 F4000
G1 X146.740 Y133.410 F12000
G1 X109.260 Y133.410 E1.23684 F4000
G1 X109.260 Y133.830 F12000
G1 X146.740 Y133.830 E1.23684 F4000
G1 X146.740 Y134.250 F12000
G1 X109.260 Y134.250 E1.23684 F4000
G1 X109.260 Y134.670 F12000
G1 X146.740 Y134.670 E1.23684 F4000
G1 X146.740 Y135.090 F12000
G1 X109.260 Y135.090 E1.23684 F4000
G1 X109.260 Y135.510 F12000
G1 X146.740 Y135.510 E1.23684 F4000
G1 X146.740 Y135.930 F12000
G1 X109.260 Y135.930 E1.23684 F4000
G1 X109.260 Y136.350 F12000
G1 X146.740 Y136.350 E1.23684 F4000
G1 X146.740 Y136.770 F12000
G1 X109.260 Y136.770 E1.23684 F4000
G1 X109.260 Y137.190 F12000
G1 X146.740 Y137.190 E1.23684 F4000
G1 X146.740 Y137.610 F12000
G1 X109.260 Y137.610 E1.23684 F4000
G1 X109.260 Y138.030 F12000
G1 X146.740 Y138.030 E1.23684 F4000
G1 X146.740 Y138.450 F12000
G1 X109.260 Y138.450 E1.23684 F4000
G1 X109.260 Y138.870 F12000
G1 X146.740 Y138.870 E1.23684 F4000
G1 X146.740 Y139.290 F12000
G1 X109.260 Y139.290 E1.23684 F4000
G1 X109.260 Y139.710 F12000
G1 X146.740 Y139.710 E1.23684 F4000
G1 X146.740 Y140.130 F12000
G1 X109.260 Y140.130 E1.23684 F4000
G1 X109.260 Y140.550 F12000
G1 X146.740 Y140.550 E1.23684 F4000
G1 X146.740 Y140.970 F12000
G1 X109.260 Y140.970 E1.23684 F4000
G1 X109.260 Y141.390 F12000
G1 X146.740 Y141.390 E1.23684 F4000
G1 X146.740 Y141.810 F12000
G1 X109.260 Y141.810 E1.23684 F4000
G1 X109.260 Y142.230 F12000
G1 X146.740 Y142.230 E1.23684 F4000
G1 X146.740 Y142.650 F12000
G1 X109.260 Y142.650 E1.23684 F4000
G1 X109.260 Y143.070 F12000
G1 X146.740 Y143.070 E1.23684 F4000
G1 X146.740 Y143.490 F12000
G1 X109.260 Y143.490 E1.23684 F4000
G1 X109.260 Y143.910 F12000
G1 X146.740 Y143.910 E1.23684 F4000
G1 X146.740 Y144.330 F12000
G1 X109.260 Y144.330 E1.23684 F4000
G1 X109.260 Y144.750 F12000
G1 X146.740 Y144.750 E1.23684 F4000
G1 X146.740 Y145.170 F12000
G1 X109.260 Y145.170 E1.23684 F4000
G1 X109.260 Y145.590 F12000
G1 X146.740 Y145.590 E1.23684 F4000
G1 X146.740 Y146.010 F12000
G1 X109.260 Y146.010 E1.23684 F4000
G1 X109.260 Y146.430 F12000
G1 X146.740 Y146.430 E1.23684 F4000
; CHANGE_LAYER
; Z_HEIGHT: 3.4
; LAYER_HEIGHT: 0.2
; LINE_WIDTH: 0.42
G1 E-.8 F1800
G1 Z3.800 F600
G1 Z3.400
G1 E.8 F1800
G1 X108.210 Y108.210 F12000
; FEATURE: Outer wall
G1 X147.790 Y108.210 E1.30614 F3000
G1 X147.790 Y147.790 E1.30614 F3000
G1 X108.210 Y147.790 E1.30614 F3000
G1 X108.210 Y108.210 E1.30614 F3000
G1 X108.630 Y108.630 F12000
; FEATURE: Inner wall
G1 X147.370 Y108.630 E1.27842 F3000
G1 X147.370 Y147.370 E1.27842 F3000
G1 X108.630 Y147.370 E1.27842 F3000
G1 X108.630 Y108.630 E1.27842 F3000
G1 X109.050 Y109.050 F12000
; FEATURE: Inner wall
G1 X146.950 Y109.050 E1.25070 F3000
G1 X146.950 Y146.950 E1.25070 F3000
G1 X109.050 Y146.950 E1.25070 F3000
G1 X109.050 Y109.050 E1.25070 F3000
; FEATURE: Internal solid infill
G1 X109.260 Y109.470 F12000
G1 X146.740 Y109.470 E1.23684 F4000
G1 X146.740 Y109.890 F12000
G1 X109.260 Y109.890 E1.23684 F4000
G1 X109.260 Y110.310 F12000
G1 X146.740 Y110.310 E1.23684 F4000
G1 X146.740 Y110.730 F12000
G1 X109.260 Y110.730 E1.23684 F4000
G1 X109.260 Y111.150 F12000
G1 X146.740 Y111.150 E1.23684 F4000
G1 X146.740 Y111.570 F12000
G1 X109.260 Y111.570 E1.23684 F4000
G1 X109.260 Y111.990 F12000
G1 X146.740 Y111.990 E1.23684 F4000
G1 X146.740 Y112.410 F12000
G1 X109.260 Y112.410 E1.23684 F4000
G1 X109.260 Y112.830 F12000
G1 X146.740 Y112.830 E1.23684 F4000
G1 X146.740 Y113.250 F12000
G1 X109.260 Y113.250 E1.23684 F4000
G1 X109.260 Y113.670 F12000
G1 X146.740 Y113.670 E1.23684 F4000
G1 X146.740 Y114.090 F12000
G1 X109.260 Y114.090 E1.23684 F4000
G1 X109.260 Y114.510 F12000
G1 X146.740 Y114.510 E1.23684 F4000
G1 X146.740 Y114.930 F12000
G1 X109.260 Y114.930 E1.23684 F4000
G1 X109.260 Y115.350 F12000
G1 X146.740 Y115.350 E1.23684 F4000
G1 X146.740 Y115.770 F12000
G1 X109.260 Y115.770 E1.23684 F4000
G1 X109.260 Y116.190 F12000
G1 X146.740 Y116.190 E1.23684 F4000
G1 X146.740 Y116.610 F12000
G1 X109.260 Y116.610 E1.23684 F4000
G1 X109.260 Y117.030 F12000
G1 X146.740 Y117.030 E1.23684 F4000
G1 X146.740 Y117.450 F12000
G1 X109.260 Y117.450 E1.23684 F4000
G1 X109.260 Y117.870 F12000
G1 X146.740 Y117.870 E1.23684 F4000
G1 X146.740 Y118.290 F12000
G1 X109.260 Y118.290 E1.23684 F4000
G1 X109.260 Y118.710 F12000
G1 X146.740 Y118.710 E1.23684 F4000
G1 X146.740 Y119.130 F12000
G1 X109.260 Y119.130 E1.23684 F4000
G1 X109.260 Y119.550 F12000
G1 X146.740 Y119.550 E1.23684 F4000
G1 X146.740 Y119.970 F12000
G1 X109.260 Y119.970 E1.23684 F4000
G1 X109.260 Y120.390 F12000
G1 X146.740 Y120.390 E1.23684 F4000
G1 X146.740 Y120.810 F12000
G1 X109.260 Y120.810 E1.23684 F4000
G1 X109.260 Y121.230 F12000
G1 X146.740 Y121.230 E1.23684 F4000
G1 X146.740 Y121.650 F12000
G1 X109.260 Y121.650 E1.23684 F4000
G1 X109.260 Y122.070 F12000
G1 X146.740 Y122.070 E1.23684 F4000
G1 X146.740 Y122.490 F12000
G1 X109.260 Y122.490 E1.23684 F4000
G1 X109.260 Y122.910 F12000
G1 X146.740 Y122.910 E1.23684 F4000
G1 X146.740 Y123.330 F12000
G1 X109.260 Y123.330 E1.23684 F4000
G1 X109.260 Y123.750 F12000
G1 X146.740 Y123.750 E1.23684 F4000
G1 X146.740 Y124.170 F12000
G1 X109.260 Y124.170 E1.23684 F4000
G1 X109.260 Y124.590 F12000
G1 X146.740 Y124.590 E1.23684 F4000
G1 X146.740 Y125.010 F12000
G1 X109.260 Y125.010 E1.23684 F4000
G1 X109.260 Y125.430 F12000
G1 X146.740 Y125.430 E1.23684 F4000
G1 X146.740 Y125.850 F12000
G1 X109.260 Y125.850 E1.23684 F4000
G1 X109.260 Y126.270 F12000
G1 X146.740 Y126.270 E1.23684 F4000
G1 X146.740 Y126.690 F12000
G1 X109.260 Y126.690 E1.23684 F4000
G1 X109.260 Y127.110 F12000
G1 X146.740 Y127.110 E1.23684 F4000
G1 X146.740 Y127.530 F12000
G1 X109.260 Y127.530 E1.23684 F4000
G1 X109.260 Y127.950 F12000
G1 X146.740 Y127.950 E1.23684 F4000
G1 X146.740 Y128.370 F12000
G1 X109.260 Y128.370 E1.23684 F4000
G1 X109.260 Y128.790 F12000
G1 X146.740 Y128.790 E1.23684 F4000
G1 X146.740 Y129.210 F12000
G1 X109.260 Y129.210 E1.23684 F4000
G1 X109.260 Y129.630 F12000
G1 X146.740 Y129.630 E1.23684 F4000
G1 X146.740 Y130.050 F12000
G1 X109.260 Y130.050 E1.23684 F4000
G1 X109.260 Y130.470 F12000
G1 X146.740 Y130.470 E1.23684 F4000
G1 X146.740 Y130.890 F12000
G1 X109.260 Y130.890 E1.23684 F4000
G1 X109.260 Y131.310 F12000
G1 X146.740 Y131.310 E1.23684 F4000
G1 X146.740 Y131.730 F12000
G1 X109.260 Y131.730 E1.23684 F4000
G1 X109.260 Y132.150 F12000
G1 X146.740 Y132.150 E1.23684 F4000
G1 X146.740 Y132.570 F12000
G1 X109.260 Y132.570 E1.23684 F4000
G1 X109.260 Y132.990 F12000
G1 X146.740 Y132.990 E1.23684 F4000
G1 X146.740 Y133.410 F12000
G1 X109.260 Y133.410 E1.23684 F4000
G1 X109.260 Y133.830 F12000
G1 X146.740 Y133.830 E1.23684 F4000
G1 X146.740 Y134.250 F12000
G1 X109.260 Y134.250 E1.23684 F4000
G1 X109.260 Y134.670 F12000
G1 X146.740 Y134.670 E1.23684 F4000
G1 X146.740 Y135.090 F12000
G1 X109.260 Y135.090 E1.23684 F4000
G1 X109.260 Y135.510 F12000
G1 X146.740 Y135.510 E1.23684 F4000
G1 X146.740 Y135.930 F12000
G1 X109.260 Y135.930 E1.23684 F4000
G1 X109.260 Y136.350 F12000
G1 X146.740 Y136.350 E1.23684 F4000
G1 X146.740 Y136.770 F12000
G1 X109.260 Y136.770 E1.23684 F4000
G1 X109.260 Y137.190 F12000
G1 X146.740 Y137.190 E1.23684 F4000
G1 X146.740 Y137.610 F12000
G1 X109.260 Y137.610 E1.23684 F4000
G1 X109.260 Y138.030 F12000
G1 X146.740 Y138.030 E1.23684 F4000
G1 X146.740 Y138.450 F12000
G1 X109.260 Y138.450 E1.23684 F4000
G1 X109.260 Y138.870 F12000
G1 X146.740 Y138.870 E1.23684 F4000
G1 X146.740 Y139.290 F12000
G1 X109.260 Y139.290 E1.23684 F4000
G1 X109.260 Y139.710 F12000
G1 X146.740 Y139.710 E1.23684 F4000
G1 X146.740 Y140.130 F12000
G1 X109.260 Y140.130 E1.23684 F4000
G1 X109.260 Y140.550 F12000
G1 X146.740 Y140.550 E1.23684 F4000
G1 X146.740 Y140.970 F12000
G1 X109.260 Y140.970 E1.23684 F4000
G1 X109.260 Y141.390 F12000
G1 X146.740 Y141.390 E1.23684 F4000
G1 X146.740 Y141.810 F12000
G1 X109.260 Y141.810 E1.23684 F4000
G1 X109.260 Y142.230 F12000
G1 X146.740 Y142.230 E1.23684 F4000
G1 X146.740 Y142.650 F12000
G1 X109.260 Y142.650 E1.23684 F4000
G1 X109.260 Y143.070 F12000
G1 X146.740 Y143.070 E1.23684 F4000
G1 X146.740 Y143.490 F12000
G1 X109.260 Y143.490 E1.23684 F4000
G1 X109.260 Y143.910 F12000
G1 X146.740 Y143.910 E1.23684 F4000
G1 X146.740 Y144.330 F12000
G1 X109.260 Y144.330 E1.23684 F4000
G1 X109.260 Y144.750 F12000
G1 X146.740 Y144.750 E1.23684 F4000
G1 X146.740 Y145.170 F12000
G1 X109.260 Y145.170 E1.23684 F4000
G1 X109.260 Y145.590 F12000
G1 X146.740 Y145.590 E1.23684 F4000
G1 X146.740 Y146.010 F12000
G1 X109.260 Y146.010 E1.23684 F4000
G1 X109.260 Y146.430 F12000
G1 X146.740 Y146.430 E1.23684 F4000
; CHANGE_LAYER
; Z_HEIGHT: 3.6
; LAYER_HEIGHT: 0.2
; LINE_WIDTH: 0.42
G1 E-.8 F1800
G1 Z4.000 F600
G1 Z3.600
G1 E.8 F1800
G1 X108.210 Y108.210 F12000
; FEATURE: Outer wall
G1 X147.790 Y108.210 E1.30614 F3000
G1 X147.790 Y147.790 E1.30614 F3000
G1 X108.210 Y147.790 E1.30614 F3000
G1 X108.210 Y108.210 E1.30614 F3000
G1 X108.630 Y108.630 F12000
; FEATURE: Inner wall
G1 X147.370 Y108.630 E1.27842 F3000
G1 X147.370 Y147.370 E1.27842 F3000
G1 X108.630 Y147.370 E1.27842 F3000
G1 X108.630 Y108.630 E1.27842 F3000
G1 X109.050 Y109.050 F12000
; FEATURE: Inner wall
G1 X146.950 Y109.050 E1.25070 F3000
G1 X146.950 Y146.950 E1.25070 F3000
G1 X109.050 Y146.950 E1.25070 F3000
G1 X109.050 Y109.050 E1.25070 F3000
; FEATURE: Internal solid infill
G1 X109.260 Y109.470 F12000
G1 X146.740 Y109.470 E1.23684 F4000
G1 X146.740 Y109.890 F12000
G1 X109.260 Y109.890 E1.23684 F4000
G1 X109.260 Y110.310 F12000
G1 X146.740 Y110.310 E1.23684 F4000
G1 X146.740 Y110.730 F12000
G1 X109.260 Y110.730 E1.23684 F4000
G1 X109.260 Y111.150 F12000
G1 X146.740 Y111.150 E1.23684 F4000
G1 X146.740 Y111.570 F12000
G1 X109.260 Y111.570 E1.23684 F4000
G1 X109.260 Y111.990 F12000
G1 X146.740 Y111.990 E1.23684 F4000
G1 X146.740 Y112.410 F12000
G1 X109.260 Y112.410 E1.23684 F4000
G1 X109.260 Y112.830 F12000
G1 X146.740 Y112.830 E1.23684 F4000
G1 X146.740 Y113.250 F12000
G1 X109.260 Y113.250 E1.23684 F4000
G1 X109.260 Y113.670 F12000
G1 X146.740 Y113.670 E1.23684 F4000
G1 X146.740 Y114.090 F12000
G1 X109.260 Y114.090 E1.23684 F4000
G1 X109.260 Y114.510 F12000
G1 X146.740 Y114.510 E1.23684 F4000
G1 X146.740 Y114.930 F12000
G1 X109.260 Y114.930 E1.23684 F4000
G1 X109.260 Y115.350 F12000
G1 X146.740 Y115.350 E1.23684 F4000
G1 X146.740 Y115.770 F12000
G1 X109.260 Y115.770 E1.23684 F4000
G1 X109.260 Y116.190 F12000
G1 X146.740 Y116.190 E1.23684 F4000
G1 X146.740 Y116.610 F12000
G1 X109.260 Y116.610 E1.23684 F4000
G1 X109.260 Y117.030 F12000
G1 X146.740 Y117.030 E1.23684 F4000
G1 X146.740 Y117.450 F12000
G1 X109.260 Y117.450 E1.23684 F4000
G1 X109.260 Y117.870 F12000
G1 X146.740 Y117.870 E1.23684 F4000
G1 X146.740 Y118.290 F12000
G1 X109.260 Y118.290 E1.23684 F4000
G1 X109.260 Y118.710 F12000
G1 X146.740 Y118.710 E1.23684 F4000
G1 X146.740 Y119.130 F12000
G1 X109.260 Y119.130 E1.23684 F4000
G1 X109.260 Y119.550 F12000
G1 X146.740 Y119.550 E1.23684 F4000
G1 X146.740 Y119.970 F12000
G1 X109.260 Y119.970 E1.23684 F4000
G1 X109.260 Y120.390 F12000
G1 X146.740 Y120.390 E1.23684 F4000
G1 X146.740 Y120.810 F12000
G1 X109.260 Y120.810 E1.23684 F4000
G1 X109.260 Y121.230 F12000
G1 X146.740 Y121.230 E1.23684 F4000
G1 X146.740 Y121.650 F12000
G1 X109.260 Y121.650 E1.23684 F4000
G1 X109.260 Y122.070 F12000
G1 X146.740 Y122.070 E1.23684 F4000
G1 X146.740 Y122.490 F12000
G1 X109.260 Y122.490 E1.23684 F4000
G1 X109.260 Y122.910 F12000
G1 X146.740 Y122.910 E1.23684 F4000
G1 X146.740 Y123.330 F12000
G1 X109.260 Y123.330 E1.23684 F4000
G1 X109.260 Y123.750 F12000
G1 X146.740 Y123.750 E1.23684 F4000
G1 X146.740 Y124.170 F12000
G1 X109.260 Y124.170 E1.23684 F4000
G1 X109.260 Y124.590 F12000
G1 X146.740 Y124.590 E1.23684 F4000
G1 X146.740 Y125.010 F12000
G1 X109.260 Y125.010 E1.23684 F4000
G1 X109.260 Y125.430 F12000
G1 X146.740 Y125.430 E1.23684 F4000
G1 X146.740 Y125.850 F12000
G1 X109.260 Y125.850 E1.23684 F4000
G1 X109.260 Y126.270 F12000
G1 X146.740 Y126.270 E1.23684 F4000
G1 X146.740 Y126.690 F12000
G1 X109.260 Y126.690 E1.23684 F4000
G1 X109.260 Y127.110 F12000
G1 X146.740 Y127.110 E1.23684 F4000
G1 X146.740 Y127.530 F12000
G1 X109.260 Y127.530 E1.23684 F4000
G1 X109.260 Y127.950 F12000
G1 X146.740 Y127.950 E1.23684 F4000
G1 X146.740 Y128.370 F12000
G1 X109.260 Y128.370 E1.23684 F4000
G1 X109.260 Y128.790 F12000
G1 X146.740 Y128.790 E1.23684 F4000
G1 X146.740 Y129.210 F12000
G1 X109.260 Y129.210 E1.23684 F4000
G1 X109.260 Y129.630 F12000
G1 X146.740 Y129.630 E1.23684 F4000
G1 X146.740 Y130.050 F12000
G1 X109.260 Y130.050 E1.23684 F4000
G1 X109.260 Y130.470 F12000
G1 X146.740 Y130.470 E1.23684 F4000
G1 X146.740 Y130.890 F12000
G1 X109.260 Y130.890 E1.23684 F4000
G1 X109.260 Y131.310 F12000
G1 X146.740 Y131.310 E1.23684 F4000
G1 X146.740 Y131.730 F12000
G1 X109.260 Y131.730 E1.23684 F4000
G1 X109.260 Y132.150 F12000
G1 X146.740 Y132.150 E1.23684 F4000
G1 X146.740 Y132.570 F12000
G1 X109.260 Y132.570 E1.23684 F4000
G1 X109.260 Y132.990 F12000
G1 X146.740 Y132.990 E1.23684 F4000
G1 X146.740 Y133.410 F12000
G1 X109.260 Y133.410 E1.23684 F4000
G1 X109.260 Y133.830 F12000
G1 X146.740 Y133.830 E1.23684 F4000
G1 X146.740 Y134.250 F12000
G1 X109.260 Y134.250 E1.23684 F4000
G1 X109.260 Y134.670 F12000
G1 X146.740 Y134.670 E1.23684 F4000
G1 X146.740 Y135.090 F12000
G1 X109.260 Y135.090 E1.23684 F4000
G1 X109.260 Y135.510 F12000
G1 X146.740 Y135.510 E1.23684 F4000
G1 X146.740 Y135.930 F12000
G1 X109.260 Y135.930 E1.23684 F4000
G1 X109.260 Y136.350 F12000
G1 X146.740 Y136.350 E1.23684 F4000
G1 X146.740 Y136.770 F12000
G1 X109.260 Y136.770 E1.23684 F4000
G1 X109.260 Y137.190 F12000
G1 X146.740 Y137.190 E1.23684 F4000
G1 X146.740 Y137.610 F12000
G1 X109.260 Y137.610 E1.23684 F4000
G1 X109.260 Y138.030 F12000
G1 X146.740 Y138.030 E1.23684 F4000
G1 X146.740 Y138.450 F12000
G1 X109.260 Y138.450 E1.23684 F4000
G1 X109.260 Y138.870 F12000
G1 X146.740 Y138.870 E1.23684 F4000
G1 X146.740 Y139.290 F12000
G1 X109.260 Y139.290 E1.23684 F4000
G1 X109.260 Y139.710 F12000
G1 X146.740 Y139.710 E1.23684 F4000
G1 X146.740 Y140.130 F12000
G1 X109.260 Y140.130 E1.23684 F4000
G1 X109.260 Y140.550 F12000
G1 X146.740 Y140.550 E1.23684 F4000
G1 X146.740 Y140.970 F12000
G1 X109.260 Y140.970 E1.23684 F4000
G1 X109.260 Y141.390 F12000
G1 X146.740 Y141.390 E1.23684 F4000
G1 X146.740 Y141.810 F12000
G1 X109.260 Y141.810 E1.23684 F4000
G1 X109.260 Y142.230 F12000
G1 X146.740 Y142.230 E1.23684 F4000
G1 X146.740 Y142.650 F12000
G1 X109.260 Y142.650 E1.23684 F4000
G1 X109.260 Y143.070 F12000
G1 X146.740 Y143.070 E1.23684 F4000
G1 X146.740 Y143.490 F12000
G1 X109.260 Y143.490 E1.23684 F4000
G1 X109.260 Y143.910 F12000
G1 X146.740 Y143.910 E1.23684 F4000
G1 X146.740 Y144.330 F12000
G1 X109.260 Y144.330 E1.23684 F4000
G1 X109.260 Y144.750 F12000
G1 X146.740 Y144.750 E1.23684 F4000
G1 X146.740 Y145.170 F12000
G1 X109.260 Y145.170 E1.23684 F4000
G1 X109.260 Y145.590 F12000
G1 X146.740 Y145.590 E1.23684 F4000
G1 X146.740 Y146.010 F12000
G1 X109.260 Y146.010 E1.23684 F4000
G1 X109.260 Y146.430 F12000
G1 X146.740 Y146.430 E1.23684 F4000
; CHANGE_LAYER
; Z_HEIGHT: 3.8
; LAYER_HEIGHT: 0.2
; LINE_WIDTH: 0.42
G1 E-.8 F1800
G1 Z4.200 F600
G1 Z3.800
G1 E.8 F1800
G1 X108.210 Y108.210 F12000
; FEATURE: Outer wall
G1 X147.790 Y108.210 E1.30614 F3000
G1 X147.790 Y147.790 E1.30614 F3000
G1 X108.210 Y147.790 E1.30614 F3000
G1 X108.210 Y108.210 E1.30614 F3000
G1 X108.630 Y108.630 F12000
; FEATURE: Inner wall
G1 X147.370 Y108.630 E1.27842 F3000
G1 X147.370 Y147.370 E1.27842 F3000
G1 X108.630 Y147.370 E1.27842 F3000
G1 X108.630 Y108.630 E1.27842 F3000
G1 X109.050 Y109.050 F12000
; FEATURE: Inner wall
G1 X146.950 Y109.050 E1.25070 F3000
G1 X146.950 Y146.950 E1.25070 F3000
G1 X109.050 Y146.950 E1.25070 F3000
G1 X109.050 Y109.050 E1.25070 F3000
; FEATURE: Internal solid infill
G1 X109.260 Y109.470 F12000
G1 X146.740 Y109.470 E1.23684 F4000
G1 X146.740 Y109.890 F12000
G1 X109.260 Y109.890 E1.23684 F4000
G1 X109.260 Y110.310 F12000
G1 X146.740 Y110.310 E1.23684 F4000
G1 X146.740 Y110.730 F12000
G1 X109.260 Y110.730 E1.23684 F4000
G1 X109.260 Y111.150 F12000
G1 X146.740 Y111.150 E1.23684 F4000
G1 X146.740 Y111.570 F12000
G1 X109.260 Y111.570 E1.23684 F4000
G1 X109.260 Y111.990 F12000
G1 X146.740 Y111.990 E1.23684 F4000
G1 X146.740 Y112.410 F12000
G1 X109.260 Y112.410 E1.23684 F4000
G1 X109.260 Y112.830 F12000
G1 X146.740 Y112.830 E1.23684 F4000
G1 X146.740 Y113.250 F12000
G1 X109.260 Y113.250 E1.23684 F4000
G1 X109.260 Y113.670 F12000
G1 X146.740 Y113.670 E1.23684 F4000
G1 X146.740 Y114.090 F12000
G1 X109.260 Y114.090 E1.23684 F4000
G1 X109.260 Y114.510 F12000
G1 X146.740 Y114.510 E1.23684 F4000
G1 X146.740 Y114.930 F12000
G1 X109.260 Y114.930 E1.23684 F4000
G1 X109.260 Y115.350 F12000
G1 X146.740 Y115.350 E1.23684 F4000
G1 X146.740 Y115.770 F12000
G1 X109.260 Y115.770 E1.23684 F4000
G1 X109.260 Y116.190 F12000
G1 X146.740 Y116.190 E1.23684 F4000
G1 X146.740 Y116.610 F12000
G1 X109.260 Y116.610 E1.23684 F4000
G1 X109.260 Y117.030 F12000
G1 X146.740 Y117.030 E1.23684 F4000
G1 X146.740 Y117.450 F12000
G1 X109.260 Y117.450 E1.23684 F4000
G1 X109.260 Y117.870 F12000
G1 X146.740 Y117.870 E1.23684 F4000
G1 X146.740 Y118.290 F12000
G1 X109.260 Y118.290 E1.23684 F4000
G1 X109.260 Y118.710 F12000
G1 X146.740 Y118.710 E1.23684 F4000
G1 X146.740 Y119.130 F12000
G1 X109.260 Y119.130 E1.23684 F4000
G1 X109.260 Y119.550 F12000
G1 X146.740 Y119.550 E1.23684 F4000
G1 X146.740 Y119.970 F12000
G1 X109.260 Y119.970 E1.23684 F4000
G1 X109.260 Y120.390 F12000
G1 X146.740 Y120.390 E1.23684 F4000
G1 X146.740 Y120.810 F12000
G1 X109.260 Y120.810 E1.23684 F4000
G1 X109.260 Y121.230 F12000
G1 X146.740 Y121.230 E1.23684 F4000
G1 X146.740 Y121.650 F12000
G1 X109.260 Y121.650 E1.23684 F4000
G1 X109.260 Y122.070 F12000
G1 X146.740 Y122.070 E1.23684 F4000
G1 X146.740 Y122.490 F12000
G1 X109.260 Y122.490 E1.23684 F4000
G1 X109.260 Y122.910 F12000
G1 X146.740 Y122.910 E1.23684 F4000
G1 X146.740 Y123.330 F12000
G1 X109.260 Y123.330 E1.23684 F4000
G1 X109.260 Y123.750 F12000
G1 X146.740 Y123.750 E1.23684 F4000
G1 X146.740 Y124.170 F12000
G1 X109.260 Y124.170 E1.23684 F4000
G1 X109.260 Y124.590 F12000
G1 X146.740 Y124.590 E1.23684 F4000
G1 X146.740 Y125.010 F12000
G1 X109.260 Y125.010 E1.23684 F4000
G1 X109.260 Y125.430 F12000
G1 X146.740 Y125.430 E1.23684 F4000
G1 X146.740 Y125.850 F12000
G1 X109.260 Y125.850 E1.23684 F4000
G1 X109.260 Y126.270 F12000
G1 X146.740 Y126.270 E1.23684 F4000
G1 X146.740 Y126.690 F12000
G1 X109.260 Y126.690 E1.23684 F4000
G1 X109.260 Y127.110 F12000
G1 X146.740 Y127.110 E1.23684 F4000
G1 X146.740 Y127.530 F12000
G1 X109.260 Y127.530 E1.23684 F4000
G1 X109.260 Y127.950 F12000
G1 X146.740 Y127.950 E1.23684 F4000
G1 X146.740 Y128.370 F12000
G1 X109.260 Y128.370 E1.23684 F4000
G1 X109.260 Y128.790 F12000
G1 X146.740 Y128.790 E1.23684 F4000
G1 X146.740 Y129.210 F12000
G1 X109.260 Y129.210 E1.23684 F4000
G1 X109.260 Y129.630 F12000
G1 X146.740 Y129.630 E1.23684 F4000
G1 X146.740 Y130.050 F12000
G1 X109.260 Y130.050 E1.23684 F4000
G1 X109.260 Y130.470 F12000
G1 X146.740 Y130.470 E1.23684 F4000
G1 X146.740 Y130.890 F12000
G1 X109.260 Y130.890 E1.23684 F4000
G1 X109.260 Y131.310 F12000
G1 X146.740 Y131.310 E1.23684 F4000
G1 X146.740 Y131.730 F12000
G1 X109.260 Y131.730 E1.23684 F4000
G1 X109.260 Y132.150 F12000
G1 X146.740 Y132.150 E1.23684 F4000
G1 X146.740 Y132.570 F12000
G1 X109.260 Y132.570 E1.23684 F4000
G1 X109.260 Y132.990 F12000
G1 X146.740 Y132.990 E1.23684 F4000
G1 X146.740 Y133.410 F12000
G1 X109.260 Y133.410 E1.23684 F4000
G1 X109.260 Y133.830 F12000
G1 X146.740 Y133.830 E1.23684 F4000
G1 X146.740 Y134.250 F12000
G1 X109.260 Y134.250 E1.23684 F4000
G1 X109.260 Y134.670 F12000
G1 X146.740 Y134.670 E1.23684 F4000
G1 X146.740 Y135.090 F12000
G1 X109.260 Y135.090 E1.23684 F4000
G1 X109.260 Y135.510 F12000
G1 X146.740 Y135.510 E1.23684 F4000
G1 X146.740 Y135.930 F12000
G1 X109.260 Y135.930 E1.23684 F4000
G1 X109.260 Y136.350 F12000
G1 X146.740 Y136.350 E1.23684 F4000
G1 X146.740 Y136.770 F12000
G1 X109.260 Y136.770 E1.23684 F4000
G1 X109.260 Y137.190 F12000
G1 X146.740 Y137.190 E1.23684 F4000
G1 X146.740 Y137.610 F12000
G1 X109.260 Y137.610 E1.23684 F4000
G1 X109.260 Y138.030 F12000
G1 X146.740 Y138.030 E1.23684 F4000
G1 X146.740 Y138.450 F12000
G1 X109.260 Y138.450 E1.23684 F4000
G1 X109.260 Y138.870 F12000
G1 X146.740 Y138.870 E1.23684 F4000
G1 X146.740 Y139.290 F12000
G1 X109.260 Y139.290 E1.23684 F4000
G1 X109.260 Y139.710 F12000
G1 X146.740 Y139.710 E1.23684 F4000
G1 X146.740 Y140.130 F12000
G1 X109.260 Y140.130 E1.23684 F4000
G1 X109.260 Y140.550 F12000
G1 X146.740 Y140.550 E1.23684 F4000
G1 X146.740 Y140.970 F12000
G1 X109.260 Y140.970 E1.23684 F4000
G1 X109.260 Y141.390 F12000
G1 X146.740 Y141.390 E1.23684 F4000
G1 X146.740 Y141.810 F12000
G1 X109.260 Y141.810 E1.23684 F4000
G1 X109.260 Y142.230 F12000
G1 X146.740 Y142.230 E1.23684 F4000
G1 X146.740 Y142.650 F12000
G1 X109.260 Y142.650 E1.23684 F4000
G1 X109.260 Y143.070 F12000
G1 X146.740 Y143.070 E1.23684 F4000
G1 X146.740 Y143.490 F12000
G1 X109.260 Y143.490 E1.23684 F4000
G1 X109.260 Y143.910 F12000
G1 X146.740 Y143.910 E1.23684 F4000
G1 X146.740 Y144.330 F12000
G1 X109.260 Y144.330 E1.23684 F4000
G1 X109.260 Y144.750 F12000
G1 X146.740 Y144.750 E1.23684 F4000
G1 X146.740 Y145.170 F12000
G1 X109.260 Y145.170 E1.23684 F4000
G1 X109.260 Y145.590 F12000
G1 X146.740 Y145.590 E1.23684 F4000
G1 X146.740 Y146.010 F12000
G1 X109.260 Y146.010 E1.23684 F4000
G1 X109.260 Y146.430 F12000
G1 X146.740 Y146.430 E1.23684 F4000
; CHANGE_LAYER
; Z_HEIGHT: 4.0
; LAYER_HEIGHT: 0.2
; LINE_WIDTH: 0.42
G1 E-.8 F1800
G1 Z4.400 F600
G1 Z4.000
G1 E.8 F1800
G1 X108.210 Y108.210 F12000
; FEATURE: Outer wall
G1 X147.790 Y108.210 E1.30614 F3000
G1 X147.790 Y147.790 E1.30614 F3000
G1 X108.210 Y147.790 E1.30614 F3000
G1 X108.210 Y108.210 E1.30614 F3000
G1 X108.630 Y108.630 F12000
; FEATURE: Inner wall
G1 X147.370 Y108.630 E1.27842 F3000
G1 X147.370 Y147.370 E1.27842 F3000
G1 X108.630 Y147.370 E1.27842 F3000
G1 X108.630 Y108.630 E1.27842 F3000
G1 X109.050 Y109.050 F12000
; FEATURE: Inner wall
G1 X146.950 Y109.050 E1.25070 F3000
G1 X146.950 Y146.950 E1.25070 F3000
G1 X109.050 Y146.950 E1.25070 F3000
G1 X109.050 Y109.050 E1.25070 F3000
; FEATURE: Internal solid infill
G1 X109.260 Y109.470 F12000
G1 X146.740 Y109.470 E1.23684 F4000
G1 X146.740 Y109.890 F12000
G1 X109.260 Y109.890 E1.23684 F4000
G1 X109.260 Y110.310 F12000
G1 X146.740 Y110.310 E1.23684 F4000
G1 X146.740 Y110.730 F12000
G1 X109.260 Y110.730 E1.23684 F4000
G1 X109.260 Y111.150 F12000
G1 X146.740 Y111.150 E1.23684 F4000
G1 X146.740 Y111.570 F12000
G1 X109.260 Y111.570 E1.23684 F4000
G1 X109.260 Y111.990 F12000
G1 X146.740 Y111.990 E1.23684 F4000
G1 X146.740 Y112.410 F12000
G1 X109.260 Y112.410 E1.23684 F4000
G1 X109.260 Y112.830 F12000
G1 X146.740 Y112.830 E1.23684 F4000
G1 X146.740 Y113.250 F12000
G1 X109.260 Y113.250 E1.23684 F4000
G1 X109.260 Y113.670 F12000
G1 X146.740 Y113.670 E1.23684 F4000
G1 X146.740 Y114.090 F12000
G1 X109.260 Y114.090 E1.23684 F4000
G1 X109.260 Y114.510 F12000
G1 X146.740 Y114.510 E1.23684 F4000
G1 X146.740 Y114.930 F12000
G1 X109.260 Y114.930 E1.23684 F4000
G1 X109.260 Y115.350 F12000
G1 X146.740 Y115.350 E1.23684 F4000
G1 X146.740 Y115.770 F12000
G1 X109.260 Y115.770 E1.23684 F4000
G1 X109.260 Y116.190 F12000
G1 X146.740 Y116.190 E1.23684 F4000
G1 X146.740 Y116.610 F12000
G1 X109.260 Y116.610 E1.23684 F4000
G1 X109.260 Y117.030 F12000
G1 X146.740 Y117.030 E1.23684 F4000
G1 X146.740 Y117.450 F12000
G1 X109.260 Y117.450 E1.23684 F4000
G1 X109.260 Y117.870 F12000
G1 X146.740 Y117.870 E1.23684 F4000
G1 X146.740 Y118.290 F12000
G1 X109.260 Y118.290 E1.23684 F4000
G1 X109.260 Y118.710 F12000
G1 X146.740 Y118.710 E1.23684 F4000
G1 X146.740 Y119.130 F12000
G1 X109.260 Y119.130 E1.23684 F4000
G1 X109.260 Y119.550 F12000
G1 X146.740 Y119.550 E1.23684 F4000
G1 X146.740 Y119.970 F12000
G1 X109.260 Y119.970 E1.23684 F4000
G1 X109.260 Y120.390 F12000
G1 X146.740 Y120.390 E1.23684 F4000
G1 X146.740 Y120.810 F12000
G1 X109.260 Y120.810 E1.23684 F4000
G1 X109.260 Y121.230 F12000
G1 X146.740 Y121.230 E1.23684 F4000
G1 X146.740 Y121.650 F12000
G1 X109.260 Y121.650 E1.23684 F4000
G1 X109.260 Y122.070 F12000
G1 X146.740 Y122.070 E1.23684 F4000
G1 X146.740 Y122.490 F12000
G1 X109.260 Y122.490 E1.23684 F4000
G1 X109.260 Y122.910 F12000
G1 X146.740 Y122.910 E1.23684 F4000
G1 X146.740 Y123.330 F12000
G1 X109.260 Y123.330 E1.23684 F4000
G1 X109.260 Y123.750 F12000
G1 X146.740 Y123.750 E1.23684 F4000
G1 X146.740 Y124.170 F12000
G1 X109.260 Y124.170 E1.23684 F4000
G1 X109.260 Y124.590 F12000
G1 X146.740 Y124.590 E1.23684 F4000
G1 X146.740 Y125.010 F12000
G1 X109.260 Y125.010 E1.23684 F4000
G1 X109.260 Y125.430 F12000
G1 X146.740 Y125.430 E1.23684 F4000
G1 X146.740 Y125.850 F12000
G1 X109.260 Y125.850 E1.23684 F4000
G1 X109.260 Y126.270 F12000
G1 X146.740 Y126.270 E1.23684 F4000
G1 X146.740 Y126.690 F12000
G1 X109.260 Y126.690 E1.23684 F4000
G1 X109.260 Y127.110 F12000
G1 X146.740 Y127.110 E1.23684 F4000
G1 X146.740 Y127.530 F12000
G1 X109.260 Y127.530 E1.23684 F4000
G1 X109.260 Y127.950 F12000
G1 X146.740 Y127.950 E1.23684 F4000
G1 X146.740 Y128.370 F12000
G1 X109.260 Y128.370 E1.23684 F4000
G1 X109.260 Y128.790 F12000
G1 X146.740 Y128.790 E1.23684 F4000
G1 X146.740 Y129.210 F12000
G1 X109.260 Y129.210 E1.23684 F4000
G1 X109.260 Y129.630 F12000
G1 X146.740 Y129.630 E1.23684 F4000
G1 X146.740 Y130.050 F12000
G1 X109.260 Y130.050 E1.23684 F4000
G1 X109.260 Y130.470 F12000
G1 X146.740 Y130.470 E1.23684 F4000
G1 X146.740 Y130.890 F12000
G1 X109.260 Y130.890 E1.23684 F4000
G1 X109.260 Y131.310 F12000
G1 X146.740 Y131.310 E1.23684 F4000
G1 X146.740 Y131.730 F12000
G1 X109.260 Y131.730 E1.23684 F4000
G1 X109.260 Y132.150 F12000
G1 X146.740 Y132.150 E1.23684 F4000
G1 X146.740 Y132.570 F12000
G1 X109.260 Y132.570 E1.23684 F4000
G1 X109.260 Y132.990 F12000
G1 X146.740 Y132.990 E1.23684 F4000
G1 X146.740 Y133.410 F12000
G1 X109.260 Y133.410 E1.23684 F4000
G1 X109.260 Y133.830 F12000
G1 X146.740 Y133.830 E1.23684 F4000
G1 X146.740 Y134.250 F12000
G1 X109.260 Y134.250 E1.23684 F4000
G1 X109.260 Y134.670 F12000
G1 X146.740 Y134.670 E1.23684 F4000
G1 X146.740 Y135.090 F12000
G1 X109.260 Y135.090 E1.23684 F4000
G1 X109.260 Y135.510 F12000
G1 X146.740 Y135.510 E1.23684 F4000
G1 X146.740 Y135.930 F12000
G1 X109.260 Y135.930 E1.23684 F4000
G1 X109.260 Y136.350 F12000
G1 X146.740 Y136.350 E1.23684 F4000
G1 X146.740 Y136.770 F12000
G1 X109.260 Y136.770 E1.23684 F4000
G1 X109.260 Y137.190 F12000
G1 X146.740 Y137.190 E1.23684 F4000
G1 X146.740 Y137.610 F12000
G1 X109.260 Y137.610 E1.23684 F4000
G1 X109.260 Y138.030 F12000
G1 X146.740 Y138.030 E1.23684 F4000
G1 X146.740 Y138.450 F12000
G1 X109.260 Y138.450 E1.23684 F4000
G1 X109.260 Y138.870 F12000
G1 X146.740 Y138.870 E1.23684 F4000
G1 X146.740 Y139.290 F12000
G1 X109.260 Y139.290 E1.23684 F4000
G1 X109.260 Y139.710 F12000
G1 X146.740 Y139.710 E1.23684 F4000
G1 X146.740 Y140.130 F12000
G1 X109.260 Y140.130 E1.23684 F4000
G1 X109.260 Y140.550 F12000
G1 X146.740 Y140.550 E1.23684 F4000
G1 X146.740 Y140.970 F12000
G1 X109.260 Y140.970 E1.23684 F4000
G1 X109.260 Y141.390 F12000
G1 X146.740 Y141.390 E1.23684 F4000
G1 X146.740 Y141.810 F12000
G1 X109.260 Y141.810 E1.23684 F4000
G1 X109.260 Y142.230 F12000
G1 X146.740 Y142.230 E1.23684 F4000
G1 X146.740 Y142.650 F12000
G1 X109.260 Y142.650 E1.23684 F4000
G1 X109.260 Y143.070 F12000
G1 X146.740 Y143.070 E1.23684 F4000
G1 X146.740 Y143.490 F12000
G1 X109.260 Y143.490 E1.23684 F4000
G1 X109.260 Y143.910 F12000
G1 X146.740 Y143.910 E1.23684 F4000
G1 X146.740 Y144.330 F12000
G1 X109.260 Y144.330 E1.23684 F4000
G1 X109.260 Y144.750 F12000
G1 X146.740 Y144.750 E1.23684 F4000
G1 X146.740 Y145.170 F12000
G1 X109.260 Y145.170 E1.23684 F4000
G1 X109.260 Y145.590 F12000
G1 X146.740 Y145.590 E1.23684 F4000
G1 X146.740 Y146.010 F12000
G1 X109.260 Y146.010 E1.23684 F4000
G1 X109.260 Y146.430 F12000
G1 X146.740 Y146.430 E1.23684 F4000
; CHANGE_LAYER
; Z_HEIGHT: 4.2
; LAYER_HEIGHT: 0.2
; LINE_WIDTH: 0.42
G1 E-.8 F1800
G1 Z4.600 F600
G1 Z4.200
G1 E.8 F1800
G1 X108.210 Y108.210 F12000
; FEATURE: Outer wall
G1 X147.790 Y108.210 E1.30614 F3000
G1 X147.790 Y147.790 E1.30614 F3000
G1 X108.210 Y147.790 E1.30614 F3000
G1 X108.210 Y108.210 E1.30614 F3000
G1 X108.630 Y108.630 F12000
; FEATURE: Inner wall
G1 X147.370 Y108.630 E1.27842 F3000
G1 X147.370 Y147.370 E1.27842 F3000
G1 X108.630 Y147.370 E1.27842 F3000
G1 X108.630 Y108.630 E1.27842 F3000
G1 X109.050 Y109.050 F12000
; FEATURE: Inner wall
G1 X146.950 Y109.050 E1.25070 F3000
G1 X146.950 Y146.950 E1.25070 F3000
G1 X109.050 Y146.950 E1.25070 F3000
G1 X109.050 Y109.050 E1.25070 F3000
; FEATURE: Internal solid infill
G1 X109.260 Y109.470 F12000
G1 X146.740 Y109.470 E1.23684 F4000
G1 X146.740 Y109.890 F12000
G1 X109.260 Y109.890 E1.23684 F4000
G1 X109.260 Y110.310 F12000
G1 X146.740 Y110.310 E1.23684 F4000
G1 X146.740 Y110.730 F12000
G1 X109.260 Y110.730 E1.23684 F4000
G1 X109.260 Y111.150 F12000
G1 X146.740 Y111.150 E1.23684 F4000
G1 X146.740 Y111.570 F12000
G1 X109.260 Y111.570 E1.23684 F4000
G1 X109.260 Y111.990 F12000
G1 X146.740 Y111.990 E1.23684 F4000
G1 X146.740 Y112.410 F12000
G1 X109.260 Y112.410 E1.23684 F4000
G1 X109.260 Y112.830 F12000
G1 X146.740 Y112.830 E1.23684 F4000
G1 X146.740 Y113.250 F12000
G1 X109.260 Y113.250 E1.23684 F4000
G1 X109.260 Y113.670 F12000
G1 X146.740 Y113.670 E1.23684 F4000
G1 X146.740 Y114.090 F12000
G1 X109.260 Y114.090 E1.23684 F4000
G1 X109.260 Y114.510 F12000
G1 X146.740 Y114.510 E1.23684 F4000
G1 X146.740 Y114.930 F12000
G1 X109.260 Y114.930 E1.23684 F4000
G1 X109.260 Y115.350 F12000
G1 X146.740 Y115.350 E1.23684 F4000
G1 X146.740 Y115.770 F12000
G1 X109.260 Y115.770 E1.23684 F4000
G1 X109.260 Y116.190 F12000
G1 X146.740 Y116.190 E1.23684 F4000
G1 X146.740 Y116.610 F12000
G1 X109.260 Y116.610 E1.23684 F4000
G1 X109.260 Y117.030 F12000
G1 X146.740 Y117.030 E1.23684 F4000
G1 X146.740 Y117.450 F12000
G1 X109.260 Y117.450 E1.23684 F4000
G1 X109.260 Y117.870 F12000
G1 X146.740 Y117.870 E1.23684 F4000
G1 X146.740 Y118.290 F12000
G1 X109.260 Y118.290 E1.23684 F4000
G1 X109.260 Y118.710 F12000
G1 X146.740 Y118.710 E1.23684 F4000
G1 X146.740 Y119.130 F12000
G1 X109.260 Y119.130 E1.23684 F4000
G1 X109.260 Y119.550 F12000
G1 X146.740 Y119.550 E1.23684 F4000
G1 X146.740 Y119.970 F12000
G1 X109.260 Y119.970 E1.23684 F4000
G1 X109.260 Y120.390 F12000
G1 X146.740 Y120.390 E1.23684 F4000
G1 X146.740 Y120.810 F12000
G1 X109.260 Y120.810 E1.23684 F4000
G1 X109.260 Y121.230 F12000
G1 X146.740 Y121.230 E1.23684 F4000
G1 X146.740 Y121.650 F12000
G1 X109.260 Y121.650 E1.23684 F4000
G1 X109.260 Y122.070 F12000
G1 X146.740 Y122.070 E1.23684 F4000
G1 X146.740 Y122.490 F12000
G1 X109.260 Y122.490 E1.23684 F4000
G1 X109.260 Y122.910 F12000
G1 X146.740 Y122.910 E1.23684 F4000
G1 X146.740 Y123.330 F12000
G1 X109.260 Y123.330 E1.23684 F4000
G1 X109.260 Y123.750 F12000
G1 X146.740 Y123.750 E1.23684 F4000
G1 X146.740 Y124.170 F12000
G1 X109.260 Y124.170 E1.23684 F4000
G1 X109.260 Y124.590 F12000
G1 X146.740 Y124.590 E1.23684 F4000
G1 X146.740 Y125.010 F12000
G1 X109.260 Y125.010 E1.23684 F4000
G1 X109.260 Y125.430 F12000
G1 X146.740 Y125.430 E1.23684 F4000
G1 X146.740 Y125.850 F12000
G1 X109.260 Y125.850 E1.23684 F4000
G1 X109.260 Y126.270 F12000
G1 X146.740 Y126.270 E1.23684 F4000
G1 X146.740 Y126.690 F12000
G1 X109.260 Y126.690 E1.23684 F4000
G1 X109.260 Y127.110 F12000
G1 X146.740 Y127.110 E1.23684 F4000
G1 X146.740 Y127.530 F12000
G1 X109.260 Y127.530 E1.23684 F4000
G1 X109.260 Y127.950 F12000
G1 X146.740 Y127.950 E1.23684 F4000
G1 X146.740 Y128.370 F12000
G1 X109.260 Y128.370 E1.23684 F4000
G1 X109.260 Y128.790 F12000
G1 X146.740 Y128.790 E1.23684 F4000
G1 X146.740 Y129.210 F12000
G1 X109.260 Y129.210 E1.23684 F4000
G1 X109.260 Y129.630 F12000
G1 X146.740 Y129.630 E1.23684 F4000
G1 X146.740 Y130.050 F12000
G1 X109.260 Y130.050 E1.23684 F4000
G1 X109.260 Y130.470 F12000
G1 X146.740 Y130.470 E1.23684 F4000
G1 X146.740 Y130.890 F12000
G1 X109.260 Y130.890 E1.23684 F4000
G1 X109.260 Y131.310 F12000
G1 X146.740 Y131.310 E1.23684 F4000
G1 X146.740 Y131.730 F12000
G1 X109.260 Y131.730 E1.23684 F4000
G1 X109.260 Y132.150 F12000
G1 X146.740 Y132.150 E1.23684 F4000
G1 X146.740 Y132.570 F12000
G1 X109.260 Y132.570 E1.23684 F4000
G1 X109.260 Y132.990 F12000
G1 X146.740 Y132.990 E1.23684 F4000
G1 X146.740 Y133.410 F12000
G1 X109.260 Y133.410 E1.23684 F4000
G1 X109.260 Y133.830 F12000
G1 X146.740 Y133.830 E1.23684 F4000
G1 X146.740 Y134.250 F12000
G1 X109.260 Y134.250 E1.23684 F4000
G1 X109.260 Y134.670 F12000
G1 X146.740 Y134.670 E1.23684 F4000
G1 X146.740 Y135.090 F12000
G1 X109.260 Y135.090 E1.23684 F4000
G1 X109.260 Y135.510 F12000
G1 X146.740 Y135.510 E1.23684 F4000
G1 X146.740 Y135.930 F12000
G1 X109.260 Y135.930 E1.23684 F4000
G1 X109.260 Y136.350 F12000
G1 X146.740 Y136.350 E1.23684 F4000
G1 X146.740 Y136.770 F12000
G1 X109.260 Y136.770 E1.23684 F4000
G1 X109.260 Y137.190 F12000
G1 X146.740 Y137.190 E1.23684 F4000
G1 X146.740 Y137.610 F12000
G1 X109.260 Y137.610 E1.23684 F4000
G1 X109.260 Y138.030 F12000
G1 X146.740 Y138.030 E1.23684 F4000
G1 X146.740 Y138.450 F12000
G1 X109.260 Y138.450 E1.23684 F4000
G1 X109.260 Y138.870 F12000
G1 X146.740 Y138.870 E1.23684 F4000
G1 X146.740 Y139.290 F12000
G1 X109.260 Y139.290 E1.23684 F4000
G1 X109.260 Y139.710 F12000
G1 X146.740 Y139.710 E1.23684 F4000
G1 X146.740 Y140.130 F12000
G1 X109.260 Y140.130 E1.23684 F4000
G1 X109.260 Y140.550 F12000
G1 X146.740 Y140.550 E1.23684 F4000
G1 X146.740 Y140.970 F12000
G1 X109.260 Y140.970 E1.23684 F4000
G1 X109.260 Y141.390 F12000
G1 X146.740 Y141.390 E1.23684 F4000
G1 X146.740 Y141.810 F12000
G1 X109.260 Y141.810 E1.23684 F4000
G1 X109.260 Y142.230 F12000
G1 X146.740 Y142.230 E1.23684 F4000
G1 X146.740 Y142.650 F12000
G1 X109.260 Y142.650 E1.23684 F4000
G1 X109.260 Y143.070 F12000
G1 X146.740 Y143.070 E1.23684 F4000
G1 X146.740 Y143.490 F12000
G1 X109.260 Y143.490 E1.23684 F4000
G1 X109.260 Y143.910 F12000
G1 X146.740 Y143.910 E1.23684 F4000
G1 X146.740 Y144.330 F12000
G1 X109.260 Y144.330 E1.23684 F4000
G1 X109.260 Y144.750 F12000
G1 X146.740 Y144.750 E1.23684 F4000
G1 X146.740 Y145.170 F12000
G1 X109.260 Y145.170 E1.23684 F4000
G1 X109.260 Y145.590 F12000
G1 X146.740 Y145.590 E1.23684 F4000
G1 X146.740 Y146.010 F12000
G1 X109.260 Y146.010 E1.23684 F4000
G1 X109.260 Y146.430 F12000
G1 X146.740 Y146.430 E1.23684 F4000
; CHANGE_LAYER
; Z_HEIGHT: 4.4
; LAYER_HEIGHT: 0.2
; LINE_WIDTH: 0.42
G1 E-.8 F1800
G1 Z4.800 F600
G1 Z4.400
G1 E.8 F1800
G1 X108.210 Y108.210 F12000
; FEATURE: Outer wall
G1 X147.790 Y108.210 E1.30614 F3000
G1 X147.790 Y147.790 E1.30614 F3000
G1 X108.210 Y147.790 E1.30614 F3000
G1 X108.210 Y108.210 E1.30614 F3000
G1 X108.630 Y108.630 F12000
; FEATURE: Inner wall
G1 X147.370 Y108.630 E1.27842 F3000
G1 X147.370 Y147.370 E1.27842 F3000
G1 X108.630 Y147.370 E1.27842 F3000
G1 X108.630 Y108.630 E1.27842 F3000
G1 X109.050 Y109.050 F12000
; FEATURE: Inner wall
G1 X146.950 Y109.050 E1.25070 F3000
G1 X146.950 Y146.950 E1.25070 F3000
G1 X109.050 Y146.950 E1.25070 F3000
G1 X109.050 Y109.050 E1.25070 F3000
; FEATURE: Internal solid infill
G1 X109.260 Y109.470 F12000
G1 X146.740 Y109.470 E1.23684 F4000
G1 X146.740 Y109.890 F12000
G1 X109.260 Y109.890 E1.23684 F4000
G1 X109.260 Y110.310 F12000
G1 X146.740 Y110.310 E1.23684 F4000
G1 X146.740 Y110.730 F12000
G1 X109.260 Y110.730 E1.23684 F4000
G1 X109.260 Y111.150 F12000
G1 X146.740 Y111.150 E1.23684 F4000
G1 X146.740 Y111.570 F12000
G1 X109.260 Y111.570 E1.23684 F4000
G1 X109.260 Y111.990 F12000
G1 X146.740 Y111.990 E1.23684 F4000
G1 X146.740 Y112.410 F12000
G1 X109.260 Y112.410 E1.23684 F4000
G1 X109.260 Y112.830 F12000
G1 X146.740 Y112.830 E1.23684 F4000
G1 X146.740 Y113.250 F12000
G1 X109.260 Y113.250 E1.23684 F4000
G1 X109.260 Y113.670 F12000
G1 X146.740 Y113.670 E1.23684 F4000
G1 X146.740 Y114.090 F12000
G1 X109.260 Y114.090 E1.23684 F4000
G1 X109.260 Y114.510 F12000
G1 X146.740 Y114.510 E1.23684 F4000
G1 X146.740 Y114.930 F12000
G1 X109.260 Y114.930 E1.23684 F4000
G1 X109.260 Y115.350 F12000
G1 X146.740 Y115.350 E1.23684 F4000
G1 X146.740 Y115.770 F12000
G1 X109.260 Y115.770 E1.23684 F4000
G1 X109.260 Y116.190 F12000
G1 X146.740 Y116.190 E1.23684 F4000
G1 X146.740 Y116.610 F12000
G1 X109.260 Y116.610 E1.23684 F4000
G1 X109.260 Y117.030 F12000
G1 X146.740 Y117.030 E1.23684 F4000
G1 X146.740 Y117.450 F12000
G1 X109.260 Y117.450 E1.23684 F4000
G1 X109.260 Y117.870 F12000
G1 X146.740 Y117.870 E1.23684 F4000
G1 X146.740 Y118.290 F12000
G1 X109.260 Y118.290 E1.23684 F4000
G1 X109.260 Y118.710 F12000
G1 X146.740 Y118.710 E1.23684 F4000
G1 X146.740 Y119.130 F12000
G1 X109.260 Y119.130 E1.23684 F4000
G1 X109.260 Y119.550 F12000
G1 X146.740 Y119.550 E1.23684 F4000
G1 X146.740 Y119.970 F12000
G1 X109.260 Y119.970 E1.23684 F4000
G1 X109.260 Y120.390 F12000
G1 X146.740 Y120.390 E1.23684 F4000
G1 X146.740 Y120.810 F12000
G1 X109.260 Y120.810 E1.23684 F4000
G1 X109.260 Y121.230 F12000
G1 X146.740 Y121.230 E1.23684 F4000
G1 X146.740 Y121.650 F12000
G1 X109.260 Y121.650 E1.23684 F4000
G1 X109.260 Y122.070 F12000
G1 X146.740 Y122.070 E1.23684 F4000
G1 X146.740 Y122.490 F12000
G1 X109.260 Y122.490 E1.23684 F4000
G1 X109.260 Y122.910 F12000
G1 X146.740 Y122.910 E1.23684 F4000
G1 X146.740 Y123.330 F12000
G1 X109.260 Y123.330 E1.23684 F4000
G1 X109.260 Y123.750 F12000
G1 X146.740 Y123.750 E1.23684 F4000
G1 X146.740 Y124.170 F12000
G1 X109.260 Y124.170 E1.23684 F4000
G1 X109.260 Y124.590 F12000
G1 X146.740 Y124.590 E1.23684 F4000
G1 X146.740 Y125.010 F12000
G1 X109.260 Y125.010 E1.23684 F4000
G1 X109.260 Y125.430 F12000
G1 X146.740 Y125.430 E1.23684 F4000
G1 X146.740 Y125.850 F12000
G1 X109.260 Y125.850 E1.23684 F4000
G1 X109.260 Y126.270 F12000
G1 X146.740 Y126.270 E1.23684 F4000
G1 X146.740 Y126.690 F12000
G1 X109.260 Y126.690 E1.23684 F4000
G1 X109.260 Y127.110 F12000
G1 X146.740 Y127.110 E1.23684 F4000
G1 X146.740 Y127.530 F12000
G1 X109.260 Y127.530 E1.23684 F4000
G1 X109.260 Y127.950 F12000
G1 X146.740 Y127.950 E1.23684 F4000
G1 X146.740 Y128.370 F12000
G1 X109.260 Y128.370 E1.23684 F4000
G1 X109.260 Y128.790 F12000
G1 X146.740 Y128.790 E1.23684 F4000
G1 X146.740 Y129.210 F12000
G1 X109.260 Y129.210 E1.23684 F4000
G1 X109.260 Y129.630 F12000
G1 X146.740 Y129.630 E1.23684 F4000
G1 X146.740 Y130.050 F12000
G1 X109.260 Y130.050 E1.23684 F4000
G1 X109.260 Y130.470 F12000
G1 X146.740 Y130.470 E1.23684 F4000
G1 X146.740 Y130.890 F12000
G1 X109.260 Y130.890 E1.23684 F4000
G1 X109.260 Y131.310 F12000
G1 X146.740 Y131.310 E1.23684 F4000
G1 X146.740 Y131.730 F12000
G1 X109.260 Y131.730 E1.23684 F4000
G1 X109.260 Y132.150 F12000
G1 X146.740 Y132.150 E1.23684 F4000
G1 X146.740 Y132.570 F12000
G1 X109.260 Y132.570 E1.23684 F4000
G1 X109.260 Y132.990 F12000
G1 X146.740 Y132.990 E1.23684 F4000
G1 X146.740 Y133.410 F12000
G1 X109.260 Y133.410 E1.23684 F4000
G1 X109.260 Y133.830 F12000
G1 X146.740 Y133.830 E1.23684 F4000
G1 X146.740 Y134.250 F12000
G1 X109.260 Y134.250 E1.23684 F4000
G1 X109.260 Y134.670 F12000
G1 X146.740 Y134.670 E1.23684 F4000
G1 X146.740 Y135.090 F12000
G1 X109.260 Y135.090 E1.23684 F4000
G1 X109.260 Y135.510 F12000
G1 X146.740 Y135.510 E1.23684 F4000
G1 X146.740 Y135.930 F12000
G1 X109.260 Y135.930 E1.23684 F4000
G1 X109.260 Y136.350 F12000
G1 X146.740 Y136.350 E1.23684 F4000
G1 X146.740 Y136.770 F12000
G1 X109.260 Y136.770 E1.23684 F4000
G1 X109.260 Y137.190 F12000
G1 X146.740 Y137.190 E1.23684 F4000
G1 X146.740 Y137.610 F12000
G1 X109.260 Y137.610 E1.23684 F4000
G1 X109.260 Y138.030 F12000
G1 X146.740 Y138.030 E1.23684 F4000
G1 X146.740 Y138.450 F12000
G1 X109.260 Y138.450 E1.23684 F4000
G1 X109.260 Y138.870 F12000
G1 X146.740 Y138.870 E1.23684 F4000
G1 X146.740 Y139.290 F12000
G1 X109.260 Y139.290 E1.23684 F4000
G1 X109.260 Y139.710 F12000
G1 X146.740 Y139.710 E1.23684 F4000
G1 X146.740 Y140.130 F12000
G1 X109.260 Y140.130 E1.23684 F4000
G1 X109.260 Y140.550 F12000
G1 X146.740 Y140.550 E1.23684 F4000
G1 X146.740 Y140.970 F12000
G1 X109.260 Y140.970 E1.23684 F4000
G1 X109.260 Y141.390 F12000
G1 X146.740 Y141.390 E1.23684 F4000
G1 X146.740 Y141.810 F12000
G1 X109.260 Y141.810 E1.23684 F4000
G1 X109.260 Y142.230 F12000
G1 X146.740 Y142.230 E1.23684 F4000
G1 X146.740 Y142.650 F12000
G1 X109.260 Y142.650 E1.23684 F4000
G1 X109.260 Y143.070 F12000
G1 X146.740 Y143.070 E1.23684 F4000
G1 X146.740 Y143.490 F12000
G1 X109.260 Y143.490 E1.23684 F4000
G1 X109.260 Y143.910 F12000
G1 X146.740 Y143.910 E1.23684 F4000
G1 X146.740 Y144.330 F12000
G1 X109.260 Y144.330 E1.23684 F4000
G1 X109.260 Y144.750 F12000
G1 X146.740 Y144.750 E1.23684 F4000
G1 X146.740 Y145.170 F12000
G1 X109.260 Y145.170 E1.23684 F4000
G1 X109.260 Y145.590 F12000
G1 X146.740 Y145.590 E1.23684 F4000
G1 X146.740 Y146.010 F12000
G1 X109.260 Y146.010 E1.23684 F4000
G1 X109.260 Y146.430 F12000
G1 X146.740 Y146.430 E1.23684 F4000
; CHANGE_LAYER
; Z_HEIGHT: 4.6
; LAYER_HEIGHT: 0.2
; LINE_WIDTH: 0.42
G1 E-.8 F1800
G1 Z5.000 F600
G1 Z4.600
G1 E.8 F1800
G1 X108.210 Y108.210 F12000
; FEATURE: Outer wall
G1 X147.790 Y108.210 E1.30614 F3000
G1 X147.790 Y147.790 E1.30614 F3000
G1 X108.210 Y147.790 E1.30614 F3000
G1 X108.210 Y108.210 E1.30614 F3000
G1 X108.630 Y108.630 F12000
; FEATURE: Inner wall
G1 X147.370 Y108.630 E1.27842 F3000
G1 X147.370 Y147.370 E1.27842 F3000
G1 X108.630 Y147.370 E1.27842 F3000
G1 X108.630 Y108.630 E1.27842 F3000
G1 X109.050 Y109.050 F12000
; FEATURE: Inner wall
G1 X146.950 Y109.050 E1.25070 F3000
G1 X146.950 Y146.950 E1.25070 F3000
G1 X109.050 Y146.950 E1.25070 F3000
G1 X109.050 Y109.050 E1.25070 F3000
; FEATURE: Internal solid infill
G1 X109.260 Y109.470 F12000
G1 X146.740 Y109.470 E1.23684 F4000
G1 X146.740 Y109.890 F12000
G1 X109.260 Y109.890 E1.23684 F4000
G1 X109.260 Y110.310 F12000
G1 X146.740 Y110.310 E1.23684 F4000
G1 X146.740 Y110.730 F12000
G1 X109.260 Y110.730 E1.23684 F4000
G1 X109.260 Y111.150 F12000
G1 X146.740 Y111.150 E1.23684 F4000
G1 X146.740 Y111.570 F12000
G1 X109.260 Y111.570 E1.23684 F4000
G1 X109.260 Y111.990 F12000
G1 X146.740 Y111.990 E1.23684 F4000
G1 X146.740 Y112.410 F12000
G1 X109.260 Y112.410 E1.23684 F4000
G1 X109.260 Y112.830 F12000
G1 X146.740 Y112.830 E1.23684 F4000
G1 X146.740 Y113.250 F12000
G1 X109.260 Y113.250 E1.23684 F4000
G1 X109.260 Y113.670 F12000
G1 X146.740 Y113.670 E1.23684 F4000
G1 X146.740 Y114.090 F12000
G1 X109.260 Y114.090 E1.23684 F4000
G1 X109.260 Y114.510 F12000
G1 X146.740 Y114.510 E1.23684 F4000
G1 X146.740 Y114.930 F12000
G1 X109.260 Y114.930 E1.23684 F4000
G1 X109.260 Y115.350 F12000
G1 X146.740 Y115.350 E1.23684 F4000
G1 X146.740 Y115.770 F12000
G1 X109.260 Y115.770 E1.23684 F4000
G1 X109.260 Y116.190 F12000
G1 X146.740 Y116.190 E1.23684 F4000
G1 X146.740 Y116.610 F12000
G1 X109.260 Y116.610 E1.23684 F4000
G1 X109.260 Y117.030 F12000
G1 X146.740 Y117.030 E1.23684 F4000
G1 X146.740 Y117.450 F12000
G1 X109.260 Y117.450 E1.23684 F4000
G1 X109.260 Y117.870 F12000
G1 X146.740 Y117.870 E1.23684 F4000
G1 X146.740 Y118.290 F12000
G1 X109.260 Y118.290 E1.23684 F4000
G1 X109.260 Y118.710 F12000
G1 X146.740 Y118.710 E1.23684 F4000
G1 X146.740 Y119.130 F12000
G1 X109.260 Y119.130 E1.23684 F4000
G1 X109.260 Y119.550 F12000
G1 X146.740 Y119.550 E1.23684 F4000
G1 X146.740 Y119.970 F12000
G1 X109.260 Y119.970 E1.23684 F4000
G1 X109.260 Y120.390 F12000
G1 X146.740 Y120.390 E1.23684 F4000
G1 X146.740 Y120.810 F12000
G1 X109.260 Y120.810 E1.23684 F4000
G1 X109.260 Y121.230 F12000
G1 X146.740 Y121.230 E1.23684 F4000
G1 X146.740 Y121.650 F12000
G1 X109.260 Y121.650 E1.23684 F4000
G1 X109.260 Y122.070 F12000
G1 X146.740 Y122.070 E1.23684 F4000
G1 X146.740 Y122.490 F12000
G1 X109.260 Y122.490 E1.23684 F4000
G1 X109.260 Y122.910 F12000
G1 X146.740 Y122.910 E1.23684 F4000
G1 X146.740 Y123.330 F12000
G1 X109.260 Y123.330 E1.23684 F4000
G1 X109.260 Y123.750 F12000
G1 X146.740 Y123.750 E1.23684 F4000
G1 X146.740 Y124.170 F12000
G1 X109.260 Y124.170 E1.23684 F4000
G1 X109.260 Y124.590 F12000
G1 X146.740 Y124.590 E1.23684 F4000
G1 X146.740 Y125.010 F12000
G1 X109.260 Y125.010 E1.23684 F4000
G1 X109.260 Y125.430 F12000
G1 X146.740 Y125.430 E1.23684 F4000
G1 X146.740 Y125.850 F12000
G1 X109.260 Y125.850 E1.23684 F4000
G1 X109.260 Y126.270 F12000
G1 X146.740 Y126.270 E1.23684 F4000
G1 X146.740 Y126.690 F12000
G1 X109.260 Y126.690 E1.23684 F4000
G1 X109.260 Y127.110 F12000
G1 X146.740 Y127.110 E1.23684 F4000
G1 X146.740 Y127.530 F12000
G1 X109.260 Y127.530 E1.23684 F4000
G1 X109.260 Y127.950 F12000
G1 X146.740 Y127.950 E1.23684 F4000
G1 X146.740 Y128.370 F12000
G1 X109.260 Y128.370 E1.23684 F4000
G1 X109.260 Y128.790 F12000
G1 X146.740 Y128.790 E1.23684 F4000
G1 X146.740 Y129.210 F12000
G1 X109.260 Y129.210 E1.23684 F4000
G1 X109.260 Y129.630 F12000
G1 X146.740 Y129.630 E1.23684 F4000
G1 X146.740 Y130.050 F12000
G1 X109.260 Y130.050 E1.23684 F4000
G1 X109.260 Y130.470 F12000
G1 X146.740 Y130.470 E1.23684 F4000
G1 X146.740 Y130.890 F12000
G1 X109.260 Y130.890 E1.23684 F4000
G1 X109.260 Y131.310 F12000
G1 X146.740 Y131.310 E1.23684 F4000
G1 X146.740 Y131.730 F12000
G1 X109.260 Y131.730 E1.23684 F4000
G1 X109.260 Y132.150 F12000
G1 X146.740 Y132.150 E1.23684 F4000
G1 X146.740 Y132.570 F12000
G1 X109.260 Y132.570 E1.23684 F4000
G1 X109.260 Y132.990 F12000
G1 X146.740 Y132.990 E1.23684 F4000
G1 X146.740 Y133.410 F12000
G1 X109.260 Y133.410 E1.23684 F4000
G1 X109.260 Y133.830 F12000
G1 X146.740 Y133.830 E1.23684 F4000
G1 X146.740 Y134.250 F12000
G1 X109.260 Y134.250 E1.23684 F4000
G1 X109.260 Y134.670 F12000
G1 X146.740 Y134.670 E1.23684 F4000
G1 X146.740 Y135.090 F12000
G1 X109.260 Y135.090 E1.23684 F4000
G1 X109.260 Y135.510 F12000
G1 X146.740 Y135.510 E1.23684 F4000
G1 X146.740 Y135.930 F12000
G1 X109.260 Y135.930 E1.23684 F4000
G1 X109.260 Y136.350 F12000
G1 X146.740 Y136.350 E1.23684 F4000
G1 X146.740 Y136.770 F12000
G1 X109.260 Y136.770 E1.23684 F4000
G1 X109.260 Y137.190 F12000
G1 X146.740 Y137.190 E1.23684 F4000
G1 X146.740 Y137.610 F12000
G1 X109.260 Y137.610 E1.23684 F4000
G1 X109.260 Y138.030 F12000
G1 X146.740 Y138.030 E1.23684 F4000
G1 X146.740 Y138.450 F12000
G1 X109.260 Y138.450 E1.23684 F4000
G1 X109.260 Y138.870 F12000
G1 X146.740 Y138.870 E1.23684 F4000
G1 X146.740 Y139.290 F12000
G1 X109.260 Y139.290 E1.23684 F4000
G1 X109.260 Y139.710 F12000
G1 X146.740 Y139.710 E1.23684 F4000
G1 X146.740 Y140.130 F12000
G1 X109.260 Y140.130 E1.23684 F4000
G1 X109.260 Y140.550 F12000
G1 X146.740 Y140.550 E1.23684 F4000
G1 X146.740 Y140.970 F12000
G1 X109.260 Y140.970 E1.23684 F4000
G1 X109.260 Y141.390 F12000
G1 X146.740 Y141.390 E1.23684 F4000
G1 X146.740 Y141.810 F12000
G1 X109.260 Y141.810 E1.23684 F4000
G1 X109.260 Y142.230 F12000
G1 X146.740 Y142.230 E1.23684 F4000
G1 X146.740 Y142.650 F12000
G1 X109.260 Y142.650 E1.23684 F4000
G1 X109.260 Y143.070 F12000
G1 X146.740 Y143.070 E1.23684 F4000
G1 X146.740 Y143.490 F12000
G1 X109.260 Y143.490 E1.23684 F4000
G1 X109.260 Y143.910 F12000
G1 X146.740 Y143.910 E1.23684 F4000
G1 X146.740 Y144.330 F12000
G1 X109.260 Y144.330 E1.23684 F4000
G1 X109.260 Y144.750 F12000
G1 X146.740 Y144.750 E1.23684 F4000
G1 X146.740 Y145.170 F12000
G1 X109.260 Y145.170 E1.23684 F4000
G1 X109.260 Y145.590 F12000
G1 X146.740 Y145.590 E1.23684 F4000
G1 X146.740 Y146.010 F12000
G1 X109.260 Y146.010 E1.23684 F4000
G1 X109.260 Y146.430 F12000
G1 X146.740 Y146.430 E1.23684 F4000
; CHANGE_LAYER
; Z_HEIGHT: 4.8
; LAYER_HEIGHT: 0.2
; LINE_WIDTH: 0.42
G1 E-.8 F1800
G1 Z5.200 F600
G1 Z4.800
G1 E.8 F1800
G1 X108.210 Y108.210 F12000
; FEATURE: Outer wall
G1 X147.790 Y108.210 E1.30614 F3000
G1 X147.790 Y147.790 E1.30614 F3000
G1 X108.210 Y147.790 E1.30614 F3000
G1 X108.210 Y108.210 E1.30614 F3000
G1 X108.630 Y108.630 F12000
; FEATURE: Inner wall
G1 X147.370 Y108.630 E1.27842 F3000
G1 X147.370 Y147.370 E1.27842 F3000
G1 X108.630 Y147.370 E1.27842 F3000
G1 X108.630 Y108.630 E1.27842 F3000
G1 X109.050 Y109.050 F12000
; FEATURE: Inner wall
G1 X146.950 Y109.050 E1.25070 F3000
G1 X146.950 Y146.950 E1.25070 F3000
G1 X109.050 Y146.950 E1.25070 F3000
G1 X109.050 Y109.050 E1.25070 F3000
; FEATURE: Internal solid infill
G1 X109.260 Y109.470 F12000
G1 X146.740 Y109.470 E1.23684 F4000
G1 X146.740 Y109.890 F12000
G1 X109.260 Y109.890 E1.23684 F4000
G1 X109.260 Y110.310 F12000
G1 X146.740 Y110.310 E1.23684 F4000
G1 X146.740 Y110.730 F12000
G1 X109.260 Y110.730 E1.23684 F4000
G1 X109.260 Y111.150 F12000
G1 X146.740 Y111.150 E1.23684 F4000
G1 X146.740 Y111.570 F12000
G1 X109.260 Y111.570 E1.23684 F4000
G1 X109.260 Y111.990 F12000
G1 X146.740 Y111.990 E1.23684 F4000
G1 X146.740 Y112.410 F12000
G1 X109.260 Y112.410 E1.23684 F4000
G1 X109.260 Y112.830 F12000
G1 X146.740 Y112.830 E1.23684 F4000
G1 X146.740 Y113.250 F12000
G1 X109.260 Y113.250 E1.23684 F4000
G1 X109.260 Y113.670 F12000
G1 X146.740 Y113.670 E1.23684 F4000
G1 X146.740 Y114.090 F12000
G1 X109.260 Y114.090 E1.23684 F4000
G1 X109.260 Y114.510 F12000
G1 X146.740 Y114.510 E1.23684 F4000
G1 X146.740 Y114.930 F12000
G1 X109.260 Y114.930 E1.23684 F4000
G1 X109.260 Y115.350 F12000
G1 X146.740 Y115.350 E1.23684 F4000
G1 X146.740 Y115.770 F12000
G1 X109.260 Y115.770 E1.23684 F4000
G1 X109.260 Y116.190 F12000
G1 X146.740 Y116.190 E1.23684 F4000
G1 X146.740 Y116.610 F12000
G1 X109.260 Y116.610 E1.23684 F4000
G1 X109.260 Y117.030 F12000
G1 X146.740 Y117.030 E1.23684 F4000
G1 X146.740 Y117.450 F12000
G1 X109.260 Y117.450 E1.23684 F4000
G1 X109.260 Y117.870 F12000
G1 X146.740 Y117.870 E1.23684 F4000
G1 X146.740 Y118.290 F12000
G1 X109.260 Y118.290 E1.23684 F4000
G1 X109.260 Y118.710 F12000
G1 X146.740 Y118.710 E1.23684 F4000
G1 X146.740 Y119.130 F12000
G1 X109.260 Y119.130 E1.23684 F4000
G1 X109.260 Y119.550 F12000
G1 X146.740 Y119.550 E1.23684 F4000
G1 X146.740 Y119.970 F12000
G1 X109.260 Y119.970 E1.23684 F4000
G1 X109.260 Y120.390 F12000
G1 X146.740 Y120.390 E1.23684 F4000
G1 X146.740 Y120.810 F12000
G1 X109.260 Y120.810 E1.23684 F4000
G1 X109.260 Y121.230 F12000
G1 X146.740 Y121.230 E1.23684 F4000
G1 X146.740 Y121.650 F12000
G1 X109.260 Y121.650 E1.23684 F4000
G1 X109.260 Y122.070 F12000
G1 X146.740 Y122.070 E1.23684 F4000
G1 X146.740 Y122.490 F12000
G1 X109.260 Y122.490 E1.23684 F4000
G1 X109.260 Y122.910 F12000
G1 X146.740 Y122.910 E1.23684 F4000
G1 X146.740 Y123.330 F12000
G1 X109.260 Y123.330 E1.23684 F4000
G1 X109.260 Y123.750 F12000
G1 X146.740 Y123.750 E1.23684 F4000
G1 X146.740 Y124.170 F12000
G1 X109.260 Y124.170 E1.23684 F4000
G1 X109.260 Y124.590 F12000
G1 X146.740 Y124.590 E1.23684 F4000
G1 X146.740 Y125.010 F12000
G1 X109.260 Y125.010 E1.23684 F4000
G1 X109.260 Y125.430 F12000
G1 X146.740 Y125.430 E1.23684 F4000
G1 X146.740 Y125.850 F12000
G1 X109.260 Y125.850 E1.23684 F4000
G1 X109.260 Y126.270 F12000
G1 X146.740 Y126.270 E1.23684 F4000
G1 X146.740 Y126.690 F12000
G1 X109.260 Y126.690 E1.23684 F4000
G1 X109.260 Y127.110 F12000
G1 X146.740 Y127.110 E1.23684 F4000
G1 X146.740 Y127.530 F12000
G1 X109.260 Y127.530 E1.23684 F4000
G1 X109.260 Y127.950 F12000
G1 X146.740 Y127.950 E1.23684 F4000
G1 X146.740 Y128.370 F12000
G1 X109.260 Y128.370 E1.23684 F4000
G1 X109.260 Y128.790 F12000
G1 X146.740 Y128.790 E1.23684 F4000
G1 X146.740 Y129.210 F12000
G1 X109.260 Y129.210 E1.23684 F4000
G1 X109.260 Y129.630 F12000
G1 X146.740 Y129.630 E1.23684 F4000
G1 X146.740 Y130.050 F12000
G1 X109.260 Y130.050 E1.23684 F4000
G1 X109.260 Y130.470 F12000
G1 X146.740 Y130.470 E1.23684 F4000
G1 X146.740 Y130.890 F12000
G1 X109.260 Y130.890 E1.23684 F4000
G1 X109.260 Y131.310 F12000
G1 X146.740 Y131.310 E1.23684 F4000
G1 X146.740 Y131.730 F12000
G1 X109.260 Y131.730 E1.23684 F4000
G1 X109.260 Y132.150 F12000
G1 X146.740 Y132.150 E1.23684 F4000
G1 X146.740 Y132.570 F12000
G1 X109.260 Y132.570 E1.23684 F4000
G1 X109.260 Y132.990 F12000
G1 X146.740 Y132.990 E1.23684 F4000
G1 X146.740 Y133.410 F12000
G1 X109.260 Y133.410 E1.23684 F4000
G1 X109.260 Y133.830 F12000
G1 X146.740 Y133.830 E1.23684 F4000
G1 X146.740 Y134.250 F12000
G1 X109.260 Y134.250 E1.23684 F4000
G1 X109.260 Y134.670 F12000
G1 X146.740 Y134.670 E1.23684 F4000
G1 X146.740 Y135.090 F12000
G1 X109.260 Y135.090 E1.23684 F4000
G1 X109.260 Y135.510 F12000
G1 X146.740 Y135.510 E1.23684 F4000
G1 X146.740 Y135.930 F12000
G1 X109.260 Y135.930 E1.23684 F4000
G1 X109.260 Y136.350 F12000
G1 X146.740 Y136.350 E1.23684 F4000
G1 X146.740 Y136.770 F12000
G1 X109.260 Y136.770 E1.23684 F4000
G1 X109.260 Y137.190 F12000
G1 X146.740 Y137.190 E1.23684 F4000
G1 X146.740 Y137.610 F12000
G1 X109.260 Y137.610 E1.23684 F4000
G1 X109.260 Y138.030 F12000
G1 X146.740 Y138.030 E1.23684 F4000
G1 X146.740 Y138.450 F12000
G1 X109.260 Y138.450 E1.23684 F4000
G1 X109.260 Y138.870 F12000
G1 X146.740 Y138.870 E1.23684 F4000
G1 X146.740 Y139.290 F12000
G1 X109.260 Y139.290 E1.23684 F4000
G1 X109.260 Y139.710 F12000
G1 X146.740 Y139.710 E1.23684 F4000
G1 X146.740 Y140.130 F12000
G1 X109.260 Y140.130 E1.23684 F4000
G1 X109.260 Y140.550 F12000
G1 X146.740 Y140.550 E1.23684 F4000
G1 X146.740 Y140.970 F12000
G1 X109.260 Y140.970 E1.23684 F4000
G1 X109.260 Y141.390 F12000
G1 X146.740 Y141.390 E1.23684 F4000
G1 X146.740 Y141.810 F12000
G1 X109.260 Y141.810 E1.23684 F4000
G1 X109.260 Y142.230 F12000
G1 X146.740 Y142.230 E1.23684 F4000
G1 X146.740 Y142.650 F12000
G1 X109.260 Y142.650 E1.23684 F4000
G1 X109.260 Y143.070 F12000
G1 X146.740 Y143.070 E1.23684 F4000
G1 X146.740 Y143.490 F12000
G1 X109.260 Y143.490 E1.23684 F4000
G1 X109.260 Y143.910 F12000
G1 X146.740 Y143.910 E1.23684 F4000
G1 X146.740 Y144.330 F12000
G1 X109.260 Y144.330 E1.23684 F4000
G1 X109.260 Y144.750 F12000
G1 X146.740 Y144.750 E1.23684 F4000
G1 X146.740 Y145.170 F12000
G1 X109.260 Y145.170 E1.23684 F4000
G1 X109.260 Y145.590 F12000
G1 X146.740 Y145.590 E1.23684 F4000
G1 X146.740 Y146.010 F12000
G1 X109.260 Y146.010 E1.23684 F4000
G1 X109.260 Y146.430 F12000
G1 X146.740 Y146.430 E1.23684 F4000
; CHANGE_LAYER
; Z_HEIGHT: 5.0
; LAYER_HEIGHT: 0.2
; LINE_WIDTH: 0.42
G1 E-.8 F1800
G1 Z5.400 F600
G1 Z5.000
G1 E.8 F1800
G1 X108.210 Y108.210 F12000
; FEATURE: Outer wall
G1 X147.790 Y108.210 E1.30614 F3000
G1 X147.790 Y147.790 E1.30614 F3000
G1 X108.210 Y147.790 E1.30614 F3000
G1 X108.210 Y108.210 E1.30614 F3000
G1 X108.630 Y108.630 F12000
; FEATURE: Inner wall
G1 X147.370 Y108.630 E1.27842 F3000
G1 X147.370 Y147.370 E1.27842 F3000
G1 X108.630 Y147.370 E1.27842 F3000
G1 X108.630 Y108.630 E1.27842 F3000
G1 X109.050 Y109.050 F12000
; FEATURE: Inner wall
G1 X146.950 Y109.050 E1.25070 F3000
G1 X146.950 Y146.950 E1.25070 F3000
G1 X109.050 Y146.950 E1.25070 F3000
G1 X109.050 Y109.050 E1.25070 F3000
; FEATURE: Internal solid infill
G1 X109.260 Y109.470 F12000
G1 X146.740 Y109.470 E1.23684 F4000
G1 X146.740 Y109.890 F12000
G1 X109.260 Y109.890 E1.23684 F4000
G1 X109.260 Y110.310 F12000
G1 X146.740 Y110.310 E1.23684 F4000
G1 X146.740 Y110.730 F12000
G1 X109.260 Y110.730 E1.23684 F4000
G1 X109.260 Y111.150 F12000
G1 X146.740 Y111.150 E1.23684 F4000
G1 X146.740 Y111.570 F12000
G1 X109.260 Y111.570 E1.23684 F4000
G1 X109.260 Y111.990 F12000
G1 X146.740 Y111.990 E1.23684 F4000
G1 X146.740 Y112.410 F12000
G1 X109.260 Y112.410 E1.23684 F4000
G1 X109.260 Y112.830 F12000
G1 X146.740 Y112.830 E1.23684 F4000
G1 X146.740 Y113.250 F12000
G1 X109.260 Y113.250 E1.23684 F4000
G1 X109.260 Y113.670 F12000
G1 X146.740 Y113.670 E1.23684 F4000
G1 X146.740 Y114.090 F12000
G1 X109.260 Y114.090 E1.23684 F4000
G1 X109.260 Y114.510 F12000
G1 X146.740 Y114.510 E1.23684 F4000
G1 X146.740 Y114.930 F12000
G1 X109.260 Y114.930 E1.23684 F4000
G1 X109.260 Y115.350 F12000
G1 X146.740 Y115.350 E1.23684 F4000
G1 X146.740 Y115.770 F12000
G1 X109.260 Y115.770 E1.23684 F4000
G1 X109.260 Y116.190 F12000
G1 X146.740 Y116.190 E1.23684 F4000
G1 X146.740 Y116.610 F12000
G1 X109.260 Y116.610 E1.23684 F4000
G1 X109.260 Y117.030 F12000
G1 X146.740 Y117.030 E1.23684 F4000
G1 X146.740 Y117.450 F12000
G1 X109.260 Y117.450 E1.23684 F4000
G1 X109.260 Y117.870 F12000
G1 X146.740 Y117.870 E1.23684 F4000
G1 X146.740 Y118.290 F12000
G1 X109.260 Y118.290 E1.23684 F4000
G1 X109.260 Y118.710 F12000
G1 X146.740 Y118.710 E1.23684 F4000
G1 X146.740 Y119.130 F12000
G1 X109.260 Y119.130 E1.23684 F4000
G1 X109.260 Y119.550 F12000
G1 X146.740 Y119.550 E1.23684 F4000
G1 X146.740 Y119.970 F12000
G1 X109.260 Y119.970 E1.23684 F4000
G1 X109.260 Y120.390 F12000
G1 X146.740 Y120.390 E1.23684 F4000
G1 X146.740 Y120.810 F12000
G1 X109.260 Y120.810 E1.23684 F4000
G1 X109.260 Y121.230 F12000
G1 X146.740 Y121.230 E1.23684 F4000
G1 X146.740 Y121.650 F12000
G1 X109.260 Y121.650 E1.23684 F4000
G1 X109.260 Y122.070 F12000
G1 X146.740 Y122.070 E1.23684 F4000
G1 X146.740 Y122.490 F12000
G1 X109.260 Y122.490 E1.23684 F4000
G1 X109.260 Y122.910 F12000
G1 X146.740 Y122.910 E1.23684 F4000
G1 X146.740 Y123.330 F12000
G1 X109.260 Y123.330 E1.23684 F4000
G1 X109.260 Y123.750 F12000
G1 X146.740 Y123.750 E1.23684 F4000
G1 X146.740 Y124.170 F12000
G1 X109.260 Y124.170 E1.23684 F4000
G1 X109.260 Y124.590 F12000
G1 X146.740 Y124.590 E1.23684 F4000
G1 X146.740 Y125.010 F12000
G1 X109.260 Y125.010 E1.23684 F4000
G1 X109.260 Y125.430 F12000
G1 X146.740 Y125.430 E1.23684 F4000
G1 X146.740 Y125.850 F12000
G1 X109.260 Y125.850 E1.23684 F4000
G1 X109.260 Y126.270 F12000
G1 X146.740 Y126.270 E1.23684 F4000
G1 X146.740 Y126.690 F12000
G1 X109.260 Y126.690 E1.23684 F4000
G1 X109.260 Y127.110 F12000
G1 X146.740 Y127.110 E1.23684 F4000
G1 X146.740 Y127.530 F12000
G1 X109.260 Y127.530 E1.23684 F4000
G1 X109.260 Y127.950 F12000
G1 X146.740 Y127.950 E1.23684 F4000
G1 X146.740 Y128.370 F12000
G1 X109.260 Y128.370 E1.23684 F4000
G1 X109.260 Y128.790 F12000
G1 X146.740 Y128.790 E1.23684 F4000
G1 X146.740 Y129.210 F12000
G1 X109.260 Y129.210 E1.23684 F4000
G1 X109.260 Y129.630 F12000
G1 X146.740 Y129.630 E1.23684 F4000
G1 X146.740 Y130.050 F12000
G1 X109.260 Y130.050 E1.23684 F4000
G1 X109.260 Y130.470 F12000
G1 X146.740 Y130.470 E1.23684 F4000
G1 X146.740 Y130.890 F12000
G1 X109.260 Y130.890 E1.23684 F4000
G1 X109.260 Y131.310 F12000
G1 X146.740 Y131.310 E1.23684 F4000
G1 X146.740 Y131.730 F12000
G1 X109.260 Y131.730 E1.23684 F4000
G1 X109.260 Y132.150 F12000
G1 X146.740 Y132.150 E1.23684 F4000
G1 X146.740 Y132.570 F12000
G1 X109.260 Y132.570 E1.23684 F4000
G1 X109.260 Y132.990 F12000
G1 X146.740 Y132.990 E1.23684 F4000
G1 X146.740 Y133.410 F12000
G1 X109.260 Y133.410 E1.23684 F4000
G1 X109.260 Y133.830 F12000
G1 X146.740 Y133.830 E1.23684 F4000
G1 X146.740 Y134.250 F12000
G1 X109.260 Y134.250 E1.23684 F4000
G1 X109.260 Y134.670 F12000
G1 X146.740 Y134.670 E1.23684 F4000
G1 X146.740 Y135.090 F12000
G1 X109.260 Y135.090 E1.23684 F4000
G1 X109.260 Y135.510 F12000
G1 X146.740 Y135.510 E1.23684 F4000
G1 X146.740 Y135.930 F12000
G1 X109.260 Y135.930 E1.23684 F4000
G1 X109.260 Y136.350 F12000
G1 X146.740 Y136.350 E1.23684 F4000
G1 X146.740 Y136.770 F12000
G1 X109.260 Y136.770 E1.23684 F4000
G1 X109.260 Y137.190 F12000
G1 X146.740 Y137.190 E1.23684 F4000
G1 X146.740 Y137.610 F12000
G1 X109.260 Y137.610 E1.23684 F4000
G1 X109.260 Y138.030 F12000
G1 X146.740 Y138.030 E1.23684 F4000
G1 X146.740 Y138.450 F12000
G1 X109.260 Y138.450 E1.23684 F4000
G1 X109.260 Y138.870 F12000
G1 X146.740 Y138.870 E1.23684 F4000
G1 X146.740 Y139.290 F12000
G1 X109.260 Y139.290 E1.23684 F4000
G1 X109.260 Y139.710 F12000
G1 X146.740 Y139.710 E1.23684 F4000
G1 X146.740 Y140.130 F12000
G1 X109.260 Y140.130 E1.23684 F4000
G1 X109.260 Y140.550 F12000
G1 X146.740 Y140.550 E1.23684 F4000
G1 X146.740 Y140.970 F12000
G1 X109.260 Y140.970 E1.23684 F4000
G1 X109.260 Y141.390 F12000
G1 X146.740 Y141.390 E1.23684 F4000
G1 X146.740 Y141.810 F12000
G1 X109.260 Y141.810 E1.23684 F4000
G1 X109.260 Y142.230 F12000
G1 X146.740 Y142.230 E1.23684 F4000
G1 X146.740 Y142.650 F12000
G1 X109.260 Y142.650 E1.23684 F4000
G1 X109.260 Y143.070 F12000
G1 X146.740 Y143.070 E1.23684 F4000
G1 X146.740 Y143.490 F12000
G1 X109.260 Y143.490 E1.23684 F4000
G1 X109.260 Y143.910 F12000
G1 X146.740 Y143.910 E1.23684 F4000
G1 X146.740 Y144.330 F12000
G1 X109.260 Y144.330 E1.23684 F4000
G1 X109.260 Y144.750 F12000
G1 X146.740 Y144.750 E1.23684 F4000
G1 X146.740 Y145.170 F12000
G1 X109.260 Y145.170 E1.23684 F4000
G1 X109.260 Y145.590 F12000
G1 X146.740 Y145.590 E1.23684 F4000
G1 X146.740 Y146.010 F12000
G1 X109.260 Y146.010 E1.23684 F4000
G1 X109.260 Y146.430 F12000
G1 X146.740 Y146.430 E1.23684 F4000
; CHANGE_LAYER
; Z_HEIGHT: 5.2
; LAYER_HEIGHT: 0.2
; LINE_WIDTH: 0.42
G1 E-.8 F1800
G1 Z5.600 F600
G1 Z5.200
G1 E.8 F1800
G1 X116.210 Y116.210 F12000
; FEATURE: Outer wall
G1 X139.790 Y116.210 E0.77814 F3000
G1 X139.790 Y139.790 E0.77814 F3000
G1 X116.210 Y139.790 E0.77814 F3000
G1 X116.210 Y116.210 E0.77814 F3000
G1 X116.630 Y116.630 F12000
; FEATURE: Inner wall
G1 X139.370 Y116.630 E0.75042 F3000
G1 X139.370 Y139.370 E0.75042 F3000
G1 X116.630 Y139.370 E0.75042 F3000
G1 X116.630 Y116.630 E0.75042 F3000
G1 X117.050 Y117.050 F12000
; FEATURE: Inner wall
G1 X138.950 Y117.050 E0.72270 F3000
G1 X138.950 Y138.950 E0.72270 F3000
G1 X117.050 Y138.950 E0.72270 F3000
G1 X117.050 Y117.050 E0.72270 F3000
; FEATURE: Sparse infill
G1 X117.260 Y117.260 F12000
G1 X117.260 Y138.740 E0.70884 F6000
G1 X117.260 Y117.260 F12000
G1 X138.740 Y117.260 E0.70884 F6000
G1 X122.860 Y117.260 F12000
G1 X122.860 Y138.740 E0.70884 F6000
G1 X117.260 Y122.860 F12000
G1 X138.740 Y122.860 E0.70884 F6000
G1 X128.460 Y117.260 F12000
G1 X128.460 Y138.740 E0.70884 F6000
G1 X117.260 Y128.460 F12000
G1 X138.740 Y128.460 E0.70884 F6000
G1 X134.060 Y117.260 F12000
G1 X134.060 Y138.740 E0.70884 F6000
G1 X117.260 Y134.060 F12000
G1 X138.740 Y134.060 E0.70884 F6000
; CHANGE_LAYER
; Z_HEIGHT: 5.4
; LAYER_HEIGHT: 0.2
; LINE_WIDTH: 0.42
G1 E-.8 F1800
G1 Z5.800 F600
G1 Z5.400
G1 E.8 F1800
G1 X116.210 Y116.210 F12000
; FEATURE: Outer wall
G1 X139.790 Y116.210 E0.77814 F3000
G1 X139.790 Y139.790 E0.77814 F3000
G1 X116.210 Y139.790 E0.77814 F3000
G1 X116.210 Y116.210 E0.77814 F3000
G1 X116.630 Y116.630 F12000
; FEATURE: Inner wall
G1 X139.370 Y116.630 E0.75042 F3000
G1 X139.370 Y139.370 E0.75042 F3000
G1 X116.630 Y139.370 E0.75042 F3000
G1 X116.630 Y116.630 E0.75042 F3000
G1 X117.050 Y117.050 F12000
; FEATURE: Inner wall
G1 X138.950 Y117.050 E0.72270 F3000
G1 X138.950 Y138.950 E0.72270 F3000
G1 X117.050 Y138.950 E0.72270 F3000
G1 X117.050 Y117.050 E0.72270 F3000
; FEATURE: Sparse infill
G1 X117.260 Y117.260 F12000
G1 X117.260 Y138.740 E0.70884 F6000
G1 X117.260 Y117.260 F12000
G1 X138.740 Y117.260 E0.70884 F6000
G1 X122.860 Y117.260 F12000
G1 X122.860 Y138.740 E0.70884 F6000
G1 X117.260 Y122.860 F12000
G1 X138.740 Y122.860 E0.70884 F6000
G1 X128.460 Y117.260 F12000
G1 X128.460 Y138.740 E0.70884 F6000
G1 X117.260 Y128.460 F12000
G1 X138.740 Y128.460 E0.70884 F6000
G1 X134.060 Y117.260 F12000
G1 X134.060 Y138.740 E0.70884 F6000
G1 X117.260 Y134.060 F12000
G1 X138.740 Y134.060 E0.70884 F6000
; CHANGE_LAYER
; Z_HEIGHT: 5.6
; LAYER_HEIGHT: 0.2
; LINE_WIDTH: 0.42
G1 E-.8 F1800
G1 Z6.000 F600
G1 Z5.600
G1 E.8 F1800
G1 X116.210 Y116.210 F12000
; FEATURE: Outer wall
G1 X139.790 Y116.210 E0.77814 F3000
G1 X139.790 Y139.790 E0.77814 F3000
G1 X116.210 Y139.790 E0.77814 F3000
G1 X116.210 Y116.210 E0.77814 F3000
G1 X116.630 Y116.630 F12000
; FEATURE: Inner wall
G1 X139.370 Y116.630 E0.75042 F3000
G1 X139.370 Y139.370 E0.75042 F3000
G1 X116.630 Y139.370 E0.75042 F3000
G1 X116.630 Y116.630 E0.75042 F3000
G1 X117.050 Y117.050 F12000
; FEATURE: Inner wall
G1 X138.950 Y117.050 E0.72270 F3000
G1 X138.950 Y138.950 E0.72270 F3000
G1 X117.050 Y138.950 E0.72270 F3000
G1 X117.050 Y117.050 E0.72270 F3000
; FEATURE: Sparse infill
G1 X117.260 Y117.260 F12000
G1 X117.260 Y138.740 E0.70884 F6000
G1 X117.260 Y117.260 F12000
G1 X138.740 Y117.260 E0.70884 F6000
G1 X122.860 Y117.260 F12000
G1 X122.860 Y138.740 E0.70884 F6000
G1 X117.260 Y122.860 F12000
G1 X138.740 Y122.860 E0.70884 F6000
G1 X128.460 Y117.260 F12000
G1 X128.460 Y138.740 E0.70884 F6000
G1 X117.260 Y128.460 F12000
G1 X138.740 Y128.460 E0.70884 F6000
G1 X134.060 Y117.260 F12000
G1 X134.060 Y138.740 E0.70884 F6000
G1 X117.260 Y134.060 F12000
G1 X138.740 Y134.060 E0.70884 F6000
; CHANGE_LAYER
; Z_HEIGHT: 5.8
; LAYER_HEIGHT: 0.2
; LINE_WIDTH: 0.42
G1 E-.8 F1800
G1 Z6.200 F600
G1 Z5.800
G1 E.8 F1800
G1 X116.210 Y116.210 F12000
; FEATURE: Outer wall
G1 X139.790 Y116.210 E0.77814 F3000
G1 X139.790 Y139.790 E0.77814 F3000
G1 X116.210 Y139.790 E0.77814 F3000
G1 X116.210 Y116.210 E0.77814 F3000
G1 X116.630 Y116.630 F12000
; FEATURE: Inner wall
G1 X139.370 Y116.630 E0.75042 F3000
G1 X139.370 Y139.370 E0.75042 F3000
G1 X116.630 Y139.370 E0.75042 F3000
G1 X116.630 Y116.630 E0.75042 F3000
G1 X117.050 Y117.050 F12000
; FEATURE: Inner wall
G1 X138.950 Y117.050 E0.72270 F3000
G1 X138.950 Y138.950 E0.72270 F3000
G1 X117.050 Y138.950 E0.72270 F3000
G1 X117.050 Y117.050 E0.72270 F3000
; FEATURE: Sparse infill
G1 X117.260 Y117.260 F12000
G1 X117.260 Y138.740 E0.70884 F6000
G1 X117.260 Y117.260 F12000
G1 X138.740 Y117.260 E0.70884 F6000
G1 X122.860 Y117.260 F12000
G1 X122.860 Y138.740 E0.70884 F6000
G1 X117.260 Y122.860 F12000
G1 X138.740 Y122.860 E0.70884 F6000
G1 X128.460 Y117.260 F12000
G1 X128.460 Y138.740 E0.70884 F6000
G1 X117.260 Y128.460 F12000
G1 X138.740 Y128.460 E0.70884 F6000
G1 X134.060 Y117.260 F12000
G1 X134.060 Y138.740 E0.70884 F6000
G1 X117.260 Y134.060 F12000
G1 X138.740 Y134.060 E0.70884 F6000
; CHANGE_LAYER
; Z_HEIGHT: 6.0
; LAYER_HEIGHT: 0.2
; LINE_WIDTH: 0.42
G1 E-.8 F1800
G1 Z6.400 F600
G1 Z6.000
G1 E.8 F1800
G1 X116.210 Y116.210 F12000
; FEATURE: Outer wall
G1 X139.790 Y116.210 E0.77814 F3000
G1 X139.790 Y139.790 E0.77814 F3000
G1 X116.210 Y139.790 E0.77814 F3000
G1 X116.210 Y116.210 E0.77814 F3000
G1 X116.630 Y116.630 F12000
; FEATURE: Inner wall
G1 X139.370 Y116.630 E0.75042 F3000
G1 X139.370 Y139.370 E0.75042 F3000
G1 X116.630 Y139.370 E0.75042 F3000
G1 X116.630 Y116.630 E0.75042 F3000
G1 X117.050 Y117.050 F12000
; FEATURE: Inner wall
G1 X138.950 Y117.050 E0.72270 F3000
G1 X138.950 Y138.950 E0.72270 F3000
G1 X117.050 Y138.950 E0.72270 F3000
G1 X117.050 Y117.050 E0.72270 F3000
; FEATURE: Sparse infill
G1 X117.260 Y117.260 F12000
G1 X117.260 Y138.740 E0.70884 F6000
G1 X117.260 Y117.260 F12000
G1 X138.740 Y117.260 E0.70884 F6000
G1 X122.860 Y117.260 F12000
G1 X122.860 Y138.740 E0.70884 F6000
G1 X117.260 Y122.860 F12000
G1 X138.740 Y122.860 E0.70884 F6000
G1 X128.460 Y117.260 F12000
G1 X128.460 Y138.740 E0.70884 F6000
G1 X117.260 Y128.460 F12000
G1 X138.740 Y128.460 E0.70884 F6000
G1 X134.060 Y117.260 F12000
G1 X134.060 Y138.740 E0.70884 F6000
G1 X117.260 Y134.060 F12000
G1 X138.740 Y134.060 E0.70884 F6000
; CHANGE_LAYER
; Z_HEIGHT: 6.2
; LAYER_HEIGHT: 0.2
; LINE_WIDTH: 0.42
G1 E-.8 F1800
G1 Z6.600 F600
G1 Z6.200
G1 E.8 F1800
G1 X116.210 Y116.210 F12000
; FEATURE: Outer wall
G1 X139.790 Y116.210 E0.77814 F3000
G1 X139.790 Y139.790 E0.77814 F3000
G1 X116.210 Y139.790 E0.77814 F3000
G1 X116.210 Y116.210 E0.77814 F3000
G1 X116.630 Y116.630 F12000
; FEATURE: Inner wall
G1 X139.370 Y116.630 E0.75042 F3000
G1 X139.370 Y139.370 E0.75042 F3000
G1 X116.630 Y139.370 E0.75042 F3000
G1 X116.630 Y116.630 E0.75042 F3000
G1 X117.050 Y117.050 F12000
; FEATURE: Inner wall
G1 X138.950 Y117.050 E0.72270 F3000
G1 X138.950 Y138.950 E0.72270 F3000
G1 X117.050 Y138.950 E0.72270 F3000
G1 X117.050 Y117.050 E0.72270 F3000
; FEATURE: Sparse infill
G1 X117.260 Y117.260 F12000
G1 X117.260 Y138.740 E0.70884 F6000
G1 X117.260 Y117.260 F12000
G1 X138.740 Y117.260 E0.70884 F6000
G1 X122.860 Y117.260 F12000
G1 X122.860 Y138.740 E0.70884 F6000
G1 X117.260 Y122.860 F12000
G1 X138.740 Y122.860 E0.70884 F6000
G1 X128.460 Y117.260 F12000
G1 X128.460 Y138.740 E0.70884 F6000
G1 X117.260 Y128.460 F12000
G1 X138.740 Y128.460 E0.70884 F6000
G1 X134.060 Y117.260 F12000
G1 X134.060 Y138.740 E0.70884 F6000
G1 X117.260 Y134.060 F12000
G1 X138.740 Y134.060 E0.70884 F6000
; CHANGE_LAYER
; Z_HEIGHT: 6.4
; LAYER_HEIGHT: 0.2
; LINE_WIDTH: 0.42
G1 E-.8 F1800
G1 Z6.800 F600
G1 Z6.400
G1 E.8 F1800
G1 X116.210 Y116.210 F12000
; FEATURE: Outer wall
G1 X139.790 Y116.210 E0.77814 F3000
G1 X139.790 Y139.790 E0.77814 F3000
G1 X116.210 Y139.790 E0.77814 F3000
G1 X116.210 Y116.210 E0.77814 F3000
G1 X116.630 Y116.630 F12000
; FEATURE: Inner wall
G1 X139.370 Y116.630 E0.75042 F3000
G1 X139.370 Y139.370 E0.75042 F3000
G1 X116.630 Y139.370 E0.75042 F3000
G1 X116.630 Y116.630 E0.75042 F3000
G1 X117.050 Y117.050 F12000
; FEATURE: Inner wall
G1 X138.950 Y117.050 E0.72270 F3000
G1 X138.950 Y138.950 E0.72270 F3000
G1 X117.050 Y138.950 E0.72270 F3000
G1 X117.050 Y117.050 E0.72270 F3000
; FEATURE: Sparse infill
G1 X117.260 Y117.260 F12000
G1 X117.260 Y138.740 E0.70884 F6000
G1 X117.260 Y117.260 F12000
G1 X138.740 Y117.260 E0.70884 F6000
G1 X122.860 Y117.260 F12000
G1 X122.860 Y138.740 E0.70884 F6000
G1 X117.260 Y122.860 F12000
G1 X138.740 Y122.860 E0.70884 F6000
G1 X128.460 Y117.260 F12000
G1 X128.460 Y138.740 E0.70884 F6000
G1 X117.260 Y128.460 F12000
G1 X138.740 Y128.460 E0.70884 F6000
G1 X134.060 Y117.260 F12000
G1 X134.060 Y138.740 E0.70884 F6000
G1 X117.260 Y134.060 F12000
G1 X138.740 Y134.060 E0.70884 F6000
; CHANGE_LAYER
; Z_HEIGHT: 6.6
; LAYER_HEIGHT: 0.2
; LINE_WIDTH: 0.42
G1 E-.8 F1800
G1 Z7.000 F600
G1 Z6.600
G1 E.8 F1800
G1 X116.210 Y116.210 F12000
; FEATURE: Outer wall
G1 X139.790 Y116.210 E0.77814 F3000
G1 X139.790 Y139.790 E0.77814 F3000
G1 X116.210 Y139.790 E0.77814 F3000
G1 X116.210 Y116.210 E0.77814 F3000
G1 X116.630 Y116.630 F12000
; FEATURE: Inner wall
G1 X139.370 Y116.630 E0.75042 F3000
G1 X139.370 Y139.370 E0.75042 F3000
G1 X116.630 Y139.370 E0.75042 F3000
G1 X116.630 Y116.630 E0.75042 F3000
G1 X117.050 Y117.050 F12000
; FEATURE: Inner wall
G1 X138.950 Y117.050 E0.72270 F3000
G1 X138.950 Y138.950 E0.72270 F3000
G1 X117.050 Y138.950 E0.72270 F3000
G1 X117.050 Y117.050 E0.72270 F3000
; FEATURE: Sparse infill
G1 X117.260 Y117.260 F12000
G1 X117.260 Y138.740 E0.70884 F6000
G1 X117.260 Y117.260 F12000
G1 X138.740 Y117.260 E0.70884 F6000
G1 X122.860 Y117.260 F12000
G1 X122.860 Y138.740 E0.70884 F6000
G1 X117.260 Y122.860 F12000
G1 X138.740 Y122.860 E0.70884 F6000
G1 X128.460 Y117.260 F12000
G1 X128.460 Y138.740 E0.70884 F6000
G1 X117.260 Y128.460 F12000
G1 X138.740 Y128.460 E0.70884 F6000
G1 X134.060 Y117.260 F12000
G1 X134.060 Y138.740 E0.70884 F6000
G1 X117.260 Y134.060 F12000
G1 X138.740 Y134.060 E0.70884 F6000
; CHANGE_LAYER
; Z_HEIGHT: 6.8
; LAYER_HEIGHT: 0.2
; LINE_WIDTH: 0.42
G1 E-.8 F1800
G1 Z7.200 F600
G1 Z6.800
G1 E.8 F1800
G1 X116.210 Y116.210 F12000
; FEATURE: Outer wall
G1 X139.790 Y116.210 E0.77814 F3000
G1 X139.790 Y139.790 E0.77814 F3000
G1 X116.210 Y139.790 E0.77814 F3000
G1 X116.210 Y116.210 E0.77814 F3000
G1 X116.630 Y116.630 F12000
; FEATURE: Inner wall
G1 X139.370 Y116.630 E0.75042 F3000
G1 X139.370 Y139.370 E0.75042 F3000
G1 X116.630 Y139.370 E0.75042 F3000
G1 X116.630 Y116.630 E0.75042 F3000
G1 X117.050 Y117.050 F12000
; FEATURE: Inner wall
G1 X138.950 Y117.050 E0.72270 F3000
G1 X138.950 Y138.950 E0.72270 F3000
G1 X117.050 Y138.950 E0.72270 F3000
G1 X117.050 Y117.050 E0.72270 F3000
; FEATURE: Sparse infill
G1 X117.260 Y117.260 F12000
G1 X117.260 Y138.740 E0.70884 F6000
G1 X117.260 Y117.260 F12000
G1 X138.740 Y117.260 E0.70884 F6000
G1 X122.860 Y117.260 F12000
G1 X122.860 Y138.740 E0.70884 F6000
G1 X117.260 Y122.860 F12000
G1 X138.740 Y122.860 E0.70884 F6000
G1 X128.460 Y117.260 F12000
G1 X128.460 Y138.740 E0.70884 F6000
G1 X117.260 Y128.460 F12000
G1 X138.740 Y128.460 E0.70884 F6000
G1 X134.060 Y117.260 F12000
G1 X134.060 Y138.740 E0.70884 F6000
G1 X117.260 Y134.060 F12000
G1 X138.740 Y134.060 E0.70884 F6000
; CHANGE_LAYER
; Z_HEIGHT: 7.0
; LAYER_HEIGHT: 0.2
; LINE_WIDTH: 0.42
G1 E-.8 F1800
G1 Z7.400 F600
G1 Z7.000
G1 E.8 F1800
G1 X116.210 Y116.210 F12000
; FEATURE: Outer wall
G1 X139.790 Y116.210 E0.77814 F3000
G1 X139.790 Y139.790 E0.77814 F3000
G1 X116.210 Y139.790 E0.77814 F3000
G1 X116.210 Y116.210 E0.77814 F3000
G1 X116.630 Y116.630 F12000
; FEATURE: Inner wall
G1 X139.370 Y116.630 E0.75042 F3000
G1 X139.370 Y139.370 E0.75042 F3000
G1 X116.630 Y139.370 E0.75042 F3000
G1 X116.630 Y116.630 E0.75042 F3000
G1 X117.050 Y117.050 F12000
; FEATURE: Inner wall
G1 X138.950 Y117.050 E0.72270 F3000
G1 X138.950 Y138.950 E0.72270 F3000
G1 X117.050 Y138.950 E0.72270 F3000
G1 X117.050 Y117.050 E0.72270 F3000
; FEATURE: Sparse infill
G1 X117.260 Y117.260 F12000
G1 X117.260 Y138.740 E0.70884 F6000
G1 X117.260 Y117.260 F12000
G1 X138.740 Y117.260 E0.70884 F6000
G1 X122.860 Y117.260 F12000
G1 X122.860 Y138.740 E0.70884 F6000
G1 X117.260 Y122.860 F12000
G1 X138.740 Y122.860 E0.70884 F6000
G1 X128.460 Y117.260 F12000
G1 X128.460 Y138.740 E0.70884 F6000
G1 X117.260 Y128.460 F12000
G1 X138.740 Y128.460 E0.70884 F6000
G1 X134.060 Y117.260 F12000
G1 X134.060 Y138.740 E0.70884 F6000
G1 X117.260 Y134.060 F12000
G1 X138.740 Y134.060 E0.70884 F6000
; CHANGE_LAYER
; Z_HEIGHT: 7.2
; LAYER_HEIGHT: 0.2
; LINE_WIDTH: 0.42
G1 E-.8 F1800
G1 Z7.600 F600
G1 Z7.200
G1 E.8 F1800
G1 X116.210 Y116.210 F12000
; FEATURE: Outer wall
G1 X139.790 Y116.210 E0.77814 F3000
G1 X139.790 Y139.790 E0.77814 F3000
G1 X116.210 Y139.790 E0.77814 F3000
G1 X116.210 Y116.210 E0.77814 F3000
G1 X116.630 Y116.630 F12000
; FEATURE: Inner wall
G1 X139.370 Y116.630 E0.75042 F3000
G1 X139.370 Y139.370 E0.75042 F3000
G1 X116.630 Y139.370 E0.75042 F3000
G1 X116.630 Y116.630 E0.75042 F3000
G1 X117.050 Y117.050 F12000
; FEATURE: Inner wall
G1 X138.950 Y117.050 E0.72270 F3000
G1 X138.950 Y138.950 E0.72270 F3000
G1 X117.050 Y138.950 E0.72270 F3000
G1 X117.050 Y117.050 E0.72270 F3000
; FEATURE: Sparse infill
G1 X117.260 Y117.260 F12000
G1 X117.260 Y138.740 E0.70884 F6000
G1 X117.260 Y117.260 F12000
G1 X138.740 Y117.260 E0.70884 F6000
G1 X122.860 Y117.260 F12000
G1 X122.860 Y138.740 E0.70884 F6000
G1 X117.260 Y122.860 F12000
G1 X138.740 Y122.860 E0.70884 F6000
G1 X128.460 Y117.260 F12000
G1 X128.460 Y138.740 E0.70884 F6000
G1 X117.260 Y128.460 F12000
G1 X138.740 Y128.460 E0.70884 F6000
G1 X134.060 Y117.260 F12000
G1 X134.060 Y138.740 E0.70884 F6000
G1 X117.260 Y134.060 F12000
G1 X138.740 Y134.060 E0.70884 F6000
; CHANGE_LAYER
; Z_HEIGHT: 7.4
; LAYER_HEIGHT: 0.2
; LINE_WIDTH: 0.42
G1 E-.8 F1800
G1 Z7.800 F600
G1 Z7.400
G1 E.8 F1800
G1 X116.210 Y116.210 F12000
; FEATURE: Outer wall
G1 X139.790 Y116.210 E0.77814 F3000
G1 X139.790 Y139.790 E0.77814 F3000
G1 X116.210 Y139.790 E0.77814 F3000
G1 X116.210 Y116.210 E0.77814 F3000
G1 X116.630 Y116.630 F12000
; FEATURE: Inner wall
G1 X139.370 Y116.630 E0.75042 F3000
G1 X139.370 Y139.370 E0.75042 F3000
G1 X116.630 Y139.370 E0.75042 F3000
G1 X116.630 Y116.630 E0.75042 F3000
G1 X117.050 Y117.050 F12000
; FEATURE: Inner wall
G1 X138.950 Y117.050 E0.72270 F3000
G1 X138.950 Y138.950 E0.72270 F3000
G1 X117.050 Y138.950 E0.72270 F3000
G1 X117.050 Y117.050 E0.72270 F3000
; FEATURE: Sparse infill
G1 X117.260 Y117.260 F12000
G1 X117.260 Y138.740 E0.70884 F6000
G1 X117.260 Y117.260 F12000
G1 X138.740 Y117.260 E0.70884 F6000
G1 X122.860 Y117.260 F12000
G1 X122.860 Y138.740 E0.70884 F6000
G1 X117.260 Y122.860 F12000
G1 X138.740 Y122.860 E0.70884 F6000
G1 X128.460 Y117.260 F12000
G1 X128.460 Y138.740 E0.70884 F6000
G1 X117.260 Y128.460 F12000
G1 X138.740 Y128.460 E0.70884 F6000
G1 X134.060 Y117.260 F12000
G1 X134.060 Y138.740 E0.70884 F6000
G1 X117.260 Y134.060 F12000
G1 X138.740 Y134.060 E0.70884 F6000
; CHANGE_LAYER
; Z_HEIGHT: 7.6
; LAYER_HEIGHT: 0.2
; LINE_WIDTH: 0.42
G1 E-.8 F1800
G1 Z8.000 F600
G1 Z7.600
G1 E.8 F1800
G1 X116.210 Y116.210 F12000
; FEATURE: Outer wall
G1 X139.790 Y116.210 E0.77814 F3000
G1 X139.790 Y139.790 E0.77814 F3000
G1 X116.210 Y139.790 E0.77814 F3000
G1 X116.210 Y116.210 E0.77814 F3000
G1 X116.630 Y116.630 F12000
; FEATURE: Inner wall
G1 X139.370 Y116.630 E0.75042 F3000
G1 X139.370 Y139.370 E0.75042 F3000
G1 X116.630 Y139.370 E0.75042 F3000
G1 X116.630 Y116.630 E0.75042 F3000
G1 X117.050 Y117.050 F12000
; FEATURE: Inner wall
G1 X138.950 Y117.050 E0.72270 F3000
G1 X138.950 Y138.950 E0.72270 F3000
G1 X117.050 Y138.950 E0.72270 F3000
G1 X117.050 Y117.050 E0.72270 F3000
; FEATURE: Sparse infill
G1 X117.260 Y117.260 F12000
G1 X117.260 Y138.740 E0.70884 F6000
G1 X117.260 Y117.260 F12000
G1 X138.740 Y117.260 E0.70884 F6000
G1 X122.860 Y117.260 F12000
G1 X122.860 Y138.740 E0.70884 F6000
G1 X117.260 Y122.860 F12000
G1 X138.740 Y122.860 E0.70884 F6000
G1 X128.460 Y117.260 F12000
G1 X128.460 Y138.740 E0.70884 F6000
G1 X117.260 Y128.460 F12000
G1 X138.740 Y128.460 E0.70884 F6000
G1 X134.060 Y117.260 F12000
G1 X134.060 Y138.740 E0.70884 F6000
G1 X117.260 Y134.060 F12000
G1 X138.740 Y134.060 E0.70884 F6000
; CHANGE_LAYER
; Z_HEIGHT: 7.8
; LAYER_HEIGHT: 0.2
; LINE_WIDTH: 0.42
G1 E-.8 F1800
G1 Z8.200 F600
G1 Z7.800
G1 E.8 F1800
G1 X116.210 Y116.210 F12000
; FEATURE: Outer wall
G1 X139.790 Y116.210 E0.77814 F3000
G1 X139.790 Y139.790 E0.77814 F3000
G1 X116.210 Y139.790 E0.77814 F3000
G1 X116.210 Y116.210 E0.77814 F3000
G1 X116.630 Y116.630 F12000
; FEATURE: Inner wall
G1 X139.370 Y116.630 E0.75042 F3000
G1 X139.370 Y139.370 E0.75042 F3000
G1 X116.630 Y139.370 E0.75042 F3000
G1 X116.630 Y116.630 E0.75042 F3000
G1 X117.050 Y117.050 F12000
; FEATURE: Inner wall
G1 X138.950 Y117.050 E0.72270 F3000
G1 X138.950 Y138.950 E0.72270 F3000
G1 X117.050 Y138.950 E0.72270 F3000
G1 X117.050 Y117.050 E0.72270 F3000
; FEATURE: Sparse infill
G1 X117.260 Y117.260 F12000
G1 X117.260 Y138.740 E0.70884 F6000
G1 X117.260 Y117.260 F12000
G1 X138.740 Y117.260 E0.70884 F6000
G1 X122.860 Y117.260 F12000
G1 X122.860 Y138.740 E0.70884 F6000
G1 X117.260 Y122.860 F12000
G1 X138.740 Y122.860 E0.70884 F6000
G1 X128.460 Y117.260 F12000
G1 X128.460 Y138.740 E0.70884 F6000
G1 X117.260 Y128.460 F12000
G1 X138.740 Y128.460 E0.70884 F6000
G1 X134.060 Y117.260 F12000
G1 X134.060 Y138.740 E0.70884 F6000
G1 X117.260 Y134.060 F12000
G1 X138.740 Y134.060 E0.70884 F6000
; CHANGE_LAYER
; Z_HEIGHT: 8.0
; LAYER_HEIGHT: 0.2
; LINE_WIDTH: 0.42
G1 E-.8 F1800
G1 Z8.400 F600
G1 Z8.000
G1 E.8 F1800
G1 X116.210 Y116.210 F12000
; FEATURE: Outer wall
G1 X139.790 Y116.210 E0.77814 F3000
G1 X139.790 Y139.790 E0.77814 F3000
G1 X116.210 Y139.790 E0.77814 F3000
G1 X116.210 Y116.210 E0.77814 F3000
G1 X116.630 Y116.630 F12000
; FEATURE: Inner wall
G1 X139.370 Y116.630 E0.75042 F3000
G1 X139.370 Y139.370 E0.75042 F3000
G1 X116.630 Y139.370 E0.75042 F3000
G1 X116.630 Y116.630 E0.75042 F3000
G1 X117.050 Y117.050 F12000
; FEATURE: Inner wall
G1 X138.950 Y117.050 E0.72270 F3000
G1 X138.950 Y138.950 E0.72270 F3000
G1 X117.050 Y138.950 E0.72270 F3000
G1 X117.050 Y117.050 E0.72270 F3000
; FEATURE: Internal solid infill
G1 X117.260 Y117.470 F12000
G1 X138.740 Y117.470 E0.70884 F4000
G1 X138.740 Y117.890 F12000
G1 X117.260 Y117.890 E0.70884 F4000
G1 X117.260 Y118.310 F12000
G1 X138.740 Y118.310 E0.70884 F4000
G1 X138.740 Y118.730 F12000
G1 X117.260 Y118.730 E0.70884 F4000
G1 X117.260 Y119.150 F12000
G1 X138.740 Y119.150 E0.70884 F4000
G1 X138.740 Y119.570 F12000
G1 X117.260 Y119.570 E0.70884 F4000
G1 X117.260 Y119.990 F12000
G1 X138.740 Y119.990 E0.70884 F4000
G1 X138.740 Y120.410 F12000
G1 X117.260 Y120.410 E0.70884 F4000
G1 X117.260 Y120.830 F12000
G1 X138.740 Y120.830 E0.70884 F4000
G1 X138.740 Y121.250 F12000
G1 X117.260 Y121.250 E0.70884 F4000
G1 X117.260 Y121.670 F12000
G1 X138.740 Y121.670 E0.70884 F4000
G1 X138.740 Y122.090 F12000
G1 X117.260 Y122.090 E0.70884 F4000
G1 X117.260 Y122.510 F12000
G1 X138.740 Y122.510 E0.70884 F4000
G1 X138.740 Y122.930 F12000
G1 X117.260 Y122.930 E0.70884 F4000
G1 X117.260 Y123.350 F12000
G1 X138.740 Y123.350 E0.70884 F4000
G1 X138.740 Y123.770 F12000
G1 X117.260 Y123.770 E0.70884 F4000
G1 X117.260 Y124.190 F12000
G1 X138.740 Y124.190 E0.70884 F4000
G1 X138.740 Y124.610 F12000
G1 X117.260 Y124.610 E0.70884 F4000
G1 X117.260 Y125.030 F12000
G1 X138.740 Y125.030 E0.70884 F4000
G1 X138.740 Y125.450 F12000
G1 X117.260 Y125.450 E0.70884 F4000
G1 X117.260 Y125.870 F12000
G1 X138.740 Y125.870 E0.70884 F4000
G1 X138.740 Y126.290 F12000
G1 X117.260 Y126.290 E0.70884 F4000
G1 X117.260 Y126.710 F12000
G1 X138.740 Y126.710 E0.70884 F4000
G1 X138.740 Y127.130 F12000
G1 X117.260 Y127.130 E0.70884 F4000
G1 X117.260 Y127.550 F12000
G1 X138.740 Y127.550 E0.70884 F4000
G1 X138.740 Y127.970 F12000
G1 X117.260 Y127.970 E0.70884 F4000
G1 X117.260 Y128.390 F12000
G1 X138.740 Y128.390 E0.70884 F4000
G1 X138.740 Y128.810 F12000
G1 X117.260 Y128.810 E0.70884 F4000
G1 X117.260 Y129.230 F12000
G1 X138.740 Y129.230 E0.70884 F4000
G1 X138.740 Y129.650 F12000
G1 X117.260 Y129.650 E0.70884 F4000
G1 X117.260 Y130.070 F12000
G1 X138.740 Y130.070 E0.70884 F4000
G1 X138.740 Y130.490 F12000
G1 X117.260 Y130.490 E0.70884 F4000
G1 X117.260 Y130.910 F12000
G1 X138.740 Y130.910 E0.70884 F4000
G1 X138.740 Y131.330 F12000
G1 X117.260 Y131.330 E0.70884 F4000
G1 X117.260 Y131.750 F12000
G1 X138.740 Y131.750 E0.70884 F4000
G1 X138.740 Y132.170 F12000
G1 X117.260 Y132.170 E0.70884 F4000
G1 X117.260 Y132.590 F12000
G1 X138.740 Y132.590 E0.70884 F4000
G1 X138.740 Y133.010 F12000
G1 X117.260 Y133.010 E0.70884 F4000
G1 X117.260 Y133.430 F12000
G1 X138.740 Y133.430 E0.70884 F4000
G1 X138.740 Y133.850 F12000
G1 X117.260 Y133.850 E0.70884 F4000
G1 X117.260 Y134.270 F12000
G1 X138.740 Y134.270 E0.70884 F4000
G1 X138.740 Y134.690 F12000
G1 X117.260 Y134.690 E0.70884 F4000
G1 X117.260 Y135.110 F12000
G1 X138.740 Y135.110 E0.70884 F4000
G1 X138.740 Y135.530 F12000
G1 X117.260 Y135.530 E0.70884 F4000
G1 X117.260 Y135.950 F12000
G1 X138.740 Y135.950 E0.70884 F4000
G1 X138.740 Y136.370 F12000
G1 X117.260 Y136.370 E0.70884 F4000
G1 X117.260 Y136.790 F12000
G1 X138.740 Y136.790 E0.70884 F4000
G1 X138.740 Y137.210 F12000
G1 X117.260 Y137.210 E0.70884 F4000
G1 X117.260 Y137.630 F12000
G1 X138.740 Y137.630 E0.70884 F4000
G1 X138.740 Y138.050 F12000
G1 X117.260 Y138.050 E0.70884 F4000
G1 X117.260 Y138.470 F12000
G1 X138.740 Y138.470 E0.70884 F4000
; CHANGE_LAYER
; Z_HEIGHT: 8.2
; LAYER_HEIGHT: 0.2
; LINE_WIDTH: 0.42
G1 E-.8 F1800
G1 Z8.600 F600
G1 Z8.200
G1 E.8 F1800
G1 X116.210 Y116.210 F12000
; FEATURE: Outer wall
G1 X139.790 Y116.210 E0.77814 F3000
G1 X139.790 Y139.790 E0.77814 F3000
G1 X116.210 Y139.790 E0.77814 F3000
G1 X116.210 Y116.210 E0.77814 F3000
G1 X116.630 Y116.630 F12000
; FEATURE: Inner wall
G1 X139.370 Y116.630 E0.75042 F3000
G1 X139.370 Y139.370 E0.75042 F3000
G1 X116.630 Y139.370 E0.75042 F3000
G1 X116.630 Y116.630 E0.75042 F3000
G1 X117.050 Y117.050 F12000
; FEATURE: Inner wall
G1 X138.950 Y117.050 E0.72270 F3000
G1 X138.950 Y138.950 E0.72270 F3000
G1 X117.050 Y138.950 E0.72270 F3000
G1 X117.050 Y117.050 E0.72270 F3000
; FEATURE: Internal solid infill
G1 X117.260 Y117.470 F12000
G1 X138.740 Y117.470 E0.70884 F4000
G1 X138.740 Y117.890 F12000
G1 X117.260 Y117.890 E0.70884 F4000
G1 X117.260 Y118.310 F12000
G1 X138.740 Y118.310 E0.70884 F4000
G1 X138.740 Y118.730 F12000
G1 X117.260 Y118.730 E0.70884 F4000
G1 X117.260 Y119.150 F12000
G1 X138.740 Y119.150 E0.70884 F4000
G1 X138.740 Y119.570 F12000
G1 X117.260 Y119.570 E0.70884 F4000
G1 X117.260 Y119.990 F12000
G1 X138.740 Y119.990 E0.70884 F4000
G1 X138.740 Y120.410 F12000
G1 X117.260 Y120.410 E0.70884 F4000
G1 X117.260 Y120.830 F12000
G1 X138.740 Y120.830 E0.70884 F4000
G1 X138.740 Y121.250 F12000
G1 X117.260 Y121.250 E0.70884 F4000
G1 X117.260 Y121.670 F12000
G1 X138.740 Y121.670 E0.70884 F4000
G1 X138.740 Y122.090 F12000
G1 X117.260 Y122.090 E0.70884 F4000
G1 X117.260 Y122.510 F12000
G1 X138.740 Y122.510 E0.70884 F4000
G1 X138.740 Y122.930 F12000
G1 X117.260 Y122.930 E0.70884 F4000
G1 X117.260 Y123.350 F12000
G1 X138.740 Y123.350 E0.70884 F4000
G1 X138.740 Y123.770 F12000
G1 X117.260 Y123.770 E0.70884 F4000
G1 X117.260 Y124.190 F12000
G1 X138.740 Y124.190 E0.70884 F4000
G1 X138.740 Y124.610 F12000
G1 X117.260 Y124.610 E0.70884 F4000
G1 X117.260 Y125.030 F12000
G1 X138.740 Y125.030 E0.70884 F4000
G1 X138.740 Y125.450 F12000
G1 X117.260 Y125.450 E0.70884 F4000
G1 X117.260 Y125.870 F12000
G1 X138.740 Y125.870 E0.70884 F4000
G1 X138.740 Y126.290 F12000
G1 X117.260 Y126.290 E0.70884 F4000
G1 X117.260 Y126.710 F12000
G1 X138.740 Y126.710 E0.70884 F4000
G1 X138.740 Y127.130 F12000
G1 X117.260 Y127.130 E0.70884 F4000
G1 X117.260 Y127.550 F12000
G1 X138.740 Y127.550 E0.70884 F4000
G1 X138.740 Y127.970 F12000
G1 X117.260 Y127.970 E0.70884 F4000
G1 X117.260 Y128.390 F12000
G1 X138.740 Y128.390 E0.70884 F4000
G1 X138.740 Y128.810 F12000
G1 X117.260 Y128.810 E0.70884 F4000
G1 X117.260 Y129.230 F12000
G1 X138.740 Y129.230 E0.70884 F4000
G1 X138.740 Y129.650 F12000
G1 X117.260 Y129.650 E0.70884 F4000
G1 X117.260 Y130.070 F12000
G1 X138.740 Y130.070 E0.70884 F4000
G1 X138.740 Y130.490 F12000
G1 X117.260 Y130.490 E0.70884 F4000
G1 X117.260 Y130.910 F12000
G1 X138.740 Y130.910 E0.70884 F4000
G1 X138.740 Y131.330 F12000
G1 X117.260 Y131.330 E0.70884 F4000
G1 X117.260 Y131.750 F12000
G1 X138.740 Y131.750 E0.70884 F4000
G1 X138.740 Y132.170 F12000
G1 X117.260 Y132.170 E0.70884 F4000
G1 X117.260 Y132.590 F12000
G1 X138.740 Y132.590 E0.70884 F4000
G1 X138.740 Y133.010 F12000
G1 X117.260 Y133.010 E0.70884 F4000
G1 X117.260 Y133.430 F12000
G1 X138.740 Y133.430 E0.70884 F4000
G1 X138.740 Y133.850 F12000
G1 X117.260 Y133.850 E0.70884 F4000
G1 X117.260 Y134.270 F12000
G1 X138.740 Y134.270 E0.70884 F4000
G1 X138.740 Y134.690 F12000
G1 X117.260 Y134.690 E0.70884 F4000
G1 X117.260 Y135.110 F12000
G1 X138.740 Y135.110 E0.70884 F4000
G1 X138.740 Y135.530 F12000
G1 X117.260 Y135.530 E0.70884 F4000
G1 X117.260 Y135.950 F12000
G1 X138.740 Y135.950 E0.70884 F4000
G1 X138.740 Y136.370 F12000
G1 X117.260 Y136.370 E0.70884 F4000
G1 X117.260 Y136.790 F12000
G1 X138.740 Y136.790 E0.70884 F4000
G1 X138.740 Y137.210 F12000
G1 X117.260 Y137.210 E0.70884 F4000
G1 X117.260 Y137.630 F12000
G1 X138.740 Y137.630 E0.70884 F4000
G1 X138.740 Y138.050 F12000
G1 X117.260 Y138.050 E0.70884 F4000
G1 X117.260 Y138.470 F12000
G1 X138.740 Y138.470 E0.70884 F4000
; CHANGE_LAYER
; Z_HEIGHT: 8.4
; LAYER_HEIGHT: 0.2
; LINE_WIDTH: 0.42
G1 E-.8 F1800
G1 Z8.800 F600
G1 Z8.400
G1 E.8 F1800
G1 X116.210 Y116.210 F12000
; FEATURE: Outer wall
G1 X139.790 Y116.210 E0.77814 F3000
G1 X139.790 Y139.790 E0.77814 F3000
G1 X116.210 Y139.790 E0.77814 F3000
G1 X116.210 Y116.210 E0.77814 F3000
G1 X116.630 Y116.630 F12000
; FEATURE: Inner wall
G1 X139.370 Y116.630 E0.75042 F3000
G1 X139.370 Y139.370 E0.75042 F3000
G1 X116.630 Y139.370 E0.75042 F3000
G1 X116.630 Y116.630 E0.75042 F3000
G1 X117.050 Y117.050 F12000
; FEATURE: Inner wall
G1 X138.950 Y117.050 E0.72270 F3000
G1 X138.950 Y138.950 E0.72270 F3000
G1 X117.050 Y138.950 E0.72270 F3000
G1 X117.050 Y117.050 E0.72270 F3000
; FEATURE: Internal solid infill
G1 X117.260 Y117.470 F12000
G1 X138.740 Y117.470 E0.70884 F4000
G1 X138.740 Y117.890 F12000
G1 X117.260 Y117.890 E0.70884 F4000
G1 X117.260 Y118.310 F12000
G1 X138.740 Y118.310 E0.70884 F4000
G1 X138.740 Y118.730 F12000
G1 X117.260 Y118.730 E0.70884 F4000
G1 X117.260 Y119.150 F12000
G1 X138.740 Y119.150 E0.70884 F4000
G1 X138.740 Y119.570 F12000
G1 X117.260 Y119.570 E0.70884 F4000
G1 X117.260 Y119.990 F12000
G1 X138.740 Y119.990 E0.70884 F4000
G1 X138.740 Y120.410 F12000
G1 X117.260 Y120.410 E0.70884 F4000
G1 X117.260 Y120.830 F12000
G1 X138.740 Y120.830 E0.70884 F4000
G1 X138.740 Y121.250 F12000
G1 X117.260 Y121.250 E0.70884 F4000
G1 X117.260 Y121.670 F12000
G1 X138.740 Y121.670 E0.70884 F4000
G1 X138.740 Y122.090 F12000
G1 X117.260 Y122.090 E0.70884 F4000
G1 X117.260 Y122.510 F12000
G1 X138.740 Y122.510 E0.70884 F4000
G1 X138.740 Y122.930 F12000
G1 X117.260 Y122.930 E0.70884 F4000
G1 X117.260 Y123.350 F12000
G1 X138.740 Y123.350 E0.70884 F4000
G1 X138.740 Y123.770 F12000
G1 X117.260 Y123.770 E0.70884 F4000
G1 X117.260 Y124.190 F12000
G1 X138.740 Y124.190 E0.70884 F4000
G1 X138.740 Y124.610 F12000
G1 X117.260 Y124.610 E0.70884 F4000
G1 X117.260 Y125.030 F12000
G1 X138.740 Y125.030 E0.70884 F4000
G1 X138.740 Y125.450 F12000
G1 X117.260 Y125.450 E0.70884 F4000
G1 X117.260 Y125.870 F12000
G1 X138.740 Y125.870 E0.70884 F4000
G1 X138.740 Y126.290 F12000
G1 X117.260 Y126.290 E0.70884 F4000
G1 X117.260 Y126.710 F12000
G1 X138.740 Y126.710 E0.70884 F4000
G1 X138.740 Y127.130 F12000
G1 X117.260 Y127.130 E0.70884 F4000
G1 X117.260 Y127.550 F12000
G1 X138.740 Y127.550 E0.70884 F4000
G1 X138.740 Y127.970 F12000
G1 X117.260 Y127.970 E0.70884 F4000
G1 X117.260 Y128.390 F12000
G1 X138.740 Y128.390 E0.70884 F4000
G1 X138.740 Y128.810 F12000
G1 X117.260 Y128.810 E0.70884 F4000
G1 X117.260 Y129.230 F12000
G1 X138.740 Y129.230 E0.70884 F4000
G1 X138.740 Y129.650 F12000
G1 X117.260 Y129.650 E0.70884 F4000
G1 X117.260 Y130.070 F12000
G1 X138.740 Y130.070 E0.70884 F4000
G1 X138.740 Y130.490 F12000
G1 X117.260 Y130.490 E0.70884 F4000
G1 X117.260 Y130.910 F12000
G1 X138.740 Y130.910 E0.70884 F4000
G1 X138.740 Y131.330 F12000
G1 X117.260 Y131.330 E0.70884 F4000
G1 X117.260 Y131.750 F12000
G1 X138.740 Y131.750 E0.70884 F4000
G1 X138.740 Y132.170 F12000
G1 X117.260 Y132.170 E0.70884 F4000
G1 X117.260 Y132.590 F12000
G1 X138.740 Y132.590 E0.70884 F4000
G1 X138.740 Y133.010 F12000
G1 X117.260 Y133.010 E0.70884 F4000
G1 X117.260 Y133.430 F12000
G1 X138.740 Y133.430 E0.70884 F4000
G1 X138.740 Y133.850 F12000
G1 X117.260 Y133.850 E0.70884 F4000
G1 X117.260 Y134.270 F12000
G1 X138.740 Y134.270 E0.70884 F4000
G1 X138.740 Y134.690 F12000
G1 X117.260 Y134.690 E0.70884 F4000
G1 X117.260 Y135.110 F12000
G1 X138.740 Y135.110 E0.70884 F4000
G1 X138.740 Y135.530 F12000
G1 X117.260 Y135.530 E0.70884 F4000
G1 X117.260 Y135.950 F12000
G1 X138.740 Y135.950 E0.70884 F4000
G1 X138.740 Y136.370 F12000
G1 X117.260 Y136.370 E0.70884 F4000
G1 X117.260 Y136.790 F12000
G1 X138.740 Y136.790 E0.70884 F4000
G1 X138.740 Y137.210 F12000
G1 X117.260 Y137.210 E0.70884 F4000
G1 X117.260 Y137.630 F12000
G1 X138.740 Y137.630 E0.70884 F4000
G1 X138.740 Y138.050 F12000
G1 X117.260 Y138.050 E0.70884 F4000
G1 X117.260 Y138.470 F12000
G1 X138.740 Y138.470 E0.70884 F4000
; CHANGE_LAYER
; Z_HEIGHT: 8.6
; LAYER_HEIGHT: 0.2
; LINE_WIDTH: 0.42
G1 E-.8 F1800
G1 Z9.000 F600
G1 Z8.600
G1 E.8 F1800
G1 X116.210 Y116.210 F12000
; FEATURE: Outer wall
G1 X139.790 Y116.210 E0.77814 F3000
G1 X139.790 Y139.790 E0.77814 F3000
G1 X116.210 Y139.790 E0.77814 F3000
G1 X116.210 Y116.210 E0.77814 F3000
G1 X116.630 Y116.630 F12000
; FEATURE: Inner wall
G1 X139.370 Y116.630 E0.75042 F3000
G1 X139.370 Y139.370 E0.75042 F3000
G1 X116.630 Y139.370 E0.75042 F3000
G1 X116.630 Y116.630 E0.75042 F3000
G1 X117.050 Y117.050 F12000
; FEATURE: Inner wall
G1 X138.950 Y117.050 E0.72270 F3000
G1 X138.950 Y138.950 E0.72270 F3000
G1 X117.050 Y138.950 E0.72270 F3000
G1 X117.050 Y117.050 E0.72270 F3000
; FEATURE: Internal solid infill
G1 X117.260 Y117.470 F12000
G1 X138.740 Y117.470 E0.70884 F4000
G1 X138.740 Y117.890 F12000
G1 X117.260 Y117.890 E0.70884 F4000
G1 X117.260 Y118.310 F12000
G1 X138.740 Y118.310 E0.70884 F4000
G1 X138.740 Y118.730 F12000
G1 X117.260 Y118.730 E0.70884 F4000
G1 X117.260 Y119.150 F12000
G1 X138.740 Y119.150 E0.70884 F4000
G1 X138.740 Y119.570 F12000
G1 X117.260 Y119.570 E0.70884 F4000
G1 X117.260 Y119.990 F12000
G1 X138.740 Y119.990 E0.70884 F4000
G1 X138.740 Y120.410 F12000
G1 X117.260 Y120.410 E0.70884 F4000
G1 X117.260 Y120.830 F12000
G1 X138.740 Y120.830 E0.70884 F4000
G1 X138.740 Y121.250 F12000
G1 X117.260 Y121.250 E0.70884 F4000
G1 X117.260 Y121.670 F12000
G1 X138.740 Y121.670 E0.70884 F4000
G1 X138.740 Y122.090 F12000
G1 X117.260 Y122.090 E0.70884 F4000
G1 X117.260 Y122.510 F12000
G1 X138.740 Y122.510 E0.70884 F4000
G1 X138.740 Y122.930 F12000
G1 X117.260 Y122.930 E0.70884 F4000
G1 X117.260 Y123.350 F12000
G1 X138.740 Y123.350 E0.70884 F4000
G1 X138.740 Y123.770 F12000
G1 X117.260 Y123.770 E0.70884 F4000
G1 X117.260 Y124.190 F12000
G1 X138.740 Y124.190 E0.70884 F4000
G1 X138.740 Y124.610 F12000
G1 X117.260 Y124.610 E0.70884 F4000
G1 X117.260 Y125.030 F12000
G1 X138.740 Y125.030 E0.70884 F4000
G1 X138.740 Y125.450 F12000
G1 X117.260 Y125.450 E0.70884 F4000
G1 X117.260 Y125.870 F12000
G1 X138.740 Y125.870 E0.70884 F4000
G1 X138.740 Y126.290 F12000
G1 X117.260 Y126.290 E0.70884 F4000
G1 X117.260 Y126.710 F12000
G1 X138.740 Y126.710 E0.70884 F4000
G1 X138.740 Y127.130 F12000
G1 X117.260 Y127.130 E0.70884 F4000
G1 X117.260 Y127.550 F12000
G1 X138.740 Y127.550 E0.70884 F4000
G1 X138.740 Y127.970 F12000
G1 X117.260 Y127.970 E0.70884 F4000
G1 X117.260 Y128.390 F12000
G1 X138.740 Y128.390 E0.70884 F4000
G1 X138.740 Y128.810 F12000
G1 X117.260 Y128.810 E0.70884 F4000
G1 X117.260 Y129.230 F12000
G1 X138.740 Y129.230 E0.70884 F4000
G1 X138.740 Y129.650 F12000
G1 X117.260 Y129.650 E0.70884 F4000
G1 X117.260 Y130.070 F12000
G1 X138.740 Y130.070 E0.70884 F4000
G1 X138.740 Y130.490 F12000
G1 X117.260 Y130.490 E0.70884 F4000
G1 X117.260 Y130.910 F12000
G1 X138.740 Y130.910 E0.70884 F4000
G1 X138.740 Y131.330 F12000
G1 X117.260 Y131.330 E0.70884 F4000
G1 X117.260 Y131.750 F12000
G1 X138.740 Y131.750 E0.70884 F4000
G1 X138.740 Y132.170 F12000
G1 X117.260 Y132.170 E0.70884 F4000
G1 X117.260 Y132.590 F12000
G1 X138.740 Y132.590 E0.70884 F4000
G1 X138.740 Y133.010 F12000
G1 X117.260 Y133.010 E0.70884 F4000
G1 X117.260 Y133.430 F12000
G1 X138.740 Y133.430 E0.70884 F4000
G1 X138.740 Y133.850 F12000
G1 X117.260 Y133.850 E0.70884 F4000
G1 X117.260 Y134.270 F12000
G1 X138.740 Y134.270 E0.70884 F4000
G1 X138.740 Y134.690 F12000
G1 X117.260 Y134.690 E0.70884 F4000
G1 X117.260 Y135.110 F12000
G1 X138.740 Y135.110 E0.70884 F4000
G1 X138.740 Y135.530 F12000
G1 X117.260 Y135.530 E0.70884 F4000
G1 X117.260 Y135.950 F12000
G1 X138.740 Y135.950 E0.70884 F4000
G1 X138.740 Y136.370 F12000
G1 X117.260 Y136.370 E0.70884 F4000
G1 X117.260 Y136.790 F12000
G1 X138.740 Y136.790 E0.70884 F4000
G1 X138.740 Y137.210 F12000
G1 X117.260 Y137.210 E0.70884 F4000
G1 X117.260 Y137.630 F12000
G1 X138.740 Y137.630 E0.70884 F4000
G1 X138.740 Y138.050 F12000
G1 X117.260 Y138.050 E0.70884 F4000
G1 X117.260 Y138.470 F12000
G1 X138.740 Y138.470 E0.70884 F4000
; CHANGE_LAYER
; Z_HEIGHT: 8.8
; LAYER_HEIGHT: 0.2
; LINE_WIDTH: 0.42
G1 E-.8 F1800
G1 Z9.200 F600
G1 Z8.800
G1 E.8 F1800
G1 X116.210 Y116.210 F12000
; FEATURE: Outer wall
G1 X139.790 Y116.210 E0.77814 F3000
G1 X139.790 Y139.790 E0.77814 F3000
G1 X116.210 Y139.790 E0.77814 F3000
G1 X116.210 Y116.210 E0.77814 F3000
G1 X116.630 Y116.630 F12000
; FEATURE: Inner wall
G1 X139.370 Y116.630 E0.75042 F3000
G1 X139.370 Y139.370 E0.75042 F3000
G1 X116.630 Y139.370 E0.75042 F3000
G1 X116.630 Y116.630 E0.75042 F3000
G1 X117.050 Y117.050 F12000
; FEATURE: Inner wall
G1 X138.950 Y117.050 E0.72270 F3000
G1 X138.950 Y138.950 E0.72270 F3000
G1 X117.050 Y138.950 E0.72270 F3000
G1 X117.050 Y117.050 E0.72270 F3000
; FEATURE: Internal solid infill
G1 X117.260 Y117.470 F12000
G1 X138.740 Y117.470 E0.70884 F4000
G1 X138.740 Y117.890 F12000
G1 X117.260 Y117.890 E0.70884 F4000
G1 X117.260 Y118.310 F12000
G1 X138.740 Y118.310 E0.70884 F4000
G1 X138.740 Y118.730 F12000
G1 X117.260 Y118.730 E0.70884 F4000
G1 X117.260 Y119.150 F12000
G1 X138.740 Y119.150 E0.70884 F4000
G1 X138.740 Y119.570 F12000
G1 X117.260 Y119.570 E0.70884 F4000
G1 X117.260 Y119.990 F12000
G1 X138.740 Y119.990 E0.70884 F4000
G1 X138.740 Y120.410 F12000
G1 X117.260 Y120.410 E0.70884 F4000
G1 X117.260 Y120.830 F12000
G1 X138.740 Y120.830 E0.70884 F4000
G1 X138.740 Y121.250 F12000
G1 X117.260 Y121.250 E0.70884 F4000
G1 X117.260 Y121.670 F12000
G1 X138.740 Y121.670 E0.70884 F4000
G1 X138.740 Y122.090 F12000
G1 X117.260 Y122.090 E0.70884 F4000
G1 X117.260 Y122.510 F12000
G1 X138.740 Y122.510 E0.70884 F4000
G1 X138.740 Y122.930 F12000
G1 X117.260 Y122.930 E0.70884 F4000
G1 X117.260 Y123.350 F12000
G1 X138.740 Y123.350 E0.70884 F4000
G1 X138.740 Y123.770 F12000
G1 X117.260 Y123.770 E0.70884 F4000
G1 X117.260 Y124.190 F12000
G1 X138.740 Y124.190 E0.70884 F4000
G1 X138.740 Y124.610 F12000
G1 X117.260 Y124.610 E0.70884 F4000
G1 X117.260 Y125.030 F12000
G1 X138.740 Y125.030 E0.70884 F4000
G1 X138.740 Y125.450 F12000
G1 X117.260 Y125.450 E0.70884 F4000
G1 X117.260 Y125.870 F12000
G1 X138.740 Y125.870 E0.70884 F4000
G1 X138.740 Y126.290 F12000
G1 X117.260 Y126.290 E0.70884 F4000
G1 X117.260 Y126.710 F12000
G1 X138.740 Y126.710 E0.70884 F4000
G1 X138.740 Y127.130 F12000
G1 X117.260 Y127.130 E0.70884 F4000
G1 X117.260 Y127.550 F12000
G1 X138.740 Y127.550 E0.70884 F4000
G1 X138.740 Y127.970 F12000
G1 X117.260 Y127.970 E0.70884 F4000
G1 X117.260 Y128.390 F12000
G1 X138.740 Y128.390 E0.70884 F4000
G1 X138.740 Y128.810 F12000
G1 X117.260 Y128.810 E0.70884 F4000
G1 X117.260 Y129.230 F12000
G1 X138.740 Y129.230 E0.70884 F4000
G1 X138.740 Y129.650 F12000
G1 X117.260 Y129.650 E0.70884 F4000
G1 X117.260 Y130.070 F12000
G1 X138.740 Y130.070 E0.70884 F4000
G1 X138.740 Y130.490 F12000
G1 X117.260 Y130.490 E0.70884 F4000
G1 X117.260 Y130.910 F12000
G1 X138.740 Y130.910 E0.70884 F4000
G1 X138.740 Y131.330 F12000
G1 X117.260 Y131.330 E0.70884 F4000
G1 X117.260 Y131.750 F12000
G1 X138.740 Y131.750 E0.70884 F4000
G1 X138.740 Y132.170 F12000
G1 X117.260 Y132.170 E0.70884 F4000
G1 X117.260 Y132.590 F12000
G1 X138.740 Y132.590 E0.70884 F4000
G1 X138.740 Y133.010 F12000
G1 X117.260 Y133.010 E0.70884 F4000
G1 X117.260 Y133.430 F12000
G1 X138.740 Y133.430 E0.70884 F4000
G1 X138.740 Y133.850 F12000
G1 X117.260 Y133.850 E0.70884 F4000
G1 X117.260 Y134.270 F12000
G1 X138.740 Y134.270 E0.70884 F4000
G1 X138.740 Y134.690 F12000
G1 X117.260 Y134.690 E0.70884 F4000
G1 X117.260 Y135.110 F12000
G1 X138.740 Y135.110 E0.70884 F4000
G1 X138.740 Y135.530 F12000
G1 X117.260 Y135.530 E0.70884 F4000
G1 X117.260 Y135.950 F12000
G1 X138.740 Y135.950 E0.70884 F4000
G1 X138.740 Y136.370 F12000
G1 X117.260 Y136.370 E0.70884 F4000
G1 X117.260 Y136.790 F12000
G1 X138.740 Y136.790 E0.70884 F4000
G1 X138.740 Y137.210 F12000
G1 X117.260 Y137.210 E0.70884 F4000
G1 X117.260 Y137.630 F12000
G1 X138.740 Y137.630 E0.70884 F4000
G1 X138.740 Y138.050 F12000
G1 X117.260 Y138.050 E0.70884 F4000
G1 X117.260 Y138.470 F12000
G1 X138.740 Y138.470 E0.70884 F4000
; CHANGE_LAYER
; Z_HEIGHT: 9.0
; LAYER_HEIGHT: 0.2
; LINE_WIDTH: 0.42
G1 E-.8 F1800
G1 Z9.400 F600
G1 Z9.000
G1 E.8 F1800
G1 X116.210 Y116.210 F12000
; FEATURE: Outer wall
G1 X139.790 Y116.210 E0.77814 F3000
G1 X139.790 Y139.790 E0.77814 F3000
G1 X116.210 Y139.790 E0.77814 F3000
G1 X116.210 Y116.210 E0.77814 F3000
G1 X116.630 Y116.630 F12000
; FEATURE: Inner wall
G1 X139.370 Y116.630 E0.75042 F3000
G1 X139.370 Y139.370 E0.75042 F3000
G1 X116.630 Y139.370 E0.75042 F3000
G1 X116.630 Y116.630 E0.75042 F3000
G1 X117.050 Y117.050 F12000
; FEATURE: Inner wall
G1 X138.950 Y117.050 E0.72270 F3000
G1 X138.950 Y138.950 E0.72270 F3000
G1 X117.050 Y138.950 E0.72270 F3000
G1 X117.050 Y117.050 E0.72270 F3000
; FEATURE: Sparse infill
G1 X117.260 Y117.260 F12000
G1 X117.260 Y138.740 E0.70884 F6000
G1 X117.260 Y117.260 F12000
G1 X138.740 Y117.260 E0.70884 F6000
G1 X122.860 Y117.260 F12000
G1 X122.860 Y138.740 E0.70884 F6000
G1 X117.260 Y122.860 F12000
G1 X138.740 Y122.860 E0.70884 F6000
G1 X128.460 Y117.260 F12000
G1 X128.460 Y138.740 E0.70884 F6000
G1 X117.260 Y128.460 F12000
G1 X138.740 Y128.460 E0.70884 F6000
G1 X134.060 Y117.260 F12000
G1 X134.060 Y138.740 E0.70884 F6000
G1 X117.260 Y134.060 F12000
G1 X138.740 Y134.060 E0.70884 F6000
; CHANGE_LAYER
; Z_HEIGHT: 9.2
; LAYER_HEIGHT: 0.2
; LINE_WIDTH: 0.42
G1 E-.8 F1800
G1 Z9.600 F600
G1 Z9.200
G1 E.8 F1800
G1 X116.210 Y116.210 F12000
; FEATURE: Outer wall
G1 X139.790 Y116.210 E0.77814 F3000
G1 X139.790 Y139.790 E0.77814 F3000
G1 X116.210 Y139.790 E0.77814 F3000
G1 X116.210 Y116.210 E0.77814 F3000
G1 X116.630 Y116.630 F12000
; FEATURE: Inner wall
G1 X139.370 Y116.630 E0.75042 F3000
G1 X139.370 Y139.370 E0.75042 F3000
G1 X116.630 Y139.370 E0.75042 F3000
G1 X116.630 Y116.630 E0.75042 F3000
G1 X117.050 Y117.050 F12000
; FEATURE: Inner wall
G1 X138.950 Y117.050 E0.72270 F3000
G1 X138.950 Y138.950 E0.72270 F3000
G1 X117.050 Y138.950 E0.72270 F3000
G1 X117.050 Y117.050 E0.72270 F3000
; FEATURE: Sparse infill
G1 X117.260 Y117.260 F12000
G1 X117.260 Y138.740 E0.70884 F6000
G1 X117.260 Y117.260 F12000
G1 X138.740 Y117.260 E0.70884 F6000
G1 X122.860 Y117.260 F12000
G1 X122.860 Y138.740 E0.70884 F6000
G1 X117.260 Y122.860 F12000
G1 X138.740 Y122.860 E0.70884 F6000
G1 X128.460 Y117.260 F12000
G1 X128.460 Y138.740 E0.70884 F6000
G1 X117.260 Y128.460 F12000
G1 X138.740 Y128.460 E0.70884 F6000
G1 X134.060 Y117.260 F12000
G1 X134.060 Y138.740 E0.70884 F6000
G1 X117.260 Y134.060 F12000
G1 X138.740 Y134.060 E0.70884 F6000
; CHANGE_LAYER
; Z_HEIGHT: 9.4
; LAYER_HEIGHT: 0.2
; LINE_WIDTH: 0.42
G1 E-.8 F1800
G1 Z9.800 F600
G1 Z9.400
G1 E.8 F1800
G1 X116.210 Y116.210 F12000
; FEATURE: Outer wall
G1 X139.790 Y116.210 E0.77814 F3000
G1 X139.790 Y139.790 E0.77814 F3000
G1 X116.210 Y139.790 E0.77814 F3000
G1 X116.210 Y116.210 E0.77814 F3000
G1 X116.630 Y116.630 F12000
; FEATURE: Inner wall
G1 X139.370 Y116.630 E0.75042 F3000
G1 X139.370 Y139.370 E0.75042 F3000
G1 X116.630 Y139.370 E0.75042 F3000
G1 X116.630 Y116.630 E0.75042 F3000
G1 X117.050 Y117.050 F12000
; FEATURE: Inner wall
G1 X138.950 Y117.050 E0.72270 F3000
G1 X138.950 Y138.950 E0.72270 F3000
G1 X117.050 Y138.950 E0.72270 F3000
G1 X117.050 Y117.050 E0.72270 F3000
; FEATURE: Sparse infill
G1 X117.260 Y117.260 F12000
G1 X117.260 Y138.740 E0.70884 F6000
G1 X117.260 Y117.260 F12000
G1 X138.740 Y117.260 E0.70884 F6000
G1 X122.860 Y117.260 F12000
G1 X122.860 Y138.740 E0.70884 F6000
G1 X117.260 Y122.860 F12000
G1 X138.740 Y122.860 E0.70884 F6000
G1 X128.460 Y117.260 F12000
G1 X128.460 Y138.740 E0.70884 F6000
G1 X117.260 Y128.460 F12000
G1 X138.740 Y128.460 E0.70884 F6000
G1 X134.060 Y117.260 F12000
G1 X134.060 Y138.740 E0.70884 F6000
G1 X117.260 Y134.060 F12000
G1 X138.740 Y134.060 E0.70884 F6000
; CHANGE_LAYER
; Z_HEIGHT: 9.6
; LAYER_HEIGHT: 0.2
; LINE_WIDTH: 0.42
G1 E-.8 F1800
G1 Z10.000 F600
G1 Z9.600
G1 E.8 F1800
G1 X116.210 Y116.210 F12000
; FEATURE: Outer wall
G1 X139.790 Y116.210 E0.77814 F3000
G1 X139.790 Y139.790 E0.77814 F3000
G1 X116.210 Y139.790 E0.77814 F3000
G1 X116.210 Y116.210 E0.77814 F3000
G1 X116.630 Y116.630 F12000
; FEATURE: Inner wall
G1 X139.370 Y116.630 E0.75042 F3000
G1 X139.370 Y139.370 E0.75042 F3000
G1 X116.630 Y139.370 E0.75042 F3000
G1 X116.630 Y116.630 E0.75042 F3000
G1 X117.050 Y117.050 F12000
; FEATURE: Inner wall
G1 X138.950 Y117.050 E0.72270 F3000
G1 X138.950 Y138.950 E0.72270 F3000
G1 X117.050 Y138.950 E0.72270 F3000
G1 X117.050 Y117.050 E0.72270 F3000
; FEATURE: Sparse infill
G1 X117.260 Y117.260 F12000
G1 X117.260 Y138.740 E0.70884 F6000
G1 X117.260 Y117.260 F12000
G1 X138.740 Y117.260 E0.70884 F6000
G1 X122.860 Y117.260 F12000
G1 X122.860 Y138.740 E0.70884 F6000
G1 X117.260 Y122.860 F12000
G1 X138.740 Y122.860 E0.70884 F6000
G1 X128.460 Y117.260 F12000
G1 X128.460 Y138.740 E0.70884 F6000
G1 X117.260 Y128.460 F12000
G1 X138.740 Y128.460 E0.70884 F6000
G1 X134.060 Y117.260 F12000
G1 X134.060 Y138.740 E0.70884 F6000
G1 X117.260 Y134.060 F12000
G1 X138.740 Y134.060 E0.70884 F6000
; CHANGE_LAYER
; Z_HEIGHT: 9.8
; LAYER_HEIGHT: 0.2
; LINE_WIDTH: 0.42
G1 E-.8 F1800
G1 Z10.200 F600
G1 Z9.800
G1 E.8 F1800
G1 X116.210 Y116.210 F12000
; FEATURE: Outer wall
G1 X139.790 Y116.210 E0.77814 F3000
G1 X139.790 Y139.790 E0.77814 F3000
G1 X116.210 Y139.790 E0.77814 F3000
G1 X116.210 Y116.210 E0.77814 F3000
G1 X116.630 Y116.630 F12000
; FEATURE: Inner wall
G1 X139.370 Y116.630 E0.75042 F3000
G1 X139.370 Y139.370 E0.75042 F3000
G1 X116.630 Y139.370 E0.75042 F3000
G1 X116.630 Y116.630 E0.75042 F3000
G1 X117.050 Y117.050 F12000
; FEATURE: Inner wall
G1 X138.950 Y117.050 E0.72270 F3000
G1 X138.950 Y138.950 E0.72270 F3000
G1 X117.050 Y138.950 E0.72270 F3000
G1 X117.050 Y117.050 E0.72270 F3000
; FEATURE: Sparse infill
G1 X117.260 Y117.260 F12000
G1 X117.260 Y138.740 E0.70884 F6000
G1 X117.260 Y117.260 F12000
G1 X138.740 Y117.260 E0.70884 F6000
G1 X122.860 Y117.260 F12000
G1 X122.860 Y138.740 E0.70884 F6000
G1 X117.260 Y122.860 F12000
G1 X138.740 Y122.860 E0.70884 F6000
G1 X128.460 Y117.260 F12000
G1 X128.460 Y138.740 E0.70884 F6000
G1 X117.260 Y128.460 F12000
G1 X138.740 Y128.460 E0.70884 F6000
G1 X134.060 Y117.260 F12000
G1 X134.060 Y138.740 E0.70884 F6000
G1 X117.260 Y134.060 F12000
G1 X138.740 Y134.060 E0.70884 F6000
; CHANGE_LAYER
; Z_HEIGHT: 10.0
; LAYER_HEIGHT: 0.2
; LINE_WIDTH: 0.42
G1 E-.8 F1800
G1 Z10.400 F600
G1 Z10.000
G1 E.8 F1800
G1 X116.210 Y116.210 F12000
; FEATURE: Outer wall
G1 X139.790 Y116.210 E0.77814 F3000
G1 X139.790 Y139.790 E0.77814 F3000
G1 X116.210 Y139.790 E0.77814 F3000
G1 X116.210 Y116.210 E0.77814 F3000
G1 X116.630 Y116.630 F12000
; FEATURE: Inner wall
G1 X139.370 Y116.630 E0.75042 F3000
G1 X139.370 Y139.370 E0.75042 F3000
G1 X116.630 Y139.370 E0.75042 F3000
G1 X116.630 Y116.630 E0.75042 F3000
G1 X117.050 Y117.050 F12000
; FEATURE: Inner wall
G1 X138.950 Y117.050 E0.72270 F3000
G1 X138.950 Y138.950 E0.72270 F3000
G1 X117.050 Y138.950 E0.72270 F3000
G1 X117.050 Y117.050 E0.72270 F3000
; FEATURE: Sparse infill
G1 X117.260 Y117.260 F12000
G1 X117.260 Y138.740 E0.70884 F6000
G1 X117.260 Y117.260 F12000
G1 X138.740 Y117.260 E0.70884 F6000
G1 X122.860 Y117.260 F12000
G1 X122.860 Y138.740 E0.70884 F6000
G1 X117.260 Y122.860 F12000
G1 X138.740 Y122.860 E0.70884 F6000
G1 X128.460 Y117.260 F12000
G1 X128.460 Y138.740 E0.70884 F6000
G1 X117.260 Y128.460 F12000
G1 X138.740 Y128.460 E0.70884 F6000
G1 X134.060 Y117.260 F12000
G1 X134.060 Y138.740 E0.70884 F6000
G1 X117.260 Y134.060 F12000
G1 X138.740 Y134.060 E0.70884 F6000
; CHANGE_LAYER
; Z_HEIGHT: 10.2
; LAYER_HEIGHT: 0.2
; LINE_WIDTH: 0.42
G1 E-.8 F1800
G1 Z10.600 F600
G1 Z10.200
G1 E.8 F1800
G1 X116.210 Y116.210 F12000
; FEATURE: Outer wall
G1 X139.790 Y116.210 E0.77814 F3000
G1 X139.790 Y139.790 E0.77814 F3000
G1 X116.210 Y139.790 E0.77814 F3000
G1 X116.210 Y116.210 E0.77814 F3000
G1 X116.630 Y116.630 F12000
; FEATURE: Inner wall
G1 X139.370 Y116.630 E0.75042 F3000
G1 X139.370 Y139.370 E0.75042 F3000
G1 X116.630 Y139.370 E0.75042 F3000
G1 X116.630 Y116.630 E0.75042 F3000
G1 X117.050 Y117.050 F12000
; FEATURE: Inner wall
G1 X138.950 Y117.050 E0.72270 F3000
G1 X138.950 Y138.950 E0.72270 F3000
G1 X117.050 Y138.950 E0.72270 F3000
G1 X117.050 Y117.050 E0.72270 F3000
; FEATURE: Sparse infill
G1 X117.260 Y117.260 F12000
G1 X117.260 Y138.740 E0.70884 F6000
G1 X117.260 Y117.260 F12000
G1 X138.740 Y117.260 E0.70884 F6000
G1 X122.860 Y117.260 F12000
G1 X122.860 Y138.740 E0.70884 F6000
G1 X117.260 Y122.860 F12000
G1 X138.740 Y122.860 E0.70884 F6000
G1 X128.460 Y117.260 F12000
G1 X128.460 Y138.740 E0.70884 F6000
G1 X117.260 Y128.460 F12000
G1 X138.740 Y128.460 E0.70884 F6000
G1 X134.060 Y117.260 F12000
G1 X134.060 Y138.740 E0.70884 F6000
G1 X117.260 Y134.060 F12000
G1 X138.740 Y134.060 E0.70884 F6000
; CHANGE_LAYER
; Z_HEIGHT: 10.4
; LAYER_HEIGHT: 0.2
; LINE_WIDTH: 0.42
G1 E-.8 F1800
G1 Z10.800 F600
G1 Z10.400
G1 E.8 F1800
G1 X116.210 Y116.210 F12000
; FEATURE: Outer wall
G1 X139.790 Y116.210 E0.77814 F3000
G1 X139.790 Y139.790 E0.77814 F3000
G1 X116.210 Y139.790 E0.77814 F3000
G1 X116.210 Y116.210 E0.77814 F3000
G1 X116.630 Y116.630 F12000
; FEATURE: Inner wall
G1 X139.370 Y116.630 E0.75042 F3000
G1 X139.370 Y139.370 E0.75042 F3000
G1 X116.630 Y139.370 E0.75042 F3000
G1 X116.630 Y116.630 E0.75042 F3000
G1 X117.050 Y117.050 F12000
; FEATURE: Inner wall
G1 X138.950 Y117.050 E0.72270 F3000
G1 X138.950 Y138.950 E0.72270 F3000
G1 X117.050 Y138.950 E0.72270 F3000
G1 X117.050 Y117.050 E0.72270 F3000
; FEATURE: Sparse infill
G1 X117.260 Y117.260 F12000
G1 X117.260 Y138.740 E0.70884 F6000
G1 X117.260 Y117.260 F12000
G1 X138.740 Y117.260 E0.70884 F6000
G1 X122.860 Y117.260 F12000
G1 X122.860 Y138.740 E0.70884 F6000
G1 X117.260 Y122.860 F12000
G1 X138.740 Y122.860 E0.70884 F6000
G1 X128.460 Y117.260 F12000
G1 X128.460 Y138.740 E0.70884 F6000
G1 X117.260 Y128.460 F12000
G1 X138.740 Y128.460 E0.70884 F6000
G1 X134.060 Y117.260 F12000
G1 X134.060 Y138.740 E0.70884 F6000
G1 X117.260 Y134.060 F12000
G1 X138.740 Y134.060 E0.70884 F6000
; CHANGE_LAYER
; Z_HEIGHT: 10.6
; LAYER_HEIGHT: 0.2
; LINE_WIDTH: 0.42
G1 E-.8 F1800
G1 Z11.000 F600
G1 Z10.600
G1 E.8 F1800
G1 X116.210 Y116.210 F12000
; FEATURE: Outer wall
G1 X139.790 Y116.210 E0.77814 F3000
G1 X139.790 Y139.790 E0.77814 F3000
G1 X116.210 Y139.790 E0.77814 F3000
G1 X116.210 Y116.210 E0.77814 F3000
G1 X116.630 Y116.630 F12000
; FEATURE: Inner wall
G1 X139.370 Y116.630 E0.75042 F3000
G1 X139.370 Y139.370 E0.75042 F3000
G1 X116.630 Y139.370 E0.75042 F3000
G1 X116.630 Y116.630 E0.75042 F3000
G1 X117.050 Y117.050 F12000
; FEATURE: Inner wall
G1 X138.950 Y117.050 E0.72270 F3000
G1 X138.950 Y138.950 E0.72270 F3000
G1 X117.050 Y138.950 E0.72270 F3000
G1 X117.050 Y117.050 E0.72270 F3000
; FEATURE: Sparse infill
G1 X117.260 Y117.260 F12000
G1 X117.260 Y138.740 E0.70884 F6000
G1 X117.260 Y117.260 F12000
G1 X138.740 Y117.260 E0.70884 F6000
G1 X122.860 Y117.260 F12000
G1 X122.860 Y138.740 E0.70884 F6000
G1 X117.260 Y122.860 F12000
G1 X138.740 Y122.860 E0.70884 F6000
G1 X128.460 Y117.260 F12000
G1 X128.460 Y138.740 E0.70884 F6000
G1 X117.260 Y128.460 F12000
G1 X138.740 Y128.460 E0.70884 F6000
G1 X134.060 Y117.260 F12000
G1 X134.060 Y138.740 E0.70884 F6000
G1 X117.260 Y134.060 F12000
G1 X138.740 Y134.060 E0.70884 F6000
; CHANGE_LAYER
; Z_HEIGHT: 10.8
; LAYER_HEIGHT: 0.2
; LINE_WIDTH: 0.42
G1 E-.8 F1800
G1 Z11.200 F600
G1 Z10.800
G1 E.8 F1800
G1 X116.210 Y116.210 F12000
; FEATURE: Outer wall
G1 X139.790 Y116.210 E0.77814 F3000
G1 X139.790 Y139.790 E0.77814 F3000
G1 X116.210 Y139.790 E0.77814 F3000
G1 X116.210 Y116.210 E0.77814 F3000
G1 X116.630 Y116.630 F12000
; FEATURE: Inner wall
G1 X139.370 Y116.630 E0.75042 F3000
G1 X139.370 Y139.370 E0.75042 F3000
G1 X116.630 Y139.370 E0.75042 F3000
G1 X116.630 Y116.630 E0.75042 F3000
G1 X117.050 Y117.050 F12000
; FEATURE: Inner wall
G1 X138.950 Y117.050 E0.72270 F3000
G1 X138.950 Y138.950 E0.72270 F3000
G1 X117.050 Y138.950 E0.72270 F3000
G1 X117.050 Y117.050 E0.72270 F3000
; FEATURE: Sparse infill
G1 X117.260 Y117.260 F12000
G1 X117.260 Y138.740 E0.70884 F6000
G1 X117.260 Y117.260 F12000
G1 X138.740 Y117.260 E0.70884 F6000
G1 X122.860 Y117.260 F12000
G1 X122.860 Y138.740 E0.70884 F6000
G1 X117.260 Y122.860 F12000
G1 X138.740 Y122.860 E0.70884 F6000
G1 X128.460 Y117.260 F12000
G1 X128.460 Y138.740 E0.70884 F6000
G1 X117.260 Y128.460 F12000
G1 X138.740 Y128.460 E0.70884 F6000
G1 X134.060 Y117.260 F12000
G1 X134.060 Y138.740 E0.70884 F6000
G1 X117.260 Y134.060 F12000
G1 X138.740 Y134.060 E0.70884 F6000
; CHANGE_LAYER
; Z_HEIGHT: 11.0
; LAYER_HEIGHT: 0.2
; LINE_WIDTH: 0.42
G1 E-.8 F1800
G1 Z11.400 F600
G1 Z11.000
G1 E.8 F1800
G1 X116.210 Y116.210 F12000
; FEATURE: Outer wall
G1 X139.790 Y116.210 E0.77814 F3000
G1 X139.790 Y139.790 E0.77814 F3000
G1 X116.210 Y139.790 E0.77814 F3000
G1 X116.210 Y116.210 E0.77814 F3000
G1 X116.630 Y116.630 F12000
; FEATURE: Inner wall
G1 X139.370 Y116.630 E0.75042 F3000
G1 X139.370 Y139.370 E0.75042 F3000
G1 X116.630 Y139.370 E0.75042 F3000
G1 X116.630 Y116.630 E0.75042 F3000
G1 X117.050 Y117.050 F12000
; FEATURE: Inner wall
G1 X138.950 Y117.050 E0.72270 F3000
G1 X138.950 Y138.950 E0.72270 F3000
G1 X117.050 Y138.950 E0.72270 F3000
G1 X117.050 Y117.050 E0.72270 F3000
; FEATURE: Sparse infill
G1 X117.260 Y117.260 F12000
G1 X117.260 Y138.740 E0.70884 F6000
G1 X117.260 Y117.260 F12000
G1 X138.740 Y117.260 E0.70884 F6000
G1 X122.860 Y117.260 F12000
G1 X122.860 Y138.740 E0.70884 F6000
G1 X117.260 Y122.860 F12000
G1 X138.740 Y122.860 E0.70884 F6000
G1 X128.460 Y117.260 F12000
G1 X128.460 Y138.740 E0.70884 F6000
G1 X117.260 Y128.460 F12000
G1 X138.740 Y128.460 E0.70884 F6000
G1 X134.060 Y117.260 F12000
G1 X134.060 Y138.740 E0.70884 F6000
G1 X117.260 Y134.060 F12000
G1 X138.740 Y134.060 E0.70884 F6000
; CHANGE_LAYER
; Z_HEIGHT: 11.2
; LAYER_HEIGHT: 0.2
; LINE_WIDTH: 0.42
G1 E-.8 F1800
G1 Z11.600 F600
G1 Z11.200
G1 E.8 F1800
G1 X116.210 Y116.210 F12000
; FEATURE: Outer wall
G1 X139.790 Y116.210 E0.77814 F3000
G1 X139.790 Y139.790 E0.77814 F3000
G1 X116.210 Y139.790 E0.77814 F3000
G1 X116.210 Y116.210 E0.77814 F3000
G1 X116.630 Y116.630 F12000
; FEATURE: Inner wall
G1 X139.370 Y116.630 E0.75042 F3000
G1 X139.370 Y139.370 E0.75042 F3000
G1 X116.630 Y139.370 E0.75042 F3000
G1 X116.630 Y116.630 E0.75042 F3000
G1 X117.050 Y117.050 F12000
; FEATURE: Inner wall
G1 X138.950 Y117.050 E0.72270 F3000
G1 X138.950 Y138.950 E0.72270 F3000
G1 X117.050 Y138.950 E0.72270 F3000
G1 X117.050 Y117.050 E0.72270 F3000
; FEATURE: Sparse infill
G1 X117.260 Y117.260 F12000
G1 X117.260 Y138.740 E0.70884 F6000
G1 X117.260 Y117.260 F12000
G1 X138.740 Y117.260 E0.70884 F6000
G1 X122.860 Y117.260 F12000
G1 X122.860 Y138.740 E0.70884 F6000
G1 X117.260 Y122.860 F12000
G1 X138.740 Y122.860 E0.70884 F6000
G1 X128.460 Y117.260 F12000
G1 X128.460 Y138.740 E0.70884 F6000
G1 X117.260 Y128.460 F12000
G1 X138.740 Y128.460 E0.70884 F6000
G1 X134.060 Y117.260 F12000
G1 X134.060 Y138.740 E0.70884 F6000
G1 X117.260 Y134.060 F12000
G1 X138.740 Y134.060 E0.70884 F6000
; CHANGE_LAYER
; Z_HEIGHT: 11.4
; LAYER_HEIGHT: 0.2
; LINE_WIDTH: 0.42
G1 E-.8 F1800
G1 Z11.800 F600
G1 Z11.400
G1 E.8 F1800
G1 X116.210 Y116.210 F12000
; FEATURE: Outer wall
G1 X139.790 Y116.210 E0.77814 F3000
G1 X139.790 Y139.790 E0.77814 F3000
G1 X116.210 Y139.790 E0.77814 F3000
G1 X116.210 Y116.210 E0.77814 F3000
G1 X116.630 Y116.630 F12000
; FEATURE: Inner wall
G1 X139.370 Y116.630 E0.75042 F3000
G1 X139.370 Y139.370 E0.75042 F3000
G1 X116.630 Y139.370 E0.75042 F3000
G1 X116.630 Y116.630 E0.75042 F3000
G1 X117.050 Y117.050 F12000
; FEATURE: Inner wall
G1 X138.950 Y117.050 E0.72270 F3000
G1 X138.950 Y138.950 E0.72270 F3000
G1 X117.050 Y138.950 E0.72270 F3000
G1 X117.050 Y117.050 E0.72270 F3000
; FEATURE: Sparse infill
G1 X117.260 Y117.260 F12000
G1 X117.260 Y138.740 E0.70884 F6000
G1 X117.260 Y117.260 F12000
G1 X138.740 Y117.260 E0.70884 F6000
G1 X122.860 Y117.260 F12000
G1 X122.860 Y138.740 E0.70884 F6000
G1 X117.260 Y122.860 F12000
G1 X138.740 Y122.860 E0.70884 F6000
G1 X128.460 Y117.260 F12000
G1 X128.460 Y138.740 E0.70884 F6000
G1 X117.260 Y128.460 F12000
G1 X138.740 Y128.460 E0.70884 F6000
G1 X134.060 Y117.260 F12000
G1 X134.060 Y138.740 E0.70884 F6000
G1 X117.260 Y134.060 F12000
G1 X138.740 Y134.060 E0.70884 F6000
; CHANGE_LAYER
; Z_HEIGHT: 11.6
; LAYER_HEIGHT: 0.2
; LINE_WIDTH: 0.42
G1 E-.8 F1800
G1 Z12.000 F600
G1 Z11.600
G1 E.8 F1800
G1 X116.210 Y116.210 F12000
; FEATURE: Outer wall
G1 X139.790 Y116.210 E0.77814 F3000
G1 X139.790 Y139.790 E0.77814 F3000
G1 X116.210 Y139.790 E0.77814 F3000
G1 X116.210 Y116.210 E0.77814 F3000
G1 X116.630 Y116.630 F12000
; FEATURE: Inner wall
G1 X139.370 Y116.630 E0.75042 F3000
G1 X139.370 Y139.370 E0.75042 F3000
G1 X116.630 Y139.370 E0.75042 F3000
G1 X116.630 Y116.630 E0.75042 F3000
G1 X117.050 Y117.050 F12000
; FEATURE: Inner wall
G1 X138.950 Y117.050 E0.72270 F3000
G1 X138.950 Y138.950 E0.72270 F3000
G1 X117.050 Y138.950 E0.72270 F3000
G1 X117.050 Y117.050 E0.72270 F3000
; FEATURE: Sparse infill
G1 X117.260 Y117.260 F12000
G1 X117.260 Y138.740 E0.70884 F6000
G1 X117.260 Y117.260 F12000
G1 X138.740 Y117.260 E0.70884 F6000
G1 X122.860 Y117.260 F12000
G1 X122.860 Y138.740 E0.70884 F6000
G1 X117.260 Y122.860 F12000
G1 X138.740 Y122.860 E0.70884 F6000
G1 X128.460 Y117.260 F12000
G1 X128.460 Y138.740 E0.70884 F6000
G1 X117.260 Y128.460 F12000
G1 X138.740 Y128.460 E0.70884 F6000
G1 X134.060 Y117.260 F12000
G1 X134.060 Y138.740 E0.70884 F6000
G1 X117.260 Y134.060 F12000
G1 X138.740 Y134.060 E0.70884 F6000
; CHANGE_LAYER
; Z_HEIGHT: 11.8
; LAYER_HEIGHT: 0.2
; LINE_WIDTH: 0.42
G1 E-.8 F1800
G1 Z12.200 F600
G1 Z11.800
G1 E.8 F1800
G1 X116.210 Y116.210 F12000
; FEATURE: Outer wall
G1 X139.790 Y116.210 E0.77814 F3000
G1 X139.790 Y139.790 E0.77814 F3000
G1 X116.210 Y139.790 E0.77814 F3000
G1 X116.210 Y116.210 E0.77814 F3000
G1 X116.630 Y116.630 F12000
; FEATURE: Inner wall
G1 X139.370 Y116.630 E0.75042 F3000
G1 X139.370 Y139.370 E0.75042 F3000
G1 X116.630 Y139.370 E0.75042 F3000
G1 X116.630 Y116.630 E0.75042 F3000
G1 X117.050 Y117.050 F12000
; FEATURE: Inner wall
G1 X138.950 Y117.050 E0.72270 F3000
G1 X138.950 Y138.950 E0.72270 F3000
G1 X117.050 Y138.950 E0.72270 F3000
G1 X117.050 Y117.050 E0.72270 F3000
; FEATURE: Sparse infill
G1 X117.260 Y117.260 F12000
G1 X117.260 Y138.740 E0.70884 F6000
G1 X117.260 Y117.260 F12000
G1 X138.740 Y117.260 E0.70884 F6000
G1 X122.860 Y117.260 F12000
G1 X122.860 Y138.740 E0.70884 F6000
G1 X117.260 Y122.860 F12000
G1 X138.740 Y122.860 E0.70884 F6000
G1 X128.460 Y117.260 F12000
G1 X128.460 Y138.740 E0.70884 F6000
G1 X117.260 Y128.460 F12000
G1 X138.740 Y128.460 E0.70884 F6000
G1 X134.060 Y117.260 F12000
G1 X134.060 Y138.740 E0.70884 F6000
G1 X117.260 Y134.060 F12000
G1 X138.740 Y134.060 E0.70884 F6000
; CHANGE_LAYER
; Z_HEIGHT: 12.0
; LAYER_HEIGHT: 0.2
; LINE_WIDTH: 0.42
G1 E-.8 F1800
G1 Z12.400 F600
G1 Z12.000
G1 E.8 F1800
G1 X116.210 Y116.210 F12000
; FEATURE: Outer wall
G1 X139.790 Y116.210 E0.77814 F3000
G1 X139.790 Y139.790 E0.77814 F3000
G1 X116.210 Y139.790 E0.77814 F3000
G1 X116.210 Y116.210 E0.77814 F3000
G1 X116.630 Y116.630 F12000
; FEATURE: Inner wall
G1 X139.370 Y116.630 E0.75042 F3000
G1 X139.370 Y139.370 E0.75042 F3000
G1 X116.630 Y139.370 E0.75042 F3000
G1 X116.630 Y116.630 E0.75042 F3000
G1 X117.050 Y117.050 F12000
; FEATURE: Inner wall
G1 X138.950 Y117.050 E0.72270 F3000
G1 X138.950 Y138.950 E0.72270 F3000
G1 X117.050 Y138.950 E0.72270 F3000
G1 X117.050 Y117.050 E0.72270 F3000
; FEATURE: Internal solid infill
G1 X117.260 Y117.470 F12000
G1 X138.740 Y117.470 E0.70884 F4000
G1 X138.740 Y117.890 F12000
G1 X117.260 Y117.890 E0.70884 F4000
G1 X117.260 Y118.310 F12000
G1 X138.740 Y118.310 E0.70884 F4000
G1 X138.740 Y118.730 F12000
G1 X117.260 Y118.730 E0.70884 F4000
G1 X117.260 Y119.150 F12000
G1 X138.740 Y119.150 E0.70884 F4000
G1 X138.740 Y119.570 F12000
G1 X117.260 Y119.570 E0.70884 F4000
G1 X117.260 Y119.990 F12000
G1 X138.740 Y119.990 E0.70884 F4000
G1 X138.740 Y120.410 F12000
G1 X117.260 Y120.410 E0.70884 F4000
G1 X117.260 Y120.830 F12000
G1 X138.740 Y120.830 E0.70884 F4000
G1 X138.740 Y121.250 F12000
G1 X117.260 Y121.250 E0.70884 F4000
G1 X117.260 Y121.670 F12000
G1 X138.740 Y121.670 E0.70884 F4000
G1 X138.740 Y122.090 F12000
G1 X117.260 Y122.090 E0.70884 F4000
G1 X117.260 Y122.510 F12000
G1 X138.740 Y122.510 E0.70884 F4000
G1 X138.740 Y122.930 F12000
G1 X117.260 Y122.930 E0.70884 F4000
G1 X117.260 Y123.350 F12000
G1 X138.740 Y123.350 E0.70884 F4000
G1 X138.740 Y123.770 F12000
G1 X117.260 Y123.770 E0.70884 F4000
G1 X117.260 Y124.190 F12000
G1 X138.740 Y124.190 E0.70884 F4000
G1 X138.740 Y124.610 F12000
G1 X117.260 Y124.610 E0.70884 F4000
G1 X117.260 Y125.030 F12000
G1 X138.740 Y125.030 E0.70884 F4000
G1 X138.740 Y125.450 F12000
G1 X117.260 Y125.450 E0.70884 F4000
G1 X117.260 Y125.870 F12000
G1 X138.740 Y125.870 E0.70884 F4000
G1 X138.740 Y126.290 F12000
G1 X117.260 Y126.290 E0.70884 F4000
G1 X117.260 Y126.710 F12000
G1 X138.740 Y126.710 E0.70884 F4000
G1 X138.740 Y127.130 F12000
G1 X117.260 Y127.130 E0.70884 F4000
G1 X117.260 Y127.550 F12000
G1 X138.740 Y127.550 E0.70884 F4000
G1 X138.740 Y127.970 F12000
G1 X117.260 Y127.970 E0.70884 F4000
G1 X117.260 Y128.390 F12000
G1 X138.740 Y128.390 E0.70884 F4000
G1 X138.740 Y128.810 F12000
G1 X117.260 Y128.810 E0.70884 F4000
G1 X117.260 Y129.230 F12000
G1 X138.740 Y129.230 E0.70884 F4000
G1 X138.740 Y129.650 F12000
G1 X117.260 Y129.650 E0.70884 F4000
G1 X117.260 Y130.070 F12000
G1 X138.740 Y130.070 E0.70884 F4000
G1 X138.740 Y130.490 F12000
G1 X117.260 Y130.490 E0.70884 F4000
G1 X117.260 Y130.910 F12000
G1 X138.740 Y130.910 E0.70884 F4000
G1 X138.740 Y131.330 F12000
G1 X117.260 Y131.330 E0.70884 F4000
G1 X117.260 Y131.750 F12000
G1 X138.740 Y131.750 E0.70884 F4000
G1 X138.740 Y132.170 F12000
G1 X117.260 Y132.170 E0.70884 F4000
G1 X117.260 Y132.590 F12000
G1 X138.740 Y132.590 E0.70884 F4000
G1 X138.740 Y133.010 F12000
G1 X117.260 Y133.010 E0.70884 F4000
G1 X117.260 Y133.430 F12000
G1 X138.740 Y133.430 E0.70884 F4000
G1 X138.740 Y133.850 F12000
G1 X117.260 Y133.850 E0.70884 F4000
G1 X117.260 Y134.270 F12000
G1 X138.740 Y134.270 E0.70884 F4000
G1 X138.740 Y134.690 F12000
G1 X117.260 Y134.690 E0.70884 F4000
G1 X117.260 Y135.110 F12000
G1 X138.740 Y135.110 E0.70884 F4000
G1 X138.740 Y135.530 F12000
G1 X117.260 Y135.530 E0.70884 F4000
G1 X117.260 Y135.950 F12000
G1 X138.740 Y135.950 E0.70884 F4000
G1 X138.740 Y136.370 F12000
G1 X117.260 Y136.370 E0.70884 F4000
G1 X117.260 Y136.790 F12000
G1 X138.740 Y136.790 E0.70884 F4000
G1 X138.740 Y137.210 F12000
G1 X117.260 Y137.210 E0.70884 F4000
G1 X117.260 Y137.630 F12000
G1 X138.740 Y137.630 E0.70884 F4000
G1 X138.740 Y138.050 F12000
G1 X117.260 Y138.050 E0.70884 F4000
G1 X117.260 Y138.470 F12000
G1 X138.740 Y138.470 E0.70884 F4000
; CHANGE_LAYER
; Z_HEIGHT: 12.2
; LAYER_HEIGHT: 0.2
; LINE_WIDTH: 0.42
G1 E-.8 F1800
G1 Z12.600 F600
G1 Z12.200
G1 E.8 F1800
G1 X116.210 Y116.210 F12000
; FEATURE: Outer wall
G1 X139.790 Y116.210 E0.77814 F3000
G1 X139.790 Y139.790 E0.77814 F3000
G1 X116.210 Y139.790 E0.77814 F3000
G1 X116.210 Y116.210 E0.77814 F3000
G1 X116.630 Y116.630 F12000
; FEATURE: Inner wall
G1 X139.370 Y116.630 E0.75042 F3000
G1 X139.370 Y139.370 E0.75042 F3000
G1 X116.630 Y139.370 E0.75042 F3000
G1 X116.630 Y116.630 E0.75042 F3000
G1 X117.050 Y117.050 F12000
; FEATURE: Inner wall
G1 X138.950 Y117.050 E0.72270 F3000
G1 X138.950 Y138.950 E0.72270 F3000
G1 X117.050 Y138.950 E0.72270 F3000
G1 X117.050 Y117.050 E0.72270 F3000
; FEATURE: Internal solid infill
G1 X117.260 Y117.470 F12000
G1 X138.740 Y117.470 E0.70884 F4000
G1 X138.740 Y117.890 F12000
G1 X117.260 Y117.890 E0.70884 F4000
G1 X117.260 Y118.310 F12000
G1 X138.740 Y118.310 E0.70884 F4000
G1 X138.740 Y118.730 F12000
G1 X117.260 Y118.730 E0.70884 F4000
G1 X117.260 Y119.150 F12000
G1 X138.740 Y119.150 E0.70884 F4000
G1 X138.740 Y119.570 F12000
G1 X117.260 Y119.570 E0.70884 F4000
G1 X117.260 Y119.990 F12000
G1 X138.740 Y119.990 E0.70884 F4000
G1 X138.740 Y120.410 F12000
G1 X117.260 Y120.410 E0.70884 F4000
G1 X117.260 Y120.830 F12000
G1 X138.740 Y120.830 E0.70884 F4000
G1 X138.740 Y121.250 F12000
G1 X117.260 Y121.250 E0.70884 F4000
G1 X117.260 Y121.670 F12000
G1 X138.740 Y121.670 E0.70884 F4000
G1 X138.740 Y122.090 F12000
G1 X117.260 Y122.090 E0.70884 F4000
G1 X117.260 Y122.510 F12000
G1 X138.740 Y122.510 E0.70884 F4000
G1 X138.740 Y122.930 F12000
G1 X117.260 Y122.930 E0.70884 F4000
G1 X117.260 Y123.350 F12000
G1 X138.740 Y123.350 E0.70884 F4000
G1 X138.740 Y123.770 F12000
G1 X117.260 Y123.770 E0.70884 F4000
G1 X117.260 Y124.190 F12000
G1 X138.740 Y124.190 E0.70884 F4000
G1 X138.740 Y124.610 F12000
G1 X117.260 Y124.610 E0.70884 F4000
G1 X117.260 Y125.030 F12000
G1 X138.740 Y125.030 E0.70884 F4000
G1 X138.740 Y125.450 F12000
G1 X117.260 Y125.450 E0.70884 F4000
G1 X117.260 Y125.870 F12000
G1 X138.740 Y125.870 E0.70884 F4000
G1 X138.740 Y126.290 F12000
G1 X117.260 Y126.290 E0.70884 F4000
G1 X117.260 Y126.710 F12000
G1 X138.740 Y126.710 E0.70884 F4000
G1 X138.740 Y127.130 F12000
G1 X117.260 Y127.130 E0.70884 F4000
G1 X117.260 Y127.550 F12000
G1 X138.740 Y127.550 E0.70884 F4000
G1 X138.740 Y127.970 F12000
G1 X117.260 Y127.970 E0.70884 F4000
G1 X117.260 Y128.390 F12000
G1 X138.740 Y128.390 E0.70884 F4000
G1 X138.740 Y128.810 F12000
G1 X117.260 Y128.810 E0.70884 F4000
G1 X117.260 Y129.230 F12000
G1 X138.740 Y129.230 E0.70884 F4000
G1 X138.740 Y129.650 F12000
G1 X117.260 Y129.650 E0.70884 F4000
G1 X117.260 Y130.070 F12000
G1 X138.740 Y130.070 E0.70884 F4000
G1 X138.740 Y130.490 F12000
G1 X117.260 Y130.490 E0.70884 F4000
G1 X117.260 Y130.910 F12000
G1 X138.740 Y130.910 E0.70884 F4000
G1 X138.740 Y131.330 F12000
G1 X117.260 Y131.330 E0.70884 F4000
G1 X117.260 Y131.750 F12000
G1 X138.740 Y131.750 E0.70884 F4000
G1 X138.740 Y132.170 F12000
G1 X117.260 Y132.170 E0.70884 F4000
G1 X117.260 Y132.590 F12000
G1 X138.740 Y132.590 E0.70884 F4000
G1 X138.740 Y133.010 F12000
G1 X117.260 Y133.010 E0.70884 F4000
G1 X117.260 Y133.430 F12000
G1 X138.740 Y133.430 E0.70884 F4000
G1 X138.740 Y133.850 F12000
G1 X117.260 Y133.850 E0.70884 F4000
G1 X117.260 Y134.270 F12000
G1 X138.740 Y134.270 E0.70884 F4000
G1 X138.740 Y134.690 F12000
G1 X117.260 Y134.690 E0.70884 F4000
G1 X117.260 Y135.110 F12000
G1 X138.740 Y135.110 E0.70884 F4000
G1 X138.740 Y135.530 F12000
G1 X117.260 Y135.530 E0.70884 F4000
G1 X117.260 Y135.950 F12000
G1 X138.740 Y135.950 E0.70884 F4000
G1 X138.740 Y136.370 F12000
G1 X117.260 Y136.370 E0.70884 F4000
G1 X117.260 Y136.790 F12000
G1 X138.740 Y136.790 E0.70884 F4000
G1 X138.740 Y137.210 F12000
G1 X117.260 Y137.210 E0.70884 F4000
G1 X117.260 Y137.630 F12000
G1 X138.740 Y137.630 E0.70884 F4000
G1 X138.740 Y138.050 F12000
G1 X117.260 Y138.050 E0.70884 F4000
G1 X117.260 Y138.470 F12000
G1 X138.740 Y138.470 E0.70884 F4000
; CHANGE_LAYER
; Z_HEIGHT: 12.4
; LAYER_HEIGHT: 0.2
; LINE_WIDTH: 0.42
G1 E-.8 F1800
G1 Z12.800 F600
G1 Z12.400
G1 E.8 F1800
G1 X116.210 Y116.210 F12000
; FEATURE: Outer wall
G1 X139.790 Y116.210 E0.77814 F3000
G1 X139.790 Y139.790 E0.77814 F3000
G1 X116.210 Y139.790 E0.77814 F3000
G1 X116.210 Y116.210 E0.77814 F3000
G1 X116.630 Y116.630 F12000
; FEATURE: Inner wall
G1 X139.370 Y116.630 E0.75042 F3000
G1 X139.370 Y139.370 E0.75042 F3000
G1 X116.630 Y139.370 E0.75042 F3000
G1 X116.630 Y116.630 E0.75042 F3000
G1 X117.050 Y117.050 F12000
; FEATURE: Inner wall
G1 X138.950 Y117.050 E0.72270 F3000
G1 X138.950 Y138.950 E0.72270 F3000
G1 X117.050 Y138.950 E0.72270 F3000
G1 X117.050 Y117.050 E0.72270 F3000
; FEATURE: Internal solid infill
G1 X117.260 Y117.470 F12000
G1 X138.740 Y117.470 E0.70884 F4000
G1 X138.740 Y117.890 F12000
G1 X117.260 Y117.890 E0.70884 F4000
G1 X117.260 Y118.310 F12000
G1 X138.740 Y118.310 E0.70884 F4000
G1 X138.740 Y118.730 F12000
G1 X117.260 Y118.730 E0.70884 F4000
G1 X117.260 Y119.150 F12000
G1 X138.740 Y119.150 E0.70884 F4000
G1 X138.740 Y119.570 F12000
G1 X117.260 Y119.570 E0.70884 F4000
G1 X117.260 Y119.990 F12000
G1 X138.740 Y119.990 E0.70884 F4000
G1 X138.740 Y120.410 F12000
G1 X117.260 Y120.410 E0.70884 F4000
G1 X117.260 Y120.830 F12000
G1 X138.740 Y120.830 E0.70884 F4000
G1 X138.740 Y121.250 F12000
G1 X117.260 Y121.250 E0.70884 F4000
G1 X117.260 Y121.670 F12000
G1 X138.740 Y121.670 E0.70884 F4000
G1 X138.740 Y122.090 F12000
G1 X117.260 Y122.090 E0.70884 F4000
G1 X117.260 Y122.510 F12000
G1 X138.740 Y122.510 E0.70884 F4000
G1 X138.740 Y122.930 F12000
G1 X117.260 Y122.930 E0.70884 F4000
G1 X117.260 Y123.350 F12000
G1 X138.740 Y123.350 E0.70884 F4000
G1 X138.740 Y123.770 F12000
G1 X117.260 Y123.770 E0.70884 F4000
G1 X117.260 Y124.190 F12000
G1 X138.740 Y124.190 E0.70884 F4000
G1 X138.740 Y124.610 F12000
G1 X117.260 Y124.610 E0.70884 F4000
G1 X117.260 Y125.030 F12000
G1 X138.740 Y125.030 E0.70884 F4000
G1 X138.740 Y125.450 F12000
G1 X117.260 Y125.450 E0.70884 F4000
G1 X117.260 Y125.870 F12000
G1 X138.740 Y125.870 E0.70884 F4000
G1 X138.740 Y126.290 F12000
G1 X117.260 Y126.290 E0.70884 F4000
G1 X117.260 Y126.710 F12000
G1 X138.740 Y126.710 E0.70884 F4000
G1 X138.740 Y127.130 F12000
G1 X117.260 Y127.130 E0.70884 F4000
G1 X117.260 Y127.550 F12000
G1 X138.740 Y127.550 E0.70884 F4000
G1 X138.740 Y127.970 F12000
G1 X117.260 Y127.970 E0.70884 F4000
G1 X117.260 Y128.390 F12000
G1 X138.740 Y128.390 E0.70884 F4000
G1 X138.740 Y128.810 F12000
G1 X117.260 Y128.810 E0.70884 F4000
G1 X117.260 Y129.230 F12000
G1 X138.740 Y129.230 E0.70884 F4000
G1 X138.740 Y129.650 F12000
G1 X117.260 Y129.650 E0.70884 F4000
G1 X117.260 Y130.070 F12000
G1 X138.740 Y130.070 E0.70884 F4000
G1 X138.740 Y130.490 F12000
G1 X117.260 Y130.490 E0.70884 F4000
G1 X117.260 Y130.910 F12000
G1 X138.740 Y130.910 E0.70884 F4000
G1 X138.740 Y131.330 F12000
G1 X117.260 Y131.330 E0.70884 F4000
G1 X117.260 Y131.750 F12000
G1 X138.740 Y131.750 E0.70884 F4000
G1 X138.740 Y132.170 F12000
G1 X117.260 Y132.170 E0.70884 F4000
G1 X117.260 Y132.590 F12000
G1 X138.740 Y132.590 E0.70884 F4000
G1 X138.740 Y133.010 F12000
G1 X117.260 Y133.010 E0.70884 F4000
G1 X117.260 Y133.430 F12000
G1 X138.740 Y133.430 E0.70884 F4000
G1 X138.740 Y133.850 F12000
G1 X117.260 Y133.850 E0.70884 F4000
G1 X117.260 Y134.270 F12000
G1 X138.740 Y134.270 E0.70884 F4000
G1 X138.740 Y134.690 F12000
G1 X117.260 Y134.690 E0.70884 F4000
G1 X117.260 Y135.110 F12000
G1 X138.740 Y135.110 E0.70884 F4000
G1 X138.740 Y135.530 F12000
G1 X117.260 Y135.530 E0.70884 F4000
G1 X117.260 Y135.950 F12000
G1 X138.740 Y135.950 E0.70884 F4000
G1 X138.740 Y136.370 F12000
G1 X117.260 Y136.370 E0.70884 F4000
G1 X117.260 Y136.790 F12000
G1 X138.740 Y136.790 E0.70884 F4000
G1 X138.740 Y137.210 F12000
G1 X117.260 Y137.210 E0.70884 F4000
G1 X117.260 Y137.630 F12000
G1 X138.740 Y137.630 E0.70884 F4000
G1 X138.740 Y138.050 F12000
G1 X117.260 Y138.050 E0.70884 F4000
G1 X117.260 Y138.470 F12000
G1 X138.740 Y138.470 E0.70884 F4000
; CHANGE_LAYER
; Z_HEIGHT: 12.6
; LAYER_HEIGHT: 0.2
; LINE_WIDTH: 0.42
G1 E-.8 F1800
G1 Z13.000 F600
G1 Z12.600
G1 E.8 F1800
G1 X116.210 Y116.210 F12000
; FEATURE: Outer wall
G1 X139.790 Y116.210 E0.77814 F3000
G1 X139.790 Y139.790 E0.77814 F3000
G1 X116.210 Y139.790 E0.77814 F3000
G1 X116.210 Y116.210 E0.77814 F3000
G1 X116.630 Y116.630 F12000
; FEATURE: Inner wall
G1 X139.370 Y116.630 E0.75042 F3000
G1 X139.370 Y139.370 E0.75042 F3000
G1 X116.630 Y139.370 E0.75042 F3000
G1 X116.630 Y116.630 E0.75042 F3000
G1 X117.050 Y117.050 F12000
; FEATURE: Inner wall
G1 X138.950 Y117.050 E0.72270 F3000
G1 X138.950 Y138.950 E0.72270 F3000
G1 X117.050 Y138.950 E0.72270 F3000
G1 X117.050 Y117.050 E0.72270 F3000
; FEATURE: Internal solid infill
G1 X117.260 Y117.470 F12000
G1 X138.740 Y117.470 E0.70884 F4000
G1 X138.740 Y117.890 F12000
G1 X117.260 Y117.890 E0.70884 F4000
G1 X117.260 Y118.310 F12000
G1 X138.740 Y118.310 E0.70884 F4000
G1 X138.740 Y118.730 F12000
G1 X117.260 Y118.730 E0.70884 F4000
G1 X117.260 Y119.150 F12000
G1 X138.740 Y119.150 E0.70884 F4000
G1 X138.740 Y119.570 F12000
G1 X117.260 Y119.570 E0.70884 F4000
G1 X117.260 Y119.990 F12000
G1 X138.740 Y119.990 E0.70884 F4000
G1 X138.740 Y120.410 F12000
G1 X117.260 Y120.410 E0.70884 F4000
G1 X117.260 Y120.830 F12000
G1 X138.740 Y120.830 E0.70884 F4000
G1 X138.740 Y121.250 F12000
G1 X117.260 Y121.250 E0.70884 F4000
G1 X117.260 Y121.670 F12000
G1 X138.740 Y121.670 E0.70884 F4000
G1 X138.740 Y122.090 F12000
G1 X117.260 Y122.090 E0.70884 F4000
G1 X117.260 Y122.510 F12000
G1 X138.740 Y122.510 E0.70884 F4000
G1 X138.740 Y122.930 F12000
G1 X117.260 Y122.930 E0.70884 F4000
G1 X117.260 Y123.350 F12000
G1 X138.740 Y123.350 E0.70884 F4000
G1 X138.740 Y123.770 F12000
G1 X117.260 Y123.770 E0.70884 F4000
G1 X117.260 Y124.190 F12000
G1 X138.740 Y124.190 E0.70884 F4000
G1 X138.740 Y124.610 F12000
G1 X117.260 Y124.610 E0.70884 F4000
G1 X117.260 Y125.030 F12000
G1 X138.740 Y125.030 E0.70884 F4000
G1 X138.740 Y125.450 F12000
G1 X117.260 Y125.450 E0.70884 F4000
G1 X117.260 Y125.870 F12000
G1 X138.740 Y125.870 E0.70884 F4000
G1 X138.740 Y126.290 F12000
G1 X117.260 Y126.290 E0.70884 F4000
G1 X117.260 Y126.710 F12000
G1 X138.740 Y126.710 E0.70884 F4000
G1 X138.740 Y127.130 F12000
G1 X117.260 Y127.130 E0.70884 F4000
G1 X117.260 Y127.550 F12000
G1 X138.740 Y127.550 E0.70884 F4000
G1 X138.740 Y127.970 F12000
G1 X117.260 Y127.970 E0.70884 F4000
G1 X117.260 Y128.390 F12000
G1 X138.740 Y128.390 E0.70884 F4000
G1 X138.740 Y128.810 F12000
G1 X117.260 Y128.810 E0.70884 F4000
G1 X117.260 Y129.230 F12000
G1 X138.740 Y129.230 E0.70884 F4000
G1 X138.740 Y129.650 F12000
G1 X117.260 Y129.650 E0.70884 F4000
G1 X117.260 Y130.070 F12000
G1 X138.740 Y130.070 E0.70884 F4000
G1 X138.740 Y130.490 F12000
G1 X117.260 Y130.490 E0.70884 F4000
G1 X117.260 Y130.910 F12000
G1 X138.740 Y130.910 E0.70884 F4000
G1 X138.740 Y131.330 F12000
G1 X117.260 Y131.330 E0.70884 F4000
G1 X117.260 Y131.750 F12000
G1 X138.740 Y131.750 E0.70884 F4000
G1 X138.740 Y132.170 F12000
G1 X117.260 Y132.170 E0.70884 F4000
G1 X117.260 Y132.590 F12000
G1 X138.740 Y132.590 E0.70884 F4000
G1 X138.740 Y133.010 F12000
G1 X117.260 Y133.010 E0.70884 F4000
G1 X117.260 Y133.430 F12000
G1 X138.740 Y133.430 E0.70884 F4000
G1 X138.740 Y133.850 F12000
G1 X117.260 Y133.850 E0.70884 F4000
G1 X117.260 Y134.270 F12000
G1 X138.740 Y134.270 E0.70884 F4000
G1 X138.740 Y134.690 F12000
G1 X117.260 Y134.690 E0.70884 F4000
G1 X117.260 Y135.110 F12000
G1 X138.740 Y135.110 E0.70884 F4000
G1 X138.740 Y135.530 F12000
G1 X117.260 Y135.530 E0.70884 F4000
G1 X117.260 Y135.950 F12000
G1 X138.740 Y135.950 E0.70884 F4000
G1 X138.740 Y136.370 F12000
G1 X117.260 Y136.370 E0.70884 F4000
G1 X117.260 Y136.790 F12000
G1 X138.740 Y136.790 E0.70884 F4000
G1 X138.740 Y137.210 F12000
G1 X117.260 Y137.210 E0.70884 F4000
G1 X117.260 Y137.630 F12000
G1 X138.740 Y137.630 E0.70884 F4000
G1 X138.740 Y138.050 F12000
G1 X117.260 Y138.050 E0.70884 F4000
G1 X117.260 Y138.470 F12000
G1 X138.740 Y138.470 E0.70884 F4000
; CHANGE_LAYER
; Z_HEIGHT: 12.8
; LAYER_HEIGHT: 0.2
; LINE_WIDTH: 0.42
G1 E-.8 F1800
G1 Z13.200 F600
G1 Z12.800
G1 E.8 F1800
G1 X116.210 Y116.210 F12000
; FEATURE: Outer wall
G1 X139.790 Y116.210 E0.77814 F3000
G1 X139.790 Y139.790 E0.77814 F3000
G1 X116.210 Y139.790 E0.77814 F3000
G1 X116.210 Y116.210 E0.77814 F3000
G1 X116.630 Y116.630 F12000
; FEATURE: Inner wall
G1 X139.370 Y116.630 E0.75042 F3000
G1 X139.370 Y139.370 E0.75042 F3000
G1 X116.630 Y139.370 E0.75042 F3000
G1 X116.630 Y116.630 E0.75042 F3000
G1 X117.050 Y117.050 F12000
; FEATURE: Inner wall
G1 X138.950 Y117.050 E0.72270 F3000
G1 X138.950 Y138.950 E0.72270 F3000
G1 X117.050 Y138.950 E0.72270 F3000
G1 X117.050 Y117.050 E0.72270 F3000
; FEATURE: Internal solid infill
G1 X117.260 Y117.470 F12000
G1 X138.740 Y117.470 E0.70884 F4000
G1 X138.740 Y117.890 F12000
G1 X117.260 Y117.890 E0.70884 F4000
G1 X117.260 Y118.310 F12000
G1 X138.740 Y118.310 E0.70884 F4000
G1 X138.740 Y118.730 F12000
G1 X117.260 Y118.730 E0.70884 F4000
G1 X117.260 Y119.150 F12000
G1 X138.740 Y119.150 E0.70884 F4000
G1 X138.740 Y119.570 F12000
G1 X117.260 Y119.570 E0.70884 F4000
G1 X117.260 Y119.990 F12000
G1 X138.740 Y119.990 E0.70884 F4000
G1 X138.740 Y120.410 F12000
G1 X117.260 Y120.410 E0.70884 F4000
G1 X117.260 Y120.830 F12000
G1 X138.740 Y120.830 E0.70884 F4000
G1 X138.740 Y121.250 F12000
G1 X117.260 Y121.250 E0.70884 F4000
G1 X117.260 Y121.670 F12000
G1 X138.740 Y121.670 E0.70884 F4000
G1 X138.740 Y122.090 F12000
G1 X117.260 Y122.090 E0.70884 F4000
G1 X117.260 Y122.510 F12000
G1 X138.740 Y122.510 E0.70884 F4000
G1 X138.740 Y122.930 F12000
G1 X117.260 Y122.930 E0.70884 F4000
G1 X117.260 Y123.350 F12000
G1 X138.740 Y123.350 E0.70884 F4000
G1 X138.740 Y123.770 F12000
G1 X117.260 Y123.770 E0.70884 F4000
G1 X117.260 Y124.190 F12000
G1 X138.740 Y124.190 E0.70884 F4000
G1 X138.740 Y124.610 F12000
G1 X117.260 Y124.610 E0.70884 F4000
G1 X117.260 Y125.030 F12000
G1 X138.740 Y125.030 E0.70884 F4000
G1 X138.740 Y125.450 F12000
G1 X117.260 Y125.450 E0.70884 F4000
G1 X117.260 Y125.870 F12000
G1 X138.740 Y125.870 E0.70884 F4000
G1 X138.740 Y126.290 F12000
G1 X117.260 Y126.290 E0.70884 F4000
G1 X117.260 Y126.710 F12000
G1 X138.740 Y126.710 E0.70884 F4000
G1 X138.740 Y127.130 F12000
G1 X117.260 Y127.130 E0.70884 F4000
G1 X117.260 Y127.550 F12000
G1 X138.740 Y127.550 E0.70884 F4000
G1 X138.740 Y127.970 F12000
G1 X117.260 Y127.970 E0.70884 F4000
G1 X117.260 Y128.390 F12000
G1 X138.740 Y128.390 E0.70884 F4000
G1 X138.740 Y128.810 F12000
G1 X117.260 Y128.810 E0.70884 F4000
G1 X117.260 Y129.230 F12000
G1 X138.740 Y129.230 E0.70884 F4000
G1 X138.740 Y129.650 F12000
G1 X117.260 Y129.650 E0.70884 F4000
G1 X117.260 Y130.070 F12000
G1 X138.740 Y130.070 E0.70884 F4000
G1 X138.740 Y130.490 F12000
G1 X117.260 Y130.490 E0.70884 F4000
G1 X117.260 Y130.910 F12000
G1 X138.740 Y130.910 E0.70884 F4000
G1 X138.740 Y131.330 F12000
G1 X117.260 Y131.330 E0.70884 F4000
G1 X117.260 Y131.750 F12000
G1 X138.740 Y131.750 E0.70884 F4000
G1 X138.740 Y132.170 F12000
G1 X117.260 Y132.170 E0.70884 F4000
G1 X117.260 Y132.590 F12000
G1 X138.740 Y132.590 E0.70884 F4000
G1 X138.740 Y133.010 F12000
G1 X117.260 Y133.010 E0.70884 F4000
G1 X117.260 Y133.430 F12000
G1 X138.740 Y133.430 E0.70884 F4000
G1 X138.740 Y133.850 F12000
G1 X117.260 Y133.850 E0.70884 F4000
G1 X117.260 Y134.270 F12000
G1 X138.740 Y134.270 E0.70884 F4000
G1 X138.740 Y134.690 F12000
G1 X117.260 Y134.690 E0.70884 F4000
G1 X117.260 Y135.110 F12000
G1 X138.740 Y135.110 E0.70884 F4000
G1 X138.740 Y135.530 F12000
G1 X117.260 Y135.530 E0.70884 F4000
G1 X117.260 Y135.950 F12000
G1 X138.740 Y135.950 E0.70884 F4000
G1 X138.740 Y136.370 F12000
G1 X117.260 Y136.370 E0.70884 F4000
G1 X117.260 Y136.790 F12000
G1 X138.740 Y136.790 E0.70884 F4000
G1 X138.740 Y137.210 F12000
G1 X117.260 Y137.210 E0.70884 F4000
G1 X117.260 Y137.630 F12000
G1 X138.740 Y137.630 E0.70884 F4000
G1 X138.740 Y138.050 F12000
G1 X117.260 Y138.050 E0.70884 F4000
G1 X117.260 Y138.470 F12000
G1 X138.740 Y138.470 E0.70884 F4000
; CHANGE_LAYER
; Z_HEIGHT: 13.0
; LAYER_HEIGHT: 0.2
; LINE_WIDTH: 0.42
G1 E-.8 F1800
G1 Z13.400 F600
G1 Z13.000
G1 E.8 F1800
G1 X116.210 Y116.210 F12000
; FEATURE: Outer wall
G1 X139.790 Y116.210 E0.77814 F3000
G1 X139.790 Y139.790 E0.77814 F3000
G1 X116.210 Y139.790 E0.77814 F3000
G1 X116.210 Y116.210 E0.77814 F3000
G1 X116.630 Y116.630 F12000
; FEATURE: Inner wall
G1 X139.370 Y116.630 E0.75042 F3000
G1 X139.370 Y139.370 E0.75042 F3000
G1 X116.630 Y139.370 E0.75042 F3000
G1 X116.630 Y116.630 E0.75042 F3000
G1 X117.050 Y117.050 F12000
; FEATURE: Inner wall
G1 X138.950 Y117.050 E0.72270 F3000
G1 X138.950 Y138.950 E0.72270 F3000
G1 X117.050 Y138.950 E0.72270 F3000
G1 X117.050 Y117.050 E0.72270 F3000
; FEATURE: Sparse infill
G1 X117.260 Y117.260 F12000
G1 X117.260 Y138.740 E0.70884 F6000
G1 X117.260 Y117.260 F12000
G1 X138.740 Y117.260 E0.70884 F6000
G1 X122.860 Y117.260 F12000
G1 X122.860 Y138.740 E0.70884 F6000
G1 X117.260 Y122.860 F12000
G1 X138.740 Y122.860 E0.70884 F6000
G1 X128.460 Y117.260 F12000
G1 X128.460 Y138.740 E0.70884 F6000
G1 X117.260 Y128.460 F12000
G1 X138.740 Y128.460 E0.70884 F6000
G1 X134.060 Y117.260 F12000
G1 X134.060 Y138.740 E0.70884 F6000
G1 X117.260 Y134.060 F12000
G1 X138.740 Y134.060 E0.70884 F6000
; CHANGE_LAYER
; Z_HEIGHT: 13.2
; LAYER_HEIGHT: 0.2
; LINE_WIDTH: 0.42
G1 E-.8 F1800
G1 Z13.600 F600
G1 Z13.200
G1 E.8 F1800
G1 X116.210 Y116.210 F12000
; FEATURE: Outer wall
G1 X139.790 Y116.210 E0.77814 F3000
G1 X139.790 Y139.790 E0.77814 F3000
G1 X116.210 Y139.790 E0.77814 F3000
G1 X116.210 Y116.210 E0.77814 F3000
G1 X116.630 Y116.630 F12000
; FEATURE: Inner wall
G1 X139.370 Y116.630 E0.75042 F3000
G1 X139.370 Y139.370 E0.75042 F3000
G1 X116.630 Y139.370 E0.75042 F3000
G1 X116.630 Y116.630 E0.75042 F3000
G1 X117.050 Y117.050 F12000
; FEATURE: Inner wall
G1 X138.950 Y117.050 E0.72270 F3000
G1 X138.950 Y138.950 E0.72270 F3000
G1 X117.050 Y138.950 E0.72270 F3000
G1 X117.050 Y117.050 E0.72270 F3000
; FEATURE: Sparse infill
G1 X117.260 Y117.260 F12000
G1 X117.260 Y138.740 E0.70884 F6000
G1 X117.260 Y117.260 F12000
G1 X138.740 Y117.260 E0.70884 F6000
G1 X122.860 Y117.260 F12000
G1 X122.860 Y138.740 E0.70884 F6000
G1 X117.260 Y122.860 F12000
G1 X138.740 Y122.860 E0.70884 F6000
G1 X128.460 Y117.260 F12000
G1 X128.460 Y138.740 E0.70884 F6000
G1 X117.260 Y128.460 F12000
G1 X138.740 Y128.460 E0.70884 F6000
G1 X134.060 Y117.260 F12000
G1 X134.060 Y138.740 E0.70884 F6000
G1 X117.260 Y134.060 F12000
G1 X138.740 Y134.060 E0.70884 F6000
; CHANGE_LAYER
; Z_HEIGHT: 13.4
; LAYER_HEIGHT: 0.2
; LINE_WIDTH: 0.42
G1 E-.8 F1800
G1 Z13.800 F600
G1 Z13.400
G1 E.8 F1800
G1 X116.210 Y116.210 F12000
; FEATURE: Outer wall
G1 X139.790 Y116.210 E0.77814 F3000
G1 X139.790 Y139.790 E0.77814 F3000
G1 X116.210 Y139.790 E0.77814 F3000
G1 X116.210 Y116.210 E0.77814 F3000
G1 X116.630 Y116.630 F12000
; FEATURE: Inner wall
G1 X139.370 Y116.630 E0.75042 F3000
G1 X139.370 Y139.370 E0.75042 F3000
G1 X116.630 Y139.370 E0.75042 F3000
G1 X116.630 Y116.630 E0.75042 F3000
G1 X117.050 Y117.050 F12000
; FEATURE: Inner wall
G1 X138.950 Y117.050 E0.72270 F3000
G1 X138.950 Y138.950 E0.72270 F3000
G1 X117.050 Y138.950 E0.72270 F3000
G1 X117.050 Y117.050 E0.72270 F3000
; FEATURE: Sparse infill
G1 X117.260 Y117.260 F12000
G1 X117.260 Y138.740 E0.70884 F6000
G1 X117.260 Y117.260 F12000
G1 X138.740 Y117.260 E0.70884 F6000
G1 X122.860 Y117.260 F12000
G1 X122.860 Y138.740 E0.70884 F6000
G1 X117.260 Y122.860 F12000
G1 X138.740 Y122.860 E0.70884 F6000
G1 X128.460 Y117.260 F12000
G1 X128.460 Y138.740 E0.70884 F6000
G1 X117.260 Y128.460 F12000
G1 X138.740 Y128.460 E0.70884 F6000
G1 X134.060 Y117.260 F12000
G1 X134.060 Y138.740 E0.70884 F6000
G1 X117.260 Y134.060 F12000
G1 X138.740 Y134.060 E0.70884 F6000
; CHANGE_LAYER
; Z_HEIGHT: 13.6
; LAYER_HEIGHT: 0.2
; LINE_WIDTH: 0.42
G1 E-.8 F1800
G1 Z14.000 F600
G1 Z13.600
G1 E.8 F1800
G1 X116.210 Y116.210 F12000
; FEATURE: Outer wall
G1 X139.790 Y116.210 E0.77814 F3000
G1 X139.790 Y139.790 E0.77814 F3000
G1 X116.210 Y139.790 E0.77814 F3000
G1 X116.210 Y116.210 E0.77814 F3000
G1 X116.630 Y116.630 F12000
; FEATURE: Inner wall
G1 X139.370 Y116.630 E0.75042 F3000
G1 X139.370 Y139.370 E0.75042 F3000
G1 X116.630 Y139.370 E0.75042 F3000
G1 X116.630 Y116.630 E0.75042 F3000
G1 X117.050 Y117.050 F12000
; FEATURE: Inner wall
G1 X138.950 Y117.050 E0.72270 F3000
G1 X138.950 Y138.950 E0.72270 F3000
G1 X117.050 Y138.950 E0.72270 F3000
G1 X117.050 Y117.050 E0.72270 F3000
; FEATURE: Sparse infill
G1 X117.260 Y117.260 F12000
G1 X117.260 Y138.740 E0.70884 F6000
G1 X117.260 Y117.260 F12000
G1 X138.740 Y117.260 E0.70884 F6000
G1 X122.860 Y117.260 F12000
G1 X122.860 Y138.740 E0.70884 F6000
G1 X117.260 Y122.860 F12000
G1 X138.740 Y122.860 E0.70884 F6000
G1 X128.460 Y117.260 F12000
G1 X128.460 Y138.740 E0.70884 F6000
G1 X117.260 Y128.460 F12000
G1 X138.740 Y128.460 E0.70884 F6000
G1 X134.060 Y117.260 F12000
G1 X134.060 Y138.740 E0.70884 F6000
G1 X117.260 Y134.060 F12000
G1 X138.740 Y134.060 E0.70884 F6000
; CHANGE_LAYER
; Z_HEIGHT: 13.8
; LAYER_HEIGHT: 0.2
; LINE_WIDTH: 0.42
G1 E-.8 F1800
G1 Z14.200 F600
G1 Z13.800
G1 E.8 F1800
G1 X116.210 Y116.210 F12000
; FEATURE: Outer wall
G1 X139.790 Y116.210 E0.77814 F3000
G1 X139.790 Y139.790 E0.77814 F3000
G1 X116.210 Y139.790 E0.77814 F3000
G1 X116.210 Y116.210 E0.77814 F3000
G1 X116.630 Y116.630 F12000
; FEATURE: Inner wall
G1 X139.370 Y116.630 E0.75042 F3000
G1 X139.370 Y139.370 E0.75042 F3000
G1 X116.630 Y139.370 E0.75042 F3000
G1 X116.630 Y116.630 E0.75042 F3000
G1 X117.050 Y117.050 F12000
; FEATURE: Inner wall
G1 X138.950 Y117.050 E0.72270 F3000
G1 X138.950 Y138.950 E0.72270 F3000
G1 X117.050 Y138.950 E0.72270 F3000
G1 X117.050 Y117.050 E0.72270 F3000
; FEATURE: Sparse infill
G1 X117.260 Y117.260 F12000
G1 X117.260 Y138.740 E0.70884 F6000
G1 X117.260 Y117.260 F12000
G1 X138.740 Y117.260 E0.70884 F6000
G1 X122.860 Y117.260 F12000
G1 X122.860 Y138.740 E0.70884 F6000
G1 X117.260 Y122.860 F12000
G1 X138.740 Y122.860 E0.70884 F6000
G1 X128.460 Y117.260 F12000
G1 X128.460 Y138.740 E0.70884 F6000
G1 X117.260 Y128.460 F12000
G1 X138.740 Y128.460 E0.70884 F6000
G1 X134.060 Y117.260 F12000
G1 X134.060 Y138.740 E0.70884 F6000
G1 X117.260 Y134.060 F12000
G1 X138.740 Y134.060 E0.70884 F6000
; CHANGE_LAYER
; Z_HEIGHT: 14.0
; LAYER_HEIGHT: 0.2
; LINE_WIDTH: 0.42
G1 E-.8 F1800
G1 Z14.400 F600
G1 Z14.000
G1 E.8 F1800
G1 X116.210 Y116.210 F12000
; FEATURE: Outer wall
G1 X139.790 Y116.210 E0.77814 F3000
G1 X139.790 Y139.790 E0.77814 F3000
G1 X116.210 Y139.790 E0.77814 F3000
G1 X116.210 Y116.210 E0.77814 F3000
G1 X116.630 Y116.630 F12000
; FEATURE: Inner wall
G1 X139.370 Y116.630 E0.75042 F3000
G1 X139.370 Y139.370 E0.75042 F3000
G1 X116.630 Y139.370 E0.75042 F3000
G1 X116.630 Y116.630 E0.75042 F3000
G1 X117.050 Y117.050 F12000
; FEATURE: Inner wall
G1 X138.950 Y117.050 E0.72270 F3000
G1 X138.950 Y138.950 E0.72270 F3000
G1 X117.050 Y138.950 E0.72270 F3000
G1 X117.050 Y117.050 E0.72270 F3000
; FEATURE: Sparse infill
G1 X117.260 Y117.260 F12000
G1 X117.260 Y138.740 E0.70884 F6000
G1 X117.260 Y117.260 F12000
G1 X138.740 Y117.260 E0.70884 F6000
G1 X122.860 Y117.260 F12000
G1 X122.860 Y138.740 E0.70884 F6000
G1 X117.260 Y122.860 F12000
G1 X138.740 Y122.860 E0.70884 F6000
G1 X128.460 Y117.260 F12000
G1 X128.460 Y138.740 E0.70884 F6000
G1 X117.260 Y128.460 F12000
G1 X138.740 Y128.460 E0.70884 F6000
G1 X134.060 Y117.260 F12000
G1 X134.060 Y138.740 E0.70884 F6000
G1 X117.260 Y134.060 F12000
G1 X138.740 Y134.060 E0.70884 F6000
; CHANGE_LAYER
; Z_HEIGHT: 14.2
; LAYER_HEIGHT: 0.2
; LINE_WIDTH: 0.42
G1 E-.8 F1800
G1 Z14.600 F600
G1 Z14.200
G1 E.8 F1800
G1 X116.210 Y116.210 F12000
; FEATURE: Outer wall
G1 X139.790 Y116.210 E0.77814 F3000
G1 X139.790 Y139.790 E0.77814 F3000
G1 X116.210 Y139.790 E0.77814 F3000
G1 X116.210 Y116.210 E0.77814 F3000
G1 X116.630 Y116.630 F12000
; FEATURE: Inner wall
G1 X139.370 Y116.630 E0.75042 F3000
G1 X139.370 Y139.370 E0.75042 F3000
G1 X116.630 Y139.370 E0.75042 F3000
G1 X116.630 Y116.630 E0.75042 F3000
G1 X117.050 Y117.050 F12000
; FEATURE: Inner wall
G1 X138.950 Y117.050 E0.72270 F3000
G1 X138.950 Y138.950 E0.72270 F3000
G1 X117.050 Y138.950 E0.72270 F3000
G1 X117.050 Y117.050 E0.72270 F3000
; FEATURE: Sparse infill
G1 X117.260 Y117.260 F12000
G1 X117.260 Y138.740 E0.70884 F6000
G1 X117.260 Y117.260 F12000
G1 X138.740 Y117.260 E0.70884 F6000
G1 X122.860 Y117.260 F12000
G1 X122.860 Y138.740 E0.70884 F6000
G1 X117.260 Y122.860 F12000
G1 X138.740 Y122.860 E0.70884 F6000
G1 X128.460 Y117.260 F12000
G1 X128.460 Y138.740 E0.70884 F6000
G1 X117.260 Y128.460 F12000
G1 X138.740 Y128.460 E0.70884 F6000
G1 X134.060 Y117.260 F12000
G1 X134.060 Y138.740 E0.70884 F6000
G1 X117.260 Y134.060 F12000
G1 X138.740 Y134.060 E0.70884 F6000
; CHANGE_LAYER
; Z_HEIGHT: 14.4
; LAYER_HEIGHT: 0.2
; LINE_WIDTH: 0.42
G1 E-.8 F1800
G1 Z14.800 F600
G1 Z14.400
G1 E.8 F1800
G1 X116.210 Y116.210 F12000
; FEATURE: Outer wall
G1 X139.790 Y116.210 E0.77814 F3000
G1 X139.790 Y139.790 E0.77814 F3000
G1 X116.210 Y139.790 E0.77814 F3000
G1 X116.210 Y116.210 E0.77814 F3000
G1 X116.630 Y116.630 F12000
; FEATURE: Inner wall
G1 X139.370 Y116.630 E0.75042 F3000
G1 X139.370 Y139.370 E0.75042 F3000
G1 X116.630 Y139.370 E0.75042 F3000
G1 X116.630 Y116.630 E0.75042 F3000
G1 X117.050 Y117.050 F12000
; FEATURE: Inner wall
G1 X138.950 Y117.050 E0.72270 F3000
G1 X138.950 Y138.950 E0.72270 F3000
G1 X117.050 Y138.950 E0.72270 F3000
G1 X117.050 Y117.050 E0.72270 F3000
; FEATURE: Sparse infill
G1 X117.260 Y117.260 F12000
G1 X117.260 Y138.740 E0.70884 F6000
G1 X117.260 Y117.260 F12000
G1 X138.740 Y117.260 E0.70884 F6000
G1 X122.860 Y117.260 F12000
G1 X122.860 Y138.740 E0.70884 F6000
G1 X117.260 Y122.860 F12000
G1 X138.740 Y122.860 E0.70884 F6000
G1 X128.460 Y117.260 F12000
G1 X128.460 Y138.740 E0.70884 F6000
G1 X117.260 Y128.460 F12000
G1 X138.740 Y128.460 E0.70884 F6000
G1 X134.060 Y117.260 F12000
G1 X134.060 Y138.740 E0.70884 F6000
G1 X117.260 Y134.060 F12000
G1 X138.740 Y134.060 E0.70884 F6000
; CHANGE_LAYER
; Z_HEIGHT: 14.6
; LAYER_HEIGHT: 0.2
; LINE_WIDTH: 0.42
G1 E-.8 F1800
G1 Z15.000 F600
G1 Z14.600
G1 E.8 F1800
G1 X116.210 Y116.210 F12000
; FEATURE: Outer wall
G1 X139.790 Y116.210 E0.77814 F3000
G1 X139.790 Y139.790 E0.77814 F3000
G1 X116.210 Y139.790 E0.77814 F3000
G1 X116.210 Y116.210 E0.77814 F3000
G1 X116.630 Y116.630 F12000
; FEATURE: Inner wall
G1 X139.370 Y116.630 E0.75042 F3000
G1 X139.370 Y139.370 E0.75042 F3000
G1 X116.630 Y139.370 E0.75042 F3000
G1 X116.630 Y116.630 E0.75042 F3000
G1 X117.050 Y117.050 F12000
; FEATURE: Inner wall
G1 X138.950 Y117.050 E0.72270 F3000
G1 X138.950 Y138.950 E0.72270 F3000
G1 X117.050 Y138.950 E0.72270 F3000
G1 X117.050 Y117.050 E0.72270 F3000
; FEATURE: Sparse infill
G1 X117.260 Y117.260 F12000
G1 X117.260 Y138.740 E0.70884 F6000
G1 X117.260 Y117.260 F12000
G1 X138.740 Y117.260 E0.70884 F6000
G1 X122.860 Y117.260 F12000
G1 X122.860 Y138.740 E0.70884 F6000
G1 X117.260 Y122.860 F12000
G1 X138.740 Y122.860 E0.70884 F6000
G1 X128.460 Y117.260 F12000
G1 X128.460 Y138.740 E0.70884 F6000
G1 X117.260 Y128.460 F12000
G1 X138.740 Y128.460 E0.70884 F6000
G1 X134.060 Y117.260 F12000
G1 X134.060 Y138.740 E0.70884 F6000
G1 X117.260 Y134.060 F12000
G1 X138.740 Y134.060 E0.70884 F6000
; CHANGE_LAYER
; Z_HEIGHT: 14.8
; LAYER_HEIGHT: 0.2
; LINE_WIDTH: 0.42
G1 E-.8 F1800
G1 Z15.200 F600
G1 Z14.800
G1 E.8 F1800
G1 X116.210 Y116.210 F12000
; FEATURE: Outer wall
G1 X139.790 Y116.210 E0.77814 F3000
G1 X139.790 Y139.790 E0.77814 F3000
G1 X116.210 Y139.790 E0.77814 F3000
G1 X116.210 Y116.210 E0.77814 F3000
G1 X116.630 Y116.630 F12000
; FEATURE: Inner wall
G1 X139.370 Y116.630 E0.75042 F3000
G1 X139.370 Y139.370 E0.75042 F3000
G1 X116.630 Y139.370 E0.75042 F3000
G1 X116.630 Y116.630 E0.75042 F3000
G1 X117.050 Y117.050 F12000
; FEATURE: Inner wall
G1 X138.950 Y117.050 E0.72270 F3000
G1 X138.950 Y138.950 E0.72270 F3000
G1 X117.050 Y138.950 E0.72270 F3000
G1 X117.050 Y117.050 E0.72270 F3000
; FEATURE: Sparse infill
G1 X117.260 Y117.260 F12000
G1 X117.260 Y138.740 E0.70884 F6000
G1 X117.260 Y117.260 F12000
G1 X138.740 Y117.260 E0.70884 F6000
G1 X122.860 Y117.260 F12000
G1 X122.860 Y138.740 E0.70884 F6000
G1 X117.260 Y122.860 F12000
G1 X138.740 Y122.860 E0.70884 F6000
G1 X128.460 Y117.260 F12000
G1 X128.460 Y138.740 E0.70884 F6000
G1 X117.260 Y128.460 F12000
G1 X138.740 Y128.460 E0.70884 F6000
G1 X134.060 Y117.260 F12000
G1 X134.060 Y138.740 E0.70884 F6000
G1 X117.260 Y134.060 F12000
G1 X138.740 Y134.060 E0.70884 F6000
; CHANGE_LAYER
; Z_HEIGHT: 15.0
; LAYER_HEIGHT: 0.2
; LINE_WIDTH: 0.42
G1 E-.8 F1800
G1 Z15.400 F600
G1 Z15.000
G1 E.8 F1800
G1 X116.210 Y116.210 F12000
; FEATURE: Outer wall
G1 X139.790 Y116.210 E0.77814 F3000
G1 X139.790 Y139.790 E0.77814 F3000
G1 X116.210 Y139.790 E0.77814 F3000
G1 X116.210 Y116.210 E0.77814 F3000
G1 X116.630 Y116.630 F12000
; FEATURE: Inner wall
G1 X139.370 Y116.630 E0.75042 F3000
G1 X139.370 Y139.370 E0.75042 F3000
G1 X116.630 Y139.370 E0.75042 F3000
G1 X116.630 Y116.630 E0.75042 F3000
G1 X117.050 Y117.050 F12000
; FEATURE: Inner wall
G1 X138.950 Y117.050 E0.72270 F3000
G1 X138.950 Y138.950 E0.72270 F3000
G1 X117.050 Y138.950 E0.72270 F3000
G1 X117.050 Y117.050 E0.72270 F3000
; FEATURE: Sparse infill
G1 X117.260 Y117.260 F12000
G1 X117.260 Y138.740 E0.70884 F6000
G1 X117.260 Y117.260 F12000
G1 X138.740 Y117.260 E0.70884 F6000
G1 X122.860 Y117.260 F12000
G1 X122.860 Y138.740 E0.70884 F6000
G1 X117.260 Y122.860 F12000
G1 X138.740 Y122.860 E0.70884 F6000
G1 X128.460 Y117.260 F12000
G1 X128.460 Y138.740 E0.70884 F6000
G1 X117.260 Y128.460 F12000
G1 X138.740 Y128.460 E0.70884 F6000
G1 X134.060 Y117.260 F12000
G1 X134.060 Y138.740 E0.70884 F6000
G1 X117.260 Y134.060 F12000
G1 X138.740 Y134.060 E0.70884 F6000
; CHANGE_LAYER
; Z_HEIGHT: 15.2
; LAYER_HEIGHT: 0.2
; LINE_WIDTH: 0.42
G1 E-.8 F1800
G1 Z15.600 F600
G1 Z15.200
G1 E.8 F1800
G1 X116.210 Y116.210 F12000
; FEATURE: Outer wall
G1 X139.790 Y116.210 E0.77814 F3000
G1 X139.790 Y139.790 E0.77814 F3000
G1 X116.210 Y139.790 E0.77814 F3000
G1 X116.210 Y116.210 E0.77814 F3000
G1 X116.630 Y116.630 F12000
; FEATURE: Inner wall
G1 X139.370 Y116.630 E0.75042 F3000
G1 X139.370 Y139.370 E0.75042 F3000
G1 X116.630 Y139.370 E0.75042 F3000
G1 X116.630 Y116.630 E0.75042 F3000
G1 X117.050 Y117.050 F12000
; FEATURE: Inner wall
G1 X138.950 Y117.050 E0.72270 F3000
G1 X138.950 Y138.950 E0.72270 F3000
G1 X117.050 Y138.950 E0.72270 F3000
G1 X117.050 Y117.050 E0.72270 F3000
; FEATURE: Sparse infill
G1 X117.260 Y117.260 F12000
G1 X117.260 Y138.740 E0.70884 F6000
G1 X117.260 Y117.260 F12000
G1 X138.740 Y117.260 E0.70884 F6000
G1 X122.860 Y117.260 F12000
G1 X122.860 Y138.740 E0.70884 F6000
G1 X117.260 Y122.860 F12000
G1 X138.740 Y122.860 E0.70884 F6000
G1 X128.460 Y117.260 F12000
G1 X128.460 Y138.740 E0.70884 F6000
G1 X117.260 Y128.460 F12000
G1 X138.740 Y128.460 E0.70884 F6000
G1 X134.060 Y117.260 F12000
G1 X134.060 Y138.740 E0.70884 F6000
G1 X117.260 Y134.060 F12000
G1 X138.740 Y134.060 E0.70884 F6000
; CHANGE_LAYER
; Z_HEIGHT: 15.4
; LAYER_HEIGHT: 0.2
; LINE_WIDTH: 0.42
G1 E-.8 F1800
G1 Z15.800 F600
G1 Z15.400
G1 E.8 F1800
G1 X116.210 Y116.210 F12000
; FEATURE: Outer wall
G1 X139.790 Y116.210 E0.77814 F3000
G1 X139.790 Y139.790 E0.77814 F3000
G1 X116.210 Y139.790 E0.77814 F3000
G1 X116.210 Y116.210 E0.77814 F3000
G1 X116.630 Y116.630 F12000
; FEATURE: Inner wall
G1 X139.370 Y116.630 E0.75042 F3000
G1 X139.370 Y139.370 E0.75042 F3000
G1 X116.630 Y139.370 E0.75042 F3000
G1 X116.630 Y116.630 E0.75042 F3000
G1 X117.050 Y117.050 F12000
; FEATURE: Inner wall
G1 X138.950 Y117.050 E0.72270 F3000
G1 X138.950 Y138.950 E0.72270 F3000
G1 X117.050 Y138.950 E0.72270 F3000
G1 X117.050 Y117.050 E0.72270 F3000
; FEATURE: Sparse infill
G1 X117.260 Y117.260 F12000
G1 X117.260 Y138.740 E0.70884 F6000
G1 X117.260 Y117.260 F12000
G1 X138.740 Y117.260 E0.70884 F6000
G1 X122.860 Y117.260 F12000
G1 X122.860 Y138.740 E0.70884 F6000
G1 X117.260 Y122.860 F12000
G1 X138.740 Y122.860 E0.70884 F6000
G1 X128.460 Y117.260 F12000
G1 X128.460 Y138.740 E0.70884 F6000
G1 X117.260 Y128.460 F12000
G1 X138.740 Y128.460 E0.70884 F6000
G1 X134.060 Y117.260 F12000
G1 X134.060 Y138.740 E0.70884 F6000
G1 X117.260 Y134.060 F12000
G1 X138.740 Y134.060 E0.70884 F6000
; CHANGE_LAYER
; Z_HEIGHT: 15.6
; LAYER_HEIGHT: 0.2
; LINE_WIDTH: 0.42
G1 E-.8 F1800
G1 Z16.000 F600
G1 Z15.600
G1 E.8 F1800
G1 X116.210 Y116.210 F12000
; FEATURE: Outer wall
G1 X139.790 Y116.210 E0.77814 F3000
G1 X139.790 Y139.790 E0.77814 F3000
G1 X116.210 Y139.790 E0.77814 F3000
G1 X116.210 Y116.210 E0.77814 F3000
G1 X116.630 Y116.630 F12000
; FEATURE: Inner wall
G1 X139.370 Y116.630 E0.75042 F3000
G1 X139.370 Y139.370 E0.75042 F3000
G1 X116.630 Y139.370 E0.75042 F3000
G1 X116.630 Y116.630 E0.75042 F3000
G1 X117.050 Y117.050 F12000
; FEATURE: Inner wall
G1 X138.950 Y117.050 E0.72270 F3000
G1 X138.950 Y138.950 E0.72270 F3000
G1 X117.050 Y138.950 E0.72270 F3000
G1 X117.050 Y117.050 E0.72270 F3000
; FEATURE: Sparse infill
G1 X117.260 Y117.260 F12000
G1 X117.260 Y138.740 E0.70884 F6000
G1 X117.260 Y117.260 F12000
G1 X138.740 Y117.260 E0.70884 F6000
G1 X122.860 Y117.260 F12000
G1 X122.860 Y138.740 E0.70884 F6000
G1 X117.260 Y122.860 F12000
G1 X138.740 Y122.860 E0.70884 F6000
G1 X128.460 Y117.260 F12000
G1 X128.460 Y138.740 E0.70884 F6000
G1 X117.260 Y128.460 F12000
G1 X138.740 Y128.460 E0.70884 F6000
G1 X134.060 Y117.260 F12000
G1 X134.060 Y138.740 E0.70884 F6000
G1 X117.260 Y134.060 F12000
G1 X138.740 Y134.060 E0.70884 F6000
; CHANGE_LAYER
; Z_HEIGHT: 15.8
; LAYER_HEIGHT: 0.2
; LINE_WIDTH: 0.42
G1 E-.8 F1800
G1 Z16.200 F600
G1 Z15.800
G1 E.8 F1800
G1 X116.210 Y116.210 F12000
; FEATURE: Outer wall
G1 X139.790 Y116.210 E0.77814 F3000
G1 X139.790 Y139.790 E0.77814 F3000
G1 X116.210 Y139.790 E0.77814 F3000
G1 X116.210 Y116.210 E0.77814 F3000
G1 X116.630 Y116.630 F12000
; FEATURE: Inner wall
G1 X139.370 Y116.630 E0.75042 F3000
G1 X139.370 Y139.370 E0.75042 F3000
G1 X116.630 Y139.370 E0.75042 F3000
G1 X116.630 Y116.630 E0.75042 F3000
G1 X117.050 Y117.050 F12000
; FEATURE: Inner wall
G1 X138.950 Y117.050 E0.72270 F3000
G1 X138.950 Y138.950 E0.72270 F3000
G1 X117.050 Y138.950 E0.72270 F3000
G1 X117.050 Y117.050 E0.72270 F3000
; FEATURE: Sparse infill
G1 X117.260 Y117.260 F12000
G1 X117.260 Y138.740 E0.70884 F6000
G1 X117.260 Y117.260 F12000
G1 X138.740 Y117.260 E0.70884 F6000
G1 X122.860 Y117.260 F12000
G1 X122.860 Y138.740 E0.70884 F6000
G1 X117.260 Y122.860 F12000
G1 X138.740 Y122.860 E0.70884 F6000
G1 X128.460 Y117.260 F12000
G1 X128.460 Y138.740 E0.70884 F6000
G1 X117.260 Y128.460 F12000
G1 X138.740 Y128.460 E0.70884 F6000
G1 X134.060 Y117.260 F12000
G1 X134.060 Y138.740 E0.70884 F6000
G1 X117.260 Y134.060 F12000
G1 X138.740 Y134.060 E0.70884 F6000
; CHANGE_LAYER
; Z_HEIGHT: 16.0
; LAYER_HEIGHT: 0.2
; LINE_WIDTH: 0.42
G1 E-.8 F1800
G1 Z16.400 F600
G1 Z16.000
G1 E.8 F1800
G1 X116.210 Y116.210 F12000
; FEATURE: Outer wall
G1 X139.790 Y116.210 E0.77814 F3000
G1 X139.790 Y139.790 E0.77814 F3000
G1 X116.210 Y139.790 E0.77814 F3000
G1 X116.210 Y116.210 E0.77814 F3000
G1 X116.630 Y116.630 F12000
; FEATURE: Inner wall
G1 X139.370 Y116.630 E0.75042 F3000
G1 X139.370 Y139.370 E0.75042 F3000
G1 X116.630 Y139.370 E0.75042 F3000
G1 X116.630 Y116.630 E0.75042 F3000
G1 X117.050 Y117.050 F12000
; FEATURE: Inner wall
G1 X138.950 Y117.050 E0.72270 F3000
G1 X138.950 Y138.950 E0.72270 F3000
G1 X117.050 Y138.950 E0.72270 F3000
G1 X117.050 Y117.050 E0.72270 F3000
; FEATURE: Internal solid infill
G1 X117.260 Y117.470 F12000
G1 X138.740 Y117.470 E0.70884 F4000
G1 X138.740 Y117.890 F12000
G1 X117.260 Y117.890 E0.70884 F4000
G1 X117.260 Y118.310 F12000
G1 X138.740 Y118.310 E0.70884 F4000
G1 X138.740 Y118.730 F12000
G1 X117.260 Y118.730 E0.70884 F4000
G1 X117.260 Y119.150 F12000
G1 X138.740 Y119.150 E0.70884 F4000
G1 X138.740 Y119.570 F12000
G1 X117.260 Y119.570 E0.70884 F4000
G1 X117.260 Y119.990 F12000
G1 X138.740 Y119.990 E0.70884 F4000
G1 X138.740 Y120.410 F12000
G1 X117.260 Y120.410 E0.70884 F4000
G1 X117.260 Y120.830 F12000
G1 X138.740 Y120.830 E0.70884 F4000
G1 X138.740 Y121.250 F12000
G1 X117.260 Y121.250 E0.70884 F4000
G1 X117.260 Y121.670 F12000
G1 X138.740 Y121.670 E0.70884 F4000
G1 X138.740 Y122.090 F12000
G1 X117.260 Y122.090 E0.70884 F4000
G1 X117.260 Y122.510 F12000
G1 X138.740 Y122.510 E0.70884 F4000
G1 X138.740 Y122.930 F12000
G1 X117.260 Y122.930 E0.70884 F4000
G1 X117.260 Y123.350 F12000
G1 X138.740 Y123.350 E0.70884 F4000
G1 X138.740 Y123.770 F12000
G1 X117.260 Y123.770 E0.70884 F4000
G1 X117.260 Y124.190 F12000
G1 X138.740 Y124.190 E0.70884 F4000
G1 X138.740 Y124.610 F12000
G1 X117.260 Y124.610 E0.70884 F4000
G1 X117.260 Y125.030 F12000
G1 X138.740 Y125.030 E0.70884 F4000
G1 X138.740 Y125.450 F12000
G1 X117.260 Y125.450 E0.70884 F4000
G1 X117.260 Y125.870 F12000
G1 X138.740 Y125.870 E0.70884 F4000
G1 X138.740 Y126.290 F12000
G1 X117.260 Y126.290 E0.70884 F4000
G1 X117.260 Y126.710 F12000
G1 X138.740 Y126.710 E0.70884 F4000
G1 X138.740 Y127.130 F12000
G1 X117.260 Y127.130 E0.70884 F4000
G1 X117.260 Y127.550 F12000
G1 X138.740 Y127.550 E0.70884 F4000
G1 X138.740 Y127.970 F12000
G1 X117.260 Y127.970 E0.70884 F4000
G1 X117.260 Y128.390 F12000
G1 X138.740 Y128.390 E0.70884 F4000
G1 X138.740 Y128.810 F12000
G1 X117.260 Y128.810 E0.70884 F4000
G1 X117.260 Y129.230 F12000
G1 X138.740 Y129.230 E0.70884 F4000
G1 X138.740 Y129.650 F12000
G1 X117.260 Y129.650 E0.70884 F4000
G1 X117.260 Y130.070 F12000
G1 X138.740 Y130.070 E0.70884 F4000
G1 X138.740 Y130.490 F12000
G1 X117.260 Y130.490 E0.70884 F4000
G1 X117.260 Y130.910 F12000
G1 X138.740 Y130.910 E0.70884 F4000
G1 X138.740 Y131.330 F12000
G1 X117.260 Y131.330 E0.70884 F4000
G1 X117.260 Y131.750 F12000
G1 X138.740 Y131.750 E0.70884 F4000
G1 X138.740 Y132.170 F12000
G1 X117.260 Y132.170 E0.70884 F4000
G1 X117.260 Y132.590 F12000
G1 X138.740 Y132.590 E0.70884 F4000
G1 X138.740 Y133.010 F12000
G1 X117.260 Y133.010 E0.70884 F4000
G1 X117.260 Y133.430 F12000
G1 X138.740 Y133.430 E0.70884 F4000
G1 X138.740 Y133.850 F12000
G1 X117.260 Y133.850 E0.70884 F4000
G1 X117.260 Y134.270 F12000
G1 X138.740 Y134.270 E0.70884 F4000
G1 X138.740 Y134.690 F12000
G1 X117.260 Y134.690 E0.70884 F4000
G1 X117.260 Y135.110 F12000
G1 X138.740 Y135.110 E0.70884 F4000
G1 X138.740 Y135.530 F12000
G1 X117.260 Y135.530 E0.70884 F4000
G1 X117.260 Y135.950 F12000
G1 X138.740 Y135.950 E0.70884 F4000
G1 X138.740 Y136.370 F12000
G1 X117.260 Y136.370 E0.70884 F4000
G1 X117.260 Y136.790 F12000
G1 X138.740 Y136.790 E0.70884 F4000
G1 X138.740 Y137.210 F12000
G1 X117.260 Y137.210 E0.70884 F4000
G1 X117.260 Y137.630 F12000
G1 X138.740 Y137.630 E0.70884 F4000
G1 X138.740 Y138.050 F12000
G1 X117.260 Y138.050 E0.70884 F4000
G1 X117.260 Y138.470 F12000
G1 X138.740 Y138.470 E0.70884 F4000
; CHANGE_LAYER
; Z_HEIGHT: 16.2
; LAYER_HEIGHT: 0.2
; LINE_WIDTH: 0.42
G1 E-.8 F1800
G1 Z16.600 F600
G1 Z16.200
G1 E.8 F1800
G1 X116.210 Y116.210 F12000
; FEATURE: Outer wall
G1 X139.790 Y116.210 E0.77814 F3000
G1 X139.790 Y139.790 E0.77814 F3000
G1 X116.210 Y139.790 E0.77814 F3000
G1 X116.210 Y116.210 E0.77814 F3000
G1 X116.630 Y116.630 F12000
; FEATURE: Inner wall
G1 X139.370 Y116.630 E0.75042 F3000
G1 X139.370 Y139.370 E0.75042 F3000
G1 X116.630 Y139.370 E0.75042 F3000
G1 X116.630 Y116.630 E0.75042 F3000
G1 X117.050 Y117.050 F12000
; FEATURE: Inner wall
G1 X138.950 Y117.050 E0.72270 F3000
G1 X138.950 Y138.950 E0.72270 F3000
G1 X117.050 Y138.950 E0.72270 F3000
G1 X117.050 Y117.050 E0.72270 F3000
; FEATURE: Internal solid infill
G1 X117.260 Y117.470 F12000
G1 X138.740 Y117.470 E0.70884 F4000
G1 X138.740 Y117.890 F12000
G1 X117.260 Y117.890 E0.70884 F4000
G1 X117.260 Y118.310 F12000
G1 X138.740 Y118.310 E0.70884 F4000
G1 X138.740 Y118.730 F12000
G1 X117.260 Y118.730 E0.70884 F4000
G1 X117.260 Y119.150 F12000
G1 X138.740 Y119.150 E0.70884 F4000
G1 X138.740 Y119.570 F12000
G1 X117.260 Y119.570 E0.70884 F4000
G1 X117.260 Y119.990 F12000
G1 X138.740 Y119.990 E0.70884 F4000
G1 X138.740 Y120.410 F12000
G1 X117.260 Y120.410 E0.70884 F4000
G1 X117.260 Y120.830 F12000
G1 X138.740 Y120.830 E0.70884 F4000
G1 X138.740 Y121.250 F12000
G1 X117.260 Y121.250 E0.70884 F4000
G1 X117.260 Y121.670 F12000
G1 X138.740 Y121.670 E0.70884 F4000
G1 X138.740 Y122.090 F12000
G1 X117.260 Y122.090 E0.70884 F4000
G1 X117.260 Y122.510 F12000
G1 X138.740 Y122.510 E0.70884 F4000
G1 X138.740 Y122.930 F12000
G1 X117.260 Y122.930 E0.70884 F4000
G1 X117.260 Y123.350 F12000
G1 X138.740 Y123.350 E0.70884 F4000
G1 X138.740 Y123.770 F12000
G1 X117.260 Y123.770 E0.70884 F4000
G1 X117.260 Y124.190 F12000
G1 X138.740 Y124.190 E0.70884 F4000
G1 X138.740 Y124.610 F12000
G1 X117.260 Y124.610 E0.70884 F4000
G1 X117.260 Y125.030 F12000
G1 X138.740 Y125.030 E0.70884 F4000
G1 X138.740 Y125.450 F12000
G1 X117.260 Y125.450 E0.70884 F4000
G1 X117.260 Y125.870 F12000
G1 X138.740 Y125.870 E0.70884 F4000
G1 X138.740 Y126.290 F12000
G1 X117.260 Y126.290 E0.70884 F4000
G1 X117.260 Y126.710 F12000
G1 X138.740 Y126.710 E0.70884 F4000
G1 X138.740 Y127.130 F12000
G1 X117.260 Y127.130 E0.70884 F4000
G1 X117.260 Y127.550 F12000
G1 X138.740 Y127.550 E0.70884 F4000
G1 X138.740 Y127.970 F12000
G1 X117.260 Y127.970 E0.70884 F4000
G1 X117.260 Y128.390 F12000
G1 X138.740 Y128.390 E0.70884 F4000
G1 X138.740 Y128.810 F12000
G1 X117.260 Y128.810 E0.70884 F4000
G1 X117.260 Y129.230 F12000
G1 X138.740 Y129.230 E0.70884 F4000
G1 X138.740 Y129.650 F12000
G1 X117.260 Y129.650 E0.70884 F4000
G1 X117.260 Y130.070 F12000
G1 X138.740 Y130.070 E0.70884 F4000
G1 X138.740 Y130.490 F12000
G1 X117.260 Y130.490 E0.70884 F4000
G1 X117.260 Y130.910 F12000
G1 X138.740 Y130.910 E0.70884 F4000
G1 X138.740 Y131.330 F12000
G1 X117.260 Y131.330 E0.70884 F4000
G1 X117.260 Y131.750 F12000
G1 X138.740 Y131.750 E0.70884 F4000
G1 X138.740 Y132.170 F12000
G1 X117.260 Y132.170 E0.70884 F4000
G1 X117.260 Y132.590 F12000
G1 X138.740 Y132.590 E0.70884 F4000
G1 X138.740 Y133.010 F12000
G1 X117.260 Y133.010 E0.70884 F4000
G1 X117.260 Y133.430 F12000
G1 X138.740 Y133.430 E0.70884 F4000
G1 X138.740 Y133.850 F12000
G1 X117.260 Y133.850 E0.70884 F4000
G1 X117.260 Y134.270 F12000
G1 X138.740 Y134.270 E0.70884 F4000
G1 X138.740 Y134.690 F12000
G1 X117.260 Y134.690 E0.70884 F4000
G1 X117.260 Y135.110 F12000
G1 X138.740 Y135.110 E0.70884 F4000
G1 X138.740 Y135.530 F12000
G1 X117.260 Y135.530 E0.70884 F4000
G1 X117.260 Y135.950 F12000
G1 X138.740 Y135.950 E0.70884 F4000
G1 X138.740 Y136.370 F12000
G1 X117.260 Y136.370 E0.70884 F4000
G1 X117.260 Y136.790 F12000
G1 X138.740 Y136.790 E0.70884 F4000
G1 X138.740 Y137.210 F12000
G1 X117.260 Y137.210 E0.70884 F4000
G1 X117.260 Y137.630 F12000
G1 X138.740 Y137.630 E0.70884 F4000
G1 X138.740 Y138.050 F12000
G1 X117.260 Y138.050 E0.70884 F4000
G1 X117.260 Y138.470 F12000
G1 X138.740 Y138.470 E0.70884 F4000
; CHANGE_LAYER
; Z_HEIGHT: 16.4
; LAYER_HEIGHT: 0.2
; LINE_WIDTH: 0.42
G1 E-.8 F1800
G1 Z16.800 F600
G1 Z16.400
G1 E.8 F1800
G1 X116.210 Y116.210 F12000
; FEATURE: Outer wall
G1 X139.790 Y116.210 E0.77814 F3000
G1 X139.790 Y139.790 E0.77814 F3000
G1 X116.210 Y139.790 E0.77814 F3000
G1 X116.210 Y116.210 E0.77814 F3000
G1 X116.630 Y116.630 F12000
; FEATURE: Inner wall
G1 X139.370 Y116.630 E0.75042 F3000
G1 X139.370 Y139.370 E0.75042 F3000
G1 X116.630 Y139.370 E0.75042 F3000
G1 X116.630 Y116.630 E0.75042 F3000
G1 X117.050 Y117.050 F12000
; FEATURE: Inner wall
G1 X138.950 Y117.050 E0.72270 F3000
G1 X138.950 Y138.950 E0.72270 F3000
G1 X117.050 Y138.950 E0.72270 F3000
G1 X117.050 Y117.050 E0.72270 F3000
; FEATURE: Internal solid infill
G1 X117.260 Y117.470 F12000
G1 X138.740 Y117.470 E0.70884 F4000
G1 X138.740 Y117.890 F12000
G1 X117.260 Y117.890 E0.70884 F4000
G1 X117.260 Y118.310 F12000
G1 X138.740 Y118.310 E0.70884 F4000
G1 X138.740 Y118.730 F12000
G1 X117.260 Y118.730 E0.70884 F4000
G1 X117.260 Y119.150 F12000
G1 X138.740 Y119.150 E0.70884 F4000
G1 X138.740 Y119.570 F12000
G1 X117.260 Y119.570 E0.70884 F4000
G1 X117.260 Y119.990 F12000
G1 X138.740 Y119.990 E0.70884 F4000
G1 X138.740 Y120.410 F12000
G1 X117.260 Y120.410 E0.70884 F4000
G1 X117.260 Y120.830 F12000
G1 X138.740 Y120.830 E0.70884 F4000
G1 X138.740 Y121.250 F12000
G1 X117.260 Y121.250 E0.70884 F4000
G1 X117.260 Y121.670 F12000
G1 X138.740 Y121.670 E0.70884 F4000
G1 X138.740 Y122.090 F12000
G1 X117.260 Y122.090 E0.70884 F4000
G1 X117.260 Y122.510 F12000
G1 X138.740 Y122.510 E0.70884 F4000
G1 X138.740 Y122.930 F12000
G1 X117.260 Y122.930 E0.70884 F4000
G1 X117.260 Y123.350 F12000
G1 X138.740 Y123.350 E0.70884 F4000
G1 X138.740 Y123.770 F12000
G1 X117.260 Y123.770 E0.70884 F4000
G1 X117.260 Y124.190 F12000
G1 X138.740 Y124.190 E0.70884 F4000
G1 X138.740 Y124.610 F12000
G1 X117.260 Y124.610 E0.70884 F4000
G1 X117.260 Y125.030 F12000
G1 X138.740 Y125.030 E0.70884 F4000
G1 X138.740 Y125.450 F12000
G1 X117.260 Y125.450 E0.70884 F4000
G1 X117.260 Y125.870 F12000
G1 X138.740 Y125.870 E0.70884 F4000
G1 X138.740 Y126.290 F12000
G1 X117.260 Y126.290 E0.70884 F4000
G1 X117.260 Y126.710 F12000
G1 X138.740 Y126.710 E0.70884 F4000
G1 X138.740 Y127.130 F12000
G1 X117.260 Y127.130 E0.70884 F4000
G1 X117.260 Y127.550 F12000
G1 X138.740 Y127.550 E0.70884 F4000
G1 X138.740 Y127.970 F12000
G1 X117.260 Y127.970 E0.70884 F4000
G1 X117.260 Y128.390 F12000
G1 X138.740 Y128.390 E0.70884 F4000
G1 X138.740 Y128.810 F12000
G1 X117.260 Y128.810 E0.70884 F4000
G1 X117.260 Y129.230 F12000
G1 X138.740 Y129.230 E0.70884 F4000
G1 X138.740 Y129.650 F12000
G1 X117.260 Y129.650 E0.70884 F4000
G1 X117.260 Y130.070 F12000
G1 X138.740 Y130.070 E0.70884 F4000
G1 X138.740 Y130.490 F12000
G1 X117.260 Y130.490 E0.70884 F4000
G1 X117.260 Y130.910 F12000
G1 X138.740 Y130.910 E0.70884 F4000
G1 X138.740 Y131.330 F12000
G1 X117.260 Y131.330 E0.70884 F4000
G1 X117.260 Y131.750 F12000
G1 X138.740 Y131.750 E0.70884 F4000
G1 X138.740 Y132.170 F12000
G1 X117.260 Y132.170 E0.70884 F4000
G1 X117.260 Y132.590 F12000
G1 X138.740 Y132.590 E0.70884 F4000
G1 X138.740 Y133.010 F12000
G1 X117.260 Y133.010 E0.70884 F4000
G1 X117.260 Y133.430 F12000
G1 X138.740 Y133.430 E0.70884 F4000
G1 X138.740 Y133.850 F12000
G1 X117.260 Y133.850 E0.70884 F4000
G1 X117.260 Y134.270 F12000
G1 X138.740 Y134.270 E0.70884 F4000
G1 X138.740 Y134.690 F12000
G1 X117.260 Y134.690 E0.70884 F4000
G1 X117.260 Y135.110 F12000
G1 X138.740 Y135.110 E0.70884 F4000
G1 X138.740 Y135.530 F12000
G1 X117.260 Y135.530 E0.70884 F4000
G1 X117.260 Y135.950 F12000
G1 X138.740 Y135.950 E0.70884 F4000
G1 X138.740 Y136.370 F12000
G1 X117.260 Y136.370 E0.70884 F4000
G1 X117.260 Y136.790 F12000
G1 X138.740 Y136.790 E0.70884 F4000
G1 X138.740 Y137.210 F12000
G1 X117.260 Y137.210 E0.70884 F4000
G1 X117.260 Y137.630 F12000
G1 X138.740 Y137.630 E0.70884 F4000
G1 X138.740 Y138.050 F12000
G1 X117.260 Y138.050 E0.70884 F4000
G1 X117.260 Y138.470 F12000
G1 X138.740 Y138.470 E0.70884 F4000
; CHANGE_LAYER
; Z_HEIGHT: 16.6
; LAYER_HEIGHT: 0.2
; LINE_WIDTH: 0.42
G1 E-.8 F1800
G1 Z17.000 F600
G1 Z16.600
G1 E.8 F1800
G1 X116.210 Y116.210 F12000
; FEATURE: Outer wall
G1 X139.790 Y116.210 E0.77814 F3000
G1 X139.790 Y139.790 E0.77814 F3000
G1 X116.210 Y139.790 E0.77814 F3000
G1 X116.210 Y116.210 E0.77814 F3000
G1 X116.630 Y116.630 F12000
; FEATURE: Inner wall
G1 X139.370 Y116.630 E0.75042 F3000
G1 X139.370 Y139.370 E0.75042 F3000
G1 X116.630 Y139.370 E0.75042 F3000
G1 X116.630 Y116.630 E0.75042 F3000
G1 X117.050 Y117.050 F12000
; FEATURE: Inner wall
G1 X138.950 Y117.050 E0.72270 F3000
G1 X138.950 Y138.950 E0.72270 F3000
G1 X117.050 Y138.950 E0.72270 F3000
G1 X117.050 Y117.050 E0.72270 F3000
; FEATURE: Internal solid infill
G1 X117.260 Y117.470 F12000
G1 X138.740 Y117.470 E0.70884 F4000
G1 X138.740 Y117.890 F12000
G1 X117.260 Y117.890 E0.70884 F4000
G1 X117.260 Y118.310 F12000
G1 X138.740 Y118.310 E0.70884 F4000
G1 X138.740 Y118.730 F12000
G1 X117.260 Y118.730 E0.70884 F4000
G1 X117.260 Y119.150 F12000
G1 X138.740 Y119.150 E0.70884 F4000
G1 X138.740 Y119.570 F12000
G1 X117.260 Y119.570 E0.70884 F4000
G1 X117.260 Y119.990 F12000
G1 X138.740 Y119.990 E0.70884 F4000
G1 X138.740 Y120.410 F12000
G1 X117.260 Y120.410 E0.70884 F4000
G1 X117.260 Y120.830 F12000
G1 X138.740 Y120.830 E0.70884 F4000
G1 X138.740 Y121.250 F12000
G1 X117.260 Y121.250 E0.70884 F4000
G1 X117.260 Y121.670 F12000
G1 X138.740 Y121.670 E0.70884 F4000
G1 X138.740 Y122.090 F12000
G1 X117.260 Y122.090 E0.70884 F4000
G1 X117.260 Y122.510 F12000
G1 X138.740 Y122.510 E0.70884 F4000
G1 X138.740 Y122.930 F12000
G1 X117.260 Y122.930 E0.70884 F4000
G1 X117.260 Y123.350 F12000
G1 X138.740 Y123.350 E0.70884 F4000
G1 X138.740 Y123.770 F12000
G1 X117.260 Y123.770 E0.70884 F4000
G1 X117.260 Y124.190 F12000
G1 X138.740 Y124.190 E0.70884 F4000
G1 X138.740 Y124.610 F12000
G1 X117.260 Y124.610 E0.70884 F4000
G1 X117.260 Y125.030 F12000
G1 X138.740 Y125.030 E0.70884 F4000
G1 X138.740 Y125.450 F12000
G1 X117.260 Y125.450 E0.70884 F4000
G1 X117.260 Y125.870 F12000
G1 X138.740 Y125.870 E0.70884 F4000
G1 X138.740 Y126.290 F12000
G1 X117.260 Y126.290 E0.70884 F4000
G1 X117.260 Y126.710 F12000
G1 X138.740 Y126.710 E0.70884 F4000
G1 X138.740 Y127.130 F12000
G1 X117.260 Y127.130 E0.70884 F4000
G1 X117.260 Y127.550 F12000
G1 X138.740 Y127.550 E0.70884 F4000
G1 X138.740 Y127.970 F12000
G1 X117.260 Y127.970 E0.70884 F4000
G1 X117.260 Y128.390 F12000
G1 X138.740 Y128.390 E0.70884 F4000
G1 X138.740 Y128.810 F12000
G1 X117.260 Y128.810 E0.70884 F4000
G1 X117.260 Y129.230 F12000
G1 X138.740 Y129.230 E0.70884 F4000
G1 X138.740 Y129.650 F12000
G1 X117.260 Y129.650 E0.70884 F4000
G1 X117.260 Y130.070 F12000
G1 X138.740 Y130.070 E0.70884 F4000
G1 X138.740 Y130.490 F12000
G1 X117.260 Y130.490 E0.70884 F4000
G1 X117.260 Y130.910 F12000
G1 X138.740 Y130.910 E0.70884 F4000
G1 X138.740 Y131.330 F12000
G1 X117.260 Y131.330 E0.70884 F4000
G1 X117.260 Y131.750 F12000
G1 X138.740 Y131.750 E0.70884 F4000
G1 X138.740 Y132.170 F12000
G1 X117.260 Y132.170 E0.70884 F4000
G1 X117.260 Y132.590 F12000
G1 X138.740 Y132.590 E0.70884 F4000
G1 X138.740 Y133.010 F12000
G1 X117.260 Y133.010 E0.70884 F4000
G1 X117.260 Y133.430 F12000
G1 X138.740 Y133.430 E0.70884 F4000
G1 X138.740 Y133.850 F12000
G1 X117.260 Y133.850 E0.70884 F4000
G1 X117.260 Y134.270 F12000
G1 X138.740 Y134.270 E0.70884 F4000
G1 X138.740 Y134.690 F12000
G1 X117.260 Y134.690 E0.70884 F4000
G1 X117.260 Y135.110 F12000
G1 X138.740 Y135.110 E0.70884 F4000
G1 X138.740 Y135.530 F12000
G1 X117.260 Y135.530 E0.70884 F4000
G1 X117.260 Y135.950 F12000
G1 X138.740 Y135.950 E0.70884 F4000
G1 X138.740 Y136.370 F12000
G1 X117.260 Y136.370 E0.70884 F4000
G1 X117.260 Y136.790 F12000
G1 X138.740 Y136.790 E0.70884 F4000
G1 X138.740 Y137.210 F12000
G1 X117.260 Y137.210 E0.70884 F4000
G1 X117.260 Y137.630 F12000
G1 X138.740 Y137.630 E0.70884 F4000
G1 X138.740 Y138.050 F12000
G1 X117.260 Y138.050 E0.70884 F4000
G1 X117.260 Y138.470 F12000
G1 X138.740 Y138.470 E0.70884 F4000
; CHANGE_LAYER
; Z_HEIGHT: 16.8
; LAYER_HEIGHT: 0.2
; LINE_WIDTH: 0.42
G1 E-.8 F1800
G1 Z17.200 F600
G1 Z16.800
G1 E.8 F1800
G1 X116.210 Y116.210 F12000
; FEATURE: Outer wall
G1 X139.790 Y116.210 E0.77814 F3000
G1 X139.790 Y139.790 E0.77814 F3000
G1 X116.210 Y139.790 E0.77814 F3000
G1 X116.210 Y116.210 E0.77814 F3000
G1 X116.630 Y116.630 F12000
; FEATURE: Inner wall
G1 X139.370 Y116.630 E0.75042 F3000
G1 X139.370 Y139.370 E0.75042 F3000
G1 X116.630 Y139.370 E0.75042 F3000
G1 X116.630 Y116.630 E0.75042 F3000
G1 X117.050 Y117.050 F12000
; FEATURE: Inner wall
G1 X138.950 Y117.050 E0.72270 F3000
G1 X138.950 Y138.950 E0.72270 F3000
G1 X117.050 Y138.950 E0.72270 F3000
G1 X117.050 Y117.050 E0.72270 F3000
; FEATURE: Internal solid infill
G1 X117.260 Y117.470 F12000
G1 X138.740 Y117.470 E0.70884 F4000
G1 X138.740 Y117.890 F12000
G1 X117.260 Y117.890 E0.70884 F4000
G1 X117.260 Y118.310 F12000
G1 X138.740 Y118.310 E0.70884 F4000
G1 X138.740 Y118.730 F12000
G1 X117.260 Y118.730 E0.70884 F4000
G1 X117.260 Y119.150 F12000
G1 X138.740 Y119.150 E0.70884 F4000
G1 X138.740 Y119.570 F12000
G1 X117.260 Y119.570 E0.70884 F4000
G1 X117.260 Y119.990 F12000
G1 X138.740 Y119.990 E0.70884 F4000
G1 X138.740 Y120.410 F12000
G1 X117.260 Y120.410 E0.70884 F4000
G1 X117.260 Y120.830 F12000
G1 X138.740 Y120.830 E0.70884 F4000
G1 X138.740 Y121.250 F12000
G1 X117.260 Y121.250 E0.70884 F4000
G1 X117.260 Y121.670 F12000
G1 X138.740 Y121.670 E0.70884 F4000
G1 X138.740 Y122.090 F12000
G1 X117.260 Y122.090 E0.70884 F4000
G1 X117.260 Y122.510 F12000
G1 X138.740 Y122.510 E0.70884 F4000
G1 X138.740 Y122.930 F12000
G1 X117.260 Y122.930 E0.70884 F4000
G1 X117.260 Y123.350 F12000
G1 X138.740 Y123.350 E0.70884 F4000
G1 X138.740 Y123.770 F12000
G1 X117.260 Y123.770 E0.70884 F4000
G1 X117.260 Y124.190 F12000
G1 X138.740 Y124.190 E0.70884 F4000
G1 X138.740 Y124.610 F12000
G1 X117.260 Y124.610 E0.70884 F4000
G1 X117.260 Y125.030 F12000
G1 X138.740 Y125.030 E0.70884 F4000
G1 X138.740 Y125.450 F12000
G1 X117.260 Y125.450 E0.70884 F4000
G1 X117.260 Y125.870 F12000
G1 X138.740 Y125.870 E0.70884 F4000
G1 X138.740 Y126.290 F12000
G1 X117.260 Y126.290 E0.70884 F4000
G1 X117.260 Y126.710 F12000
G1 X138.740 Y126.710 E0.70884 F4000
G1 X138.740 Y127.130 F12000
G1 X117.260 Y127.130 E0.70884 F4000
G1 X117.260 Y127.550 F12000
G1 X138.740 Y127.550 E0.70884 F4000
G1 X138.740 Y127.970 F12000
G1 X117.260 Y127.970 E0.70884 F4000
G1 X117.260 Y128.390 F12000
G1 X138.740 Y128.390 E0.70884 F4000
G1 X138.740 Y128.810 F12000
G1 X117.260 Y128.810 E0.70884 F4000
G1 X117.260 Y129.230 F12000
G1 X138.740 Y129.230 E0.70884 F4000
G1 X138.740 Y129.650 F12000
G1 X117.260 Y129.650 E0.70884 F4000
G1 X117.260 Y130.070 F12000
G1 X138.740 Y130.070 E0.70884 F4000
G1 X138.740 Y130.490 F12000
G1 X117.260 Y130.490 E0.70884 F4000
G1 X117.260 Y130.910 F12000
G1 X138.740 Y130.910 E0.70884 F4000
G1 X138.740 Y131.330 F12000
G1 X117.260 Y131.330 E0.70884 F4000
G1 X117.260 Y131.750 F12000
G1 X138.740 Y131.750 E0.70884 F4000
G1 X138.740 Y132.170 F12000
G1 X117.260 Y132.170 E0.70884 F4000
G1 X117.260 Y132.590 F12000
G1 X138.740 Y132.590 E0.70884 F4000
G1 X138.740 Y133.010 F12000
G1 X117.260 Y133.010 E0.70884 F4000
G1 X117.260 Y133.430 F12000
G1 X138.740 Y133.430 E0.70884 F4000
G1 X138.740 Y133.850 F12000
G1 X117.260 Y133.850 E0.70884 F4000
G1 X117.260 Y134.270 F12000
G1 X138.740 Y134.270 E0.70884 F4000
G1 X138.740 Y134.690 F12000
G1 X117.260 Y134.690 E0.70884 F4000
G1 X117.260 Y135.110 F12000
G1 X138.740 Y135.110 E0.70884 F4000
G1 X138.740 Y135.530 F12000
G1 X117.260 Y135.530 E0.70884 F4000
G1 X117.260 Y135.950 F12000
G1 X138.740 Y135.950 E0.70884 F4000
G1 X138.740 Y136.370 F12000
G1 X117.260 Y136.370 E0.70884 F4000
G1 X117.260 Y136.790 F12000
G1 X138.740 Y136.790 E0.70884 F4000
G1 X138.740 Y137.210 F12000
G1 X117.260 Y137.210 E0.70884 F4000
G1 X117.260 Y137.630 F12000
G1 X138.740 Y137.630 E0.70884 F4000
G1 X138.740 Y138.050 F12000
G1 X117.260 Y138.050 E0.70884 F4000
G1 X117.260 Y138.470 F12000
G1 X138.740 Y138.470 E0.70884 F4000
; CHANGE_LAYER
; Z_HEIGHT: 17.0
; LAYER_HEIGHT: 0.2
; LINE_WIDTH: 0.42
G1 E-.8 F1800
G1 Z17.400 F600
G1 Z17.000
G1 E.8 F1800
G1 X116.210 Y116.210 F12000
; FEATURE: Outer wall
G1 X139.790 Y116.210 E0.77814 F3000
G1 X139.790 Y139.790 E0.77814 F3000
G1 X116.210 Y139.790 E0.77814 F3000
G1 X116.210 Y116.210 E0.77814 F3000
G1 X116.630 Y116.630 F12000
; FEATURE: Inner wall
G1 X139.370 Y116.630 E0.75042 F3000
G1 X139.370 Y139.370 E0.75042 F3000
G1 X116.630 Y139.370 E0.75042 F3000
G1 X116.630 Y116.630 E0.75042 F3000
G1 X117.050 Y117.050 F12000
; FEATURE: Inner wall
G1 X138.950 Y117.050 E0.72270 F3000
G1 X138.950 Y138.950 E0.72270 F3000
G1 X117.050 Y138.950 E0.72270 F3000
G1 X117.050 Y117.050 E0.72270 F3000
; FEATURE: Sparse infill
G1 X117.260 Y117.260 F12000
G1 X117.260 Y138.740 E0.70884 F6000
G1 X117.260 Y117.260 F12000
G1 X138.740 Y117.260 E0.70884 F6000
G1 X122.860 Y117.260 F12000
G1 X122.860 Y138.740 E0.70884 F6000
G1 X117.260 Y122.860 F12000
G1 X138.740 Y122.860 E0.70884 F6000
G1 X128.460 Y117.260 F12000
G1 X128.460 Y138.740 E0.70884 F6000
G1 X117.260 Y128.460 F12000
G1 X138.740 Y128.460 E0.70884 F6000
G1 X134.060 Y117.260 F12000
G1 X134.060 Y138.740 E0.70884 F6000
G1 X117.260 Y134.060 F12000
G1 X138.740 Y134.060 E0.70884 F6000
; CHANGE_LAYER
; Z_HEIGHT: 17.2
; LAYER_HEIGHT: 0.2
; LINE_WIDTH: 0.42
G1 E-.8 F1800
G1 Z17.600 F600
G1 Z17.200
G1 E.8 F1800
G1 X116.210 Y116.210 F12000
; FEATURE: Outer wall
G1 X139.790 Y116.210 E0.77814 F3000
G1 X139.790 Y139.790 E0.77814 F3000
G1 X116.210 Y139.790 E0.77814 F3000
G1 X116.210 Y116.210 E0.77814 F3000
G1 X116.630 Y116.630 F12000
; FEATURE: Inner wall
G1 X139.370 Y116.630 E0.75042 F3000
G1 X139.370 Y139.370 E0.75042 F3000
G1 X116.630 Y139.370 E0.75042 F3000
G1 X116.630 Y116.630 E0.75042 F3000
G1 X117.050 Y117.050 F12000
; FEATURE: Inner wall
G1 X138.950 Y117.050 E0.72270 F3000
G1 X138.950 Y138.950 E0.72270 F3000
G1 X117.050 Y138.950 E0.72270 F3000
G1 X117.050 Y117.050 E0.72270 F3000
; FEATURE: Sparse infill
G1 X117.260 Y117.260 F12000
G1 X117.260 Y138.740 E0.70884 F6000
G1 X117.260 Y117.260 F12000
G1 X138.740 Y117.260 E0.70884 F6000
G1 X122.860 Y117.260 F12000
G1 X122.860 Y138.740 E0.70884 F6000
G1 X117.260 Y122.860 F12000
G1 X138.740 Y122.860 E0.70884 F6000
G1 X128.460 Y117.260 F12000
G1 X128.460 Y138.740 E0.70884 F6000
G1 X117.260 Y128.460 F12000
G1 X138.740 Y128.460 E0.70884 F6000
G1 X134.060 Y117.260 F12000
G1 X134.060 Y138.740 E0.70884 F6000
G1 X117.260 Y134.060 F12000
G1 X138.740 Y134.060 E0.70884 F6000
; CHANGE_LAYER
; Z_HEIGHT: 17.4
; LAYER_HEIGHT: 0.2
; LINE_WIDTH: 0.42
G1 E-.8 F1800
G1 Z17.800 F600
G1 Z17.400
G1 E.8 F1800
G1 X116.210 Y116.210 F12000
; FEATURE: Outer wall
G1 X139.790 Y116.210 E0.77814 F3000
G1 X139.790 Y139.790 E0.77814 F3000
G1 X116.210 Y139.790 E0.77814 F3000
G1 X116.210 Y116.210 E0.77814 F3000
G1 X116.630 Y116.630 F12000
; FEATURE: Inner wall
G1 X139.370 Y116.630 E0.75042 F3000
G1 X139.370 Y139.370 E0.75042 F3000
G1 X116.630 Y139.370 E0.75042 F3000
G1 X116.630 Y116.630 E0.75042 F3000
G1 X117.050 Y117.050 F12000
; FEATURE: Inner wall
G1 X138.950 Y117.050 E0.72270 F3000
G1 X138.950 Y138.950 E0.72270 F3000
G1 X117.050 Y138.950 E0.72270 F3000
G1 X117.050 Y117.050 E0.72270 F3000
; FEATURE: Sparse infill
G1 X117.260 Y117.260 F12000
G1 X117.260 Y138.740 E0.70884 F6000
G1 X117.260 Y117.260 F12000
G1 X138.740 Y117.260 E0.70884 F6000
G1 X122.860 Y117.260 F12000
G1 X122.860 Y138.740 E0.70884 F6000
G1 X117.260 Y122.860 F12000
G1 X138.740 Y122.860 E0.70884 F6000
G1 X128.460 Y117.260 F12000
G1 X128.460 Y138.740 E0.70884 F6000
G1 X117.260 Y128.460 F12000
G1 X138.740 Y128.460 E0.70884 F6000
G1 X134.060 Y117.260 F12000
G1 X134.060 Y138.740 E0.70884 F6000
G1 X117.260 Y134.060 F12000
G1 X138.740 Y134.060 E0.70884 F6000
; CHANGE_LAYER
; Z_HEIGHT: 17.6
; LAYER_HEIGHT: 0.2
; LINE_WIDTH: 0.42
G1 E-.8 F1800
G1 Z18.000 F600
G1 Z17.600
G1 E.8 F1800
G1 X116.210 Y116.210 F12000
; FEATURE: Outer wall
G1 X139.790 Y116.210 E0.77814 F3000
G1 X139.790 Y139.790 E0.77814 F3000
G1 X116.210 Y139.790 E0.77814 F3000
G1 X116.210 Y116.210 E0.77814 F3000
G1 X116.630 Y116.630 F12000
; FEATURE: Inner wall
G1 X139.370 Y116.630 E0.75042 F3000
G1 X139.370 Y139.370 E0.75042 F3000
G1 X116.630 Y139.370 E0.75042 F3000
G1 X116.630 Y116.630 E0.75042 F3000
G1 X117.050 Y117.050 F12000
; FEATURE: Inner wall
G1 X138.950 Y117.050 E0.72270 F3000
G1 X138.950 Y138.950 E0.72270 F3000
G1 X117.050 Y138.950 E0.72270 F3000
G1 X117.050 Y117.050 E0.72270 F3000
; FEATURE: Sparse infill
G1 X117.260 Y117.260 F12000
G1 X117.260 Y138.740 E0.70884 F6000
G1 X117.260 Y117.260 F12000
G1 X138.740 Y117.260 E0.70884 F6000
G1 X122.860 Y117.260 F12000
G1 X122.860 Y138.740 E0.70884 F6000
G1 X117.260 Y122.860 F12000
G1 X138.740 Y122.860 E0.70884 F6000
G1 X128.460 Y117.260 F12000
G1 X128.460 Y138.740 E0.70884 F6000
G1 X117.260 Y128.460 F12000
G1 X138.740 Y128.460 E0.70884 F6000
G1 X134.060 Y117.260 F12000
G1 X134.060 Y138.740 E0.70884 F6000
G1 X117.260 Y134.060 F12000
G1 X138.740 Y134.060 E0.70884 F6000
; CHANGE_LAYER
; Z_HEIGHT: 17.8
; LAYER_HEIGHT: 0.2
; LINE_WIDTH: 0.42
G1 E-.8 F1800
G1 Z18.200 F600
G1 Z17.800
G1 E.8 F1800
G1 X116.210 Y116.210 F12000
; FEATURE: Outer wall
G1 X139.790 Y116.210 E0.77814 F3000
G1 X139.790 Y139.790 E0.77814 F3000
G1 X116.210 Y139.790 E0.77814 F3000
G1 X116.210 Y116.210 E0.77814 F3000
G1 X116.630 Y116.630 F12000
; FEATURE: Inner wall
G1 X139.370 Y116.630 E0.75042 F3000
G1 X139.370 Y139.370 E0.75042 F3000
G1 X116.630 Y139.370 E0.75042 F3000
G1 X116.630 Y116.630 E0.75042 F3000
G1 X117.050 Y117.050 F12000
; FEATURE: Inner wall
G1 X138.950 Y117.050 E0.72270 F3000
G1 X138.950 Y138.950 E0.72270 F3000
G1 X117.050 Y138.950 E0.72270 F3000
G1 X117.050 Y117.050 E0.72270 F3000
; FEATURE: Sparse infill
G1 X117.260 Y117.260 F12000
G1 X117.260 Y138.740 E0.70884 F6000
G1 X117.260 Y117.260 F12000
G1 X138.740 Y117.260 E0.70884 F6000
G1 X122.860 Y117.260 F12000
G1 X122.860 Y138.740 E0.70884 F6000
G1 X117.260 Y122.860 F12000
G1 X138.740 Y122.860 E0.70884 F6000
G1 X128.460 Y117.260 F12000
G1 X128.460 Y138.740 E0.70884 F6000
G1 X117.260 Y128.460 F12000
G1 X138.740 Y128.460 E0.70884 F6000
G1 X134.060 Y117.260 F12000
G1 X134.060 Y138.740 E0.70884 F6000
G1 X117.260 Y134.060 F12000
G1 X138.740 Y134.060 E0.70884 F6000
; CHANGE_LAYER
; Z_HEIGHT: 18.0
; LAYER_HEIGHT: 0.2
; LINE_WIDTH: 0.42
G1 E-.8 F1800
G1 Z18.400 F600
G1 Z18.000
G1 E.8 F1800
G1 X116.210 Y116.210 F12000
; FEATURE: Outer wall
G1 X139.790 Y116.210 E0.77814 F3000
G1 X139.790 Y139.790 E0.77814 F3000
G1 X116.210 Y139.790 E0.77814 F3000
G1 X116.210 Y116.210 E0.77814 F3000
G1 X116.630 Y116.630 F12000
; FEATURE: Inner wall
G1 X139.370 Y116.630 E0.75042 F3000
G1 X139.370 Y139.370 E0.75042 F3000
G1 X116.630 Y139.370 E0.75042 F3000
G1 X116.630 Y116.630 E0.75042 F3000
G1 X117.050 Y117.050 F12000
; FEATURE: Inner wall
G1 X138.950 Y117.050 E0.72270 F3000
G1 X138.950 Y138.950 E0.72270 F3000
G1 X117.050 Y138.950 E0.72270 F3000
G1 X117.050 Y117.050 E0.72270 F3000
; FEATURE: Sparse infill
G1 X117.260 Y117.260 F12000
G1 X117.260 Y138.740 E0.70884 F6000
G1 X117.260 Y117.260 F12000
G1 X138.740 Y117.260 E0.70884 F6000
G1 X122.860 Y117.260 F12000
G1 X122.860 Y138.740 E0.70884 F6000
G1 X117.260 Y122.860 F12000
G1 X138.740 Y122.860 E0.70884 F6000
G1 X128.460 Y117.260 F12000
G1 X128.460 Y138.740 E0.70884 F6000
G1 X117.260 Y128.460 F12000
G1 X138.740 Y128.460 E0.70884 F6000
G1 X134.060 Y117.260 F12000
G1 X134.060 Y138.740 E0.70884 F6000
G1 X117.260 Y134.060 F12000
G1 X138.740 Y134.060 E0.70884 F6000
; CHANGE_LAYER
; Z_HEIGHT: 18.2
; LAYER_HEIGHT: 0.2
; LINE_WIDTH: 0.42
G1 E-.8 F1800
G1 Z18.600 F600
G1 Z18.200
G1 E.8 F1800
G1 X116.210 Y116.210 F12000
; FEATURE: Outer wall
G1 X139.790 Y116.210 E0.77814 F3000
G1 X139.790 Y139.790 E0.77814 F3000
G1 X116.210 Y139.790 E0.77814 F3000
G1 X116.210 Y116.210 E0.77814 F3000
G1 X116.630 Y116.630 F12000
; FEATURE: Inner wall
G1 X139.370 Y116.630 E0.75042 F3000
G1 X139.370 Y139.370 E0.75042 F3000
G1 X116.630 Y139.370 E0.75042 F3000
G1 X116.630 Y116.630 E0.75042 F3000
G1 X117.050 Y117.050 F12000
; FEATURE: Inner wall
G1 X138.950 Y117.050 E0.72270 F3000
G1 X138.950 Y138.950 E0.72270 F3000
G1 X117.050 Y138.950 E0.72270 F3000
G1 X117.050 Y117.050 E0.72270 F3000
; FEATURE: Sparse infill
G1 X117.260 Y117.260 F12000
G1 X117.260 Y138.740 E0.70884 F6000
G1 X117.260 Y117.260 F12000
G1 X138.740 Y117.260 E0.70884 F6000
G1 X122.860 Y117.260 F12000
G1 X122.860 Y138.740 E0.70884 F6000
G1 X117.260 Y122.860 F12000
G1 X138.740 Y122.860 E0.70884 F6000
G1 X128.460 Y117.260 F12000
G1 X128.460 Y138.740 E0.70884 F6000
G1 X117.260 Y128.460 F12000
G1 X138.740 Y128.460 E0.70884 F6000
G1 X134.060 Y117.260 F12000
G1 X134.060 Y138.740 E0.70884 F6000
G1 X117.260 Y134.060 F12000
G1 X138.740 Y134.060 E0.70884 F6000
; CHANGE_LAYER
; Z_HEIGHT: 18.4
; LAYER_HEIGHT: 0.2
; LINE_WIDTH: 0.42
G1 E-.8 F1800
G1 Z18.800 F600
G1 Z18.400
G1 E.8 F1800
G1 X116.210 Y116.210 F12000
; FEATURE: Outer wall
G1 X139.790 Y116.210 E0.77814 F3000
G1 X139.790 Y139.790 E0.77814 F3000
G1 X116.210 Y139.790 E0.77814 F3000
G1 X116.210 Y116.210 E0.77814 F3000
G1 X116.630 Y116.630 F12000
; FEATURE: Inner wall
G1 X139.370 Y116.630 E0.75042 F3000
G1 X139.370 Y139.370 E0.75042 F3000
G1 X116.630 Y139.370 E0.75042 F3000
G1 X116.630 Y116.630 E0.75042 F3000
G1 X117.050 Y117.050 F12000
; FEATURE: Inner wall
G1 X138.950 Y117.050 E0.72270 F3000
G1 X138.950 Y138.950 E0.72270 F3000
G1 X117.050 Y138.950 E0.72270 F3000
G1 X117.050 Y117.050 E0.72270 F3000
; FEATURE: Sparse infill
G1 X117.260 Y117.260 F12000
G1 X117.260 Y138.740 E0.70884 F6000
G1 X117.260 Y117.260 F12000
G1 X138.740 Y117.260 E0.70884 F6000
G1 X122.860 Y117.260 F12000
G1 X122.860 Y138.740 E0.70884 F6000
G1 X117.260 Y122.860 F12000
G1 X138.740 Y122.860 E0.70884 F6000
G1 X128.460 Y117.260 F12000
G1 X128.460 Y138.740 E0.70884 F6000
G1 X117.260 Y128.460 F12000
G1 X138.740 Y128.460 E0.70884 F6000
G1 X134.060 Y117.260 F12000
G1 X134.060 Y138.740 E0.70884 F6000
G1 X117.260 Y134.060 F12000
G1 X138.740 Y134.060 E0.70884 F6000
; CHANGE_LAYER
; Z_HEIGHT: 18.6
; LAYER_HEIGHT: 0.2
; LINE_WIDTH: 0.42
G1 E-.8 F1800
G1 Z19.000 F600
G1 Z18.600
G1 E.8 F1800
G1 X116.210 Y116.210 F12000
; FEATURE: Outer wall
G1 X139.790 Y116.210 E0.77814 F3000
G1 X139.790 Y139.790 E0.77814 F3000
G1 X116.210 Y139.790 E0.77814 F3000
G1 X116.210 Y116.210 E0.77814 F3000
G1 X116.630 Y116.630 F12000
; FEATURE: Inner wall
G1 X139.370 Y116.630 E0.75042 F3000
G1 X139.370 Y139.370 E0.75042 F3000
G1 X116.630 Y139.370 E0.75042 F3000
G1 X116.630 Y116.630 E0.75042 F3000
G1 X117.050 Y117.050 F12000
; FEATURE: Inner wall
G1 X138.950 Y117.050 E0.72270 F3000
G1 X138.950 Y138.950 E0.72270 F3000
G1 X117.050 Y138.950 E0.72270 F3000
G1 X117.050 Y117.050 E0.72270 F3000
; FEATURE: Sparse infill
G1 X117.260 Y117.260 F12000
G1 X117.260 Y138.740 E0.70884 F6000
G1 X117.260 Y117.260 F12000
G1 X138.740 Y117.260 E0.70884 F6000
G1 X122.860 Y117.260 F12000
G1 X122.860 Y138.740 E0.70884 F6000
G1 X117.260 Y122.860 F12000
G1 X138.740 Y122.860 E0.70884 F6000
G1 X128.460 Y117.260 F12000
G1 X128.460 Y138.740 E0.70884 F6000
G1 X117.260 Y128.460 F12000
G1 X138.740 Y128.460 E0.70884 F6000
G1 X134.060 Y117.260 F12000
G1 X134.060 Y138.740 E0.70884 F6000
G1 X117.260 Y134.060 F12000
G1 X138.740 Y134.060 E0.70884 F6000
; CHANGE_LAYER
; Z_HEIGHT: 18.8
; LAYER_HEIGHT: 0.2
; LINE_WIDTH: 0.42
G1 E-.8 F1800
G1 Z19.200 F600
G1 Z18.800
G1 E.8 F1800
G1 X116.210 Y116.210 F12000
; FEATURE: Outer wall
G1 X139.790 Y116.210 E0.77814 F3000
G1 X139.790 Y139.790 E0.77814 F3000
G1 X116.210 Y139.790 E0.77814 F3000
G1 X116.210 Y116.210 E0.77814 F3000
G1 X116.630 Y116.630 F12000
; FEATURE: Inner wall
G1 X139.370 Y116.630 E0.75042 F3000
G1 X139.370 Y139.370 E0.75042 F3000
G1 X116.630 Y139.370 E0.75042 F3000
G1 X116.630 Y116.630 E0.75042 F3000
G1 X117.050 Y117.050 F12000
; FEATURE: Inner wall
G1 X138.950 Y117.050 E0.72270 F3000
G1 X138.950 Y138.950 E0.72270 F3000
G1 X117.050 Y138.950 E0.72270 F3000
G1 X117.050 Y117.050 E0.72270 F3000
; FEATURE: Sparse infill
G1 X117.260 Y117.260 F12000
G1 X117.260 Y138.740 E0.70884 F6000
G1 X117.260 Y117.260 F12000
G1 X138.740 Y117.260 E0.70884 F6000
G1 X122.860 Y117.260 F12000
G1 X122.860 Y138.740 E0.70884 F6000
G1 X117.260 Y122.860 F12000
G1 X138.740 Y122.860 E0.70884 F6000
G1 X128.460 Y117.260 F12000
G1 X128.460 Y138.740 E0.70884 F6000
G1 X117.260 Y128.460 F12000
G1 X138.740 Y128.460 E0.70884 F6000
G1 X134.060 Y117.260 F12000
G1 X134.060 Y138.740 E0.70884 F6000
G1 X117.260 Y134.060 F12000
G1 X138.740 Y134.060 E0.70884 F6000
; CHANGE_LAYER
; Z_HEIGHT: 19.0
; LAYER_HEIGHT: 0.2
; LINE_WIDTH: 0.42
G1 E-.8 F1800
G1 Z19.400 F600
G1 Z19.000
G1 E.8 F1800
G1 X116.210 Y116.210 F12000
; FEATURE: Outer wall
G1 X139.790 Y116.210 E0.77814 F3000
G1 X139.790 Y139.790 E0.77814 F3000
G1 X116.210 Y139.790 E0.77814 F3000
G1 X116.210 Y116.210 E0.77814 F3000
G1 X116.630 Y116.630 F12000
; FEATURE: Inner wall
G1 X139.370 Y116.630 E0.75042 F3000
G1 X139.370 Y139.370 E0.75042 F3000
G1 X116.630 Y139.370 E0.75042 F3000
G1 X116.630 Y116.630 E0.75042 F3000
G1 X117.050 Y117.050 F12000
; FEATURE: Inner wall
G1 X138.950 Y117.050 E0.72270 F3000
G1 X138.950 Y138.950 E0.72270 F3000
G1 X117.050 Y138.950 E0.72270 F3000
G1 X117.050 Y117.050 E0.72270 F3000
; FEATURE: Sparse infill
G1 X117.260 Y117.260 F12000
G1 X117.260 Y138.740 E0.70884 F6000
G1 X117.260 Y117.260 F12000
G1 X138.740 Y117.260 E0.70884 F6000
G1 X122.860 Y117.260 F12000
G1 X122.860 Y138.740 E0.70884 F6000
G1 X117.260 Y122.860 F12000
G1 X138.740 Y122.860 E0.70884 F6000
G1 X128.460 Y117.260 F12000
G1 X128.460 Y138.740 E0.70884 F6000
G1 X117.260 Y128.460 F12000
G1 X138.740 Y128.460 E0.70884 F6000
G1 X134.060 Y117.260 F12000
G1 X134.060 Y138.740 E0.70884 F6000
G1 X117.260 Y134.060 F12000
G1 X138.740 Y134.060 E0.70884 F6000
; CHANGE_LAYER
; Z_HEIGHT: 19.2
; LAYER_HEIGHT: 0.2
; LINE_WIDTH: 0.42
G1 E-.8 F1800
G1 Z19.600 F600
G1 Z19.200
G1 E.8 F1800
G1 X116.210 Y116.210 F12000
; FEATURE: Outer wall
G1 X139.790 Y116.210 E0.77814 F3000
G1 X139.790 Y139.790 E0.77814 F3000
G1 X116.210 Y139.790 E0.77814 F3000
G1 X116.210 Y116.210 E0.77814 F3000
G1 X116.630 Y116.630 F12000
; FEATURE: Inner wall
G1 X139.370 Y116.630 E0.75042 F3000
G1 X139.370 Y139.370 E0.75042 F3000
G1 X116.630 Y139.370 E0.75042 F3000
G1 X116.630 Y116.630 E0.75042 F3000
G1 X117.050 Y117.050 F12000
; FEATURE: Inner wall
G1 X138.950 Y117.050 E0.72270 F3000
G1 X138.950 Y138.950 E0.72270 F3000
G1 X117.050 Y138.950 E0.72270 F3000
G1 X117.050 Y117.050 E0.72270 F3000
; FEATURE: Sparse infill
G1 X117.260 Y117.260 F12000
G1 X117.260 Y138.740 E0.70884 F6000
G1 X117.260 Y117.260 F12000
G1 X138.740 Y117.260 E0.70884 F6000
G1 X122.860 Y117.260 F12000
G1 X122.860 Y138.740 E0.70884 F6000
G1 X117.260 Y122.860 F12000
G1 X138.740 Y122.860 E0.70884 F6000
G1 X128.460 Y117.260 F12000
G1 X128.460 Y138.740 E0.70884 F6000
G1 X117.260 Y128.460 F12000
G1 X138.740 Y128.460 E0.70884 F6000
G1 X134.060 Y117.260 F12000
G1 X134.060 Y138.740 E0.70884 F6000
G1 X117.260 Y134.060 F12000
G1 X138.740 Y134.060 E0.70884 F6000
; CHANGE_LAYER
; Z_HEIGHT: 19.4
; LAYER_HEIGHT: 0.2
; LINE_WIDTH: 0.42
G1 E-.8 F1800
G1 Z19.800 F600
G1 Z19.400
G1 E.8 F1800
G1 X116.210 Y116.210 F12000
; FEATURE: Outer wall
G1 X139.790 Y116.210 E0.77814 F3000
G1 X139.790 Y139.790 E0.77814 F3000
G1 X116.210 Y139.790 E0.77814 F3000
G1 X116.210 Y116.210 E0.77814 F3000
G1 X116.630 Y116.630 F12000
; FEATURE: Inner wall
G1 X139.370 Y116.630 E0.75042 F3000
G1 X139.370 Y139.370 E0.75042 F3000
G1 X116.630 Y139.370 E0.75042 F3000
G1 X116.630 Y116.630 E0.75042 F3000
G1 X117.050 Y117.050 F12000
; FEATURE: Inner wall
G1 X138.950 Y117.050 E0.72270 F3000
G1 X138.950 Y138.950 E0.72270 F3000
G1 X117.050 Y138.950 E0.72270 F3000
G1 X117.050 Y117.050 E0.72270 F3000
; FEATURE: Sparse infill
G1 X117.260 Y117.260 F12000
G1 X117.260 Y138.740 E0.70884 F6000
G1 X117.260 Y117.260 F12000
G1 X138.740 Y117.260 E0.70884 F6000
G1 X122.860 Y117.260 F12000
G1 X122.860 Y138.740 E0.70884 F6000
G1 X117.260 Y122.860 F12000
G1 X138.740 Y122.860 E0.70884 F6000
G1 X128.460 Y117.260 F12000
G1 X128.460 Y138.740 E0.70884 F6000
G1 X117.260 Y128.460 F12000
G1 X138.740 Y128.460 E0.70884 F6000
G1 X134.060 Y117.260 F12000
G1 X134.060 Y138.740 E0.70884 F6000
G1 X117.260 Y134.060 F12000
G1 X138.740 Y134.060 E0.70884 F6000
; CHANGE_LAYER
; Z_HEIGHT: 19.6
; LAYER_HEIGHT: 0.2
; LINE_WIDTH: 0.42
G1 E-.8 F1800
G1 Z20.000 F600
G1 Z19.600
G1 E.8 F1800
G1 X116.210 Y116.210 F12000
; FEATURE: Outer wall
G1 X139.790 Y116.210 E0.77814 F3000
G1 X139.790 Y139.790 E0.77814 F3000
G1 X116.210 Y139.790 E0.77814 F3000
G1 X116.210 Y116.210 E0.77814 F3000
G1 X116.630 Y116.630 F12000
; FEATURE: Inner wall
G1 X139.370 Y116.630 E0.75042 F3000
G1 X139.370 Y139.370 E0.75042 F3000
G1 X116.630 Y139.370 E0.75042 F3000
G1 X116.630 Y116.630 E0.75042 F3000
G1 X117.050 Y117.050 F12000
; FEATURE: Inner wall
G1 X138.950 Y117.050 E0.72270 F3000
G1 X138.950 Y138.950 E0.72270 F3000
G1 X117.050 Y138.950 E0.72270 F3000
G1 X117.050 Y117.050 E0.72270 F3000
; FEATURE: Sparse infill
G1 X117.260 Y117.260 F12000
G1 X117.260 Y138.740 E0.70884 F6000
G1 X117.260 Y117.260 F12000
G1 X138.740 Y117.260 E0.70884 F6000
G1 X122.860 Y117.260 F12000
G1 X122.860 Y138.740 E0.70884 F6000
G1 X117.260 Y122.860 F12000
G1 X138.740 Y122.860 E0.70884 F6000
G1 X128.460 Y117.260 F12000
G1 X128.460 Y138.740 E0.70884 F6000
G1 X117.260 Y128.460 F12000
G1 X138.740 Y128.460 E0.70884 F6000
G1 X134.060 Y117.260 F12000
G1 X134.060 Y138.740 E0.70884 F6000
G1 X117.260 Y134.060 F12000
G1 X138.740 Y134.060 E0.70884 F6000
; CHANGE_LAYER
; Z_HEIGHT: 19.8
; LAYER_HEIGHT: 0.2
; LINE_WIDTH: 0.42
G1 E-.8 F1800
G1 Z20.200 F600
G1 Z19.800
G1 E.8 F1800
G1 X116.210 Y116.210 F12000
; FEATURE: Outer wall
G1 X139.790 Y116.210 E0.77814 F3000
G1 X139.790 Y139.790 E0.77814 F3000
G1 X116.210 Y139.790 E0.77814 F3000
G1 X116.210 Y116.210 E0.77814 F3000
G1 X116.630 Y116.630 F12000
; FEATURE: Inner wall
G1 X139.370 Y116.630 E0.75042 F3000
G1 X139.370 Y139.370 E0.75042 F3000
G1 X116.630 Y139.370 E0.75042 F3000
G1 X116.630 Y116.630 E0.75042 F3000
G1 X117.050 Y117.050 F12000
; FEATURE: Inner wall
G1 X138.950 Y117.050 E0.72270 F3000
G1 X138.950 Y138.950 E0.72270 F3000
G1 X117.050 Y138.950 E0.72270 F3000
G1 X117.050 Y117.050 E0.72270 F3000
; FEATURE: Sparse infill
G1 X117.260 Y117.260 F12000
G1 X117.260 Y138.740 E0.70884 F6000
G1 X117.260 Y117.260 F12000
G1 X138.740 Y117.260 E0.70884 F6000
G1 X122.860 Y117.260 F12000
G1 X122.860 Y138.740 E0.70884 F6000
G1 X117.260 Y122.860 F12000
G1 X138.740 Y122.860 E0.70884 F6000
G1 X128.460 Y117.260 F12000
G1 X128.460 Y138.740 E0.70884 F6000
G1 X117.260 Y128.460 F12000
G1 X138.740 Y128.460 E0.70884 F6000
G1 X134.060 Y117.260 F12000
G1 X134.060 Y138.740 E0.70884 F6000
G1 X117.260 Y134.060 F12000
G1 X138.740 Y134.060 E0.70884 F6000
; CHANGE_LAYER
; Z_HEIGHT: 20.0
; LAYER_HEIGHT: 0.2
; LINE_WIDTH: 0.42
G1 E-.8 F1800
G1 Z20.400 F600
G1 Z20.000
G1 E.8 F1800
G1 X116.210 Y116.210 F12000
; FEATURE: Outer wall
G1 X139.790 Y116.210 E0.77814 F3000
G1 X139.790 Y139.790 E0.77814 F3000
G1 X116.210 Y139.790 E0.77814 F3000
G1 X116.210 Y116.210 E0.77814 F3000
G1 X116.630 Y116.630 F12000
; FEATURE: Inner wall
G1 X139.370 Y116.630 E0.75042 F3000
G1 X139.370 Y139.370 E0.75042 F3000
G1 X116.630 Y139.370 E0.75042 F3000
G1 X116.630 Y116.630 E0.75042 F3000
G1 X117.050 Y117.050 F12000
; FEATURE: Inner wall
G1 X138.950 Y117.050 E0.72270 F3000
G1 X138.950 Y138.950 E0.72270 F3000
G1 X117.050 Y138.950 E0.72270 F3000
G1 X117.050 Y117.050 E0.72270 F3000
; FEATURE: Internal solid infill
G1 X117.260 Y117.470 F12000
G1 X138.740 Y117.470 E0.70884 F4000
G1 X138.740 Y117.890 F12000
G1 X117.260 Y117.890 E0.70884 F4000
G1 X117.260 Y118.310 F12000
G1 X138.740 Y118.310 E0.70884 F4000
G1 X138.740 Y118.730 F12000
G1 X117.260 Y118.730 E0.70884 F4000
G1 X117.260 Y119.150 F12000
G1 X138.740 Y119.150 E0.70884 F4000
G1 X138.740 Y119.570 F12000
G1 X117.260 Y119.570 E0.70884 F4000
G1 X117.260 Y119.990 F12000
G1 X138.740 Y119.990 E0.70884 F4000
G1 X138.740 Y120.410 F12000
G1 X117.260 Y120.410 E0.70884 F4000
G1 X117.260 Y120.830 F12000
G1 X138.740 Y120.830 E0.70884 F4000
G1 X138.740 Y121.250 F12000
G1 X117.260 Y121.250 E0.70884 F4000
G1 X117.260 Y121.670 F12000
G1 X138.740 Y121.670 E0.70884 F4000
G1 X138.740 Y122.090 F12000
G1 X117.260 Y122.090 E0.70884 F4000
G1 X117.260 Y122.510 F12000
G1 X138.740 Y122.510 E0.70884 F4000
G1 X138.740 Y122.930 F12000
G1 X117.260 Y122.930 E0.70884 F4000
G1 X117.260 Y123.350 F12000
G1 X138.740 Y123.350 E0.70884 F4000
G1 X138.740 Y123.770 F12000
G1 X117.260 Y123.770 E0.70884 F4000
G1 X117.260 Y124.190 F12000
G1 X138.740 Y124.190 E0.70884 F4000
G1 X138.740 Y124.610 F12000
G1 X117.260 Y124.610 E0.70884 F4000
G1 X117.260 Y125.030 F12000
G1 X138.740 Y125.030 E0.70884 F4000
G1 X138.740 Y125.450 F12000
G1 X117.260 Y125.450 E0.70884 F4000
G1 X117.260 Y125.870 F12000
G1 X138.740 Y125.870 E0.70884 F4000
G1 X138.740 Y126.290 F12000
G1 X117.260 Y126.290 E0.70884 F4000
G1 X117.260 Y126.710 F12000
G1 X138.740 Y126.710 E0.70884 F4000
G1 X138.740 Y127.130 F12000
G1 X117.260 Y127.130 E0.70884 F4000
G1 X117.260 Y127.550 F12000
G1 X138.740 Y127.550 E0.70884 F4000
G1 X138.740 Y127.970 F12000
G1 X117.260 Y127.970 E0.70884 F4000
G1 X117.260 Y128.390 F12000
G1 X138.740 Y128.390 E0.70884 F4000
G1 X138.740 Y128.810 F12000
G1 X117.260 Y128.810 E0.70884 F4000
G1 X117.260 Y129.230 F12000
G1 X138.740 Y129.230 E0.70884 F4000
G1 X138.740 Y129.650 F12000
G1 X117.260 Y129.650 E0.70884 F4000
G1 X117.260 Y130.070 F12000
G1 X138.740 Y130.070 E0.70884 F4000
G1 X138.740 Y130.490 F12000
G1 X117.260 Y130.490 E0.70884 F4000
G1 X117.260 Y130.910 F12000
G1 X138.740 Y130.910 E0.70884 F4000
G1 X138.740 Y131.330 F12000
G1 X117.260 Y131.330 E0.70884 F4000
G1 X117.260 Y131.750 F12000
G1 X138.740 Y131.750 E0.70884 F4000
G1 X138.740 Y132.170 F12000
G1 X117.260 Y132.170 E0.70884 F4000
G1 X117.260 Y132.590 F12000
G1 X138.740 Y132.590 E0.70884 F4000
G1 X138.740 Y133.010 F12000
G1 X117.260 Y133.010 E0.70884 F4000
G1 X117.260 Y133.430 F12000
G1 X138.740 Y133.430 E0.70884 F4000
G1 X138.740 Y133.850 F12000
G1 X117.260 Y133.850 E0.70884 F4000
G1 X117.260 Y134.270 F12000
G1 X138.740 Y134.270 E0.70884 F4000
G1 X138.740 Y134.690 F12000
G1 X117.260 Y134.690 E0.70884 F4000
G1 X117.260 Y135.110 F12000
G1 X138.740 Y135.110 E0.70884 F4000
G1 X138.740 Y135.530 F12000
G1 X117.260 Y135.530 E0.70884 F4000
G1 X117.260 Y135.950 F12000
G1 X138.740 Y135.950 E0.70884 F4000
G1 X138.740 Y136.370 F12000
G1 X117.260 Y136.370 E0.70884 F4000
G1 X117.260 Y136.790 F12000
G1 X138.740 Y136.790 E0.70884 F4000
G1 X138.740 Y137.210 F12000
G1 X117.260 Y137.210 E0.70884 F4000
G1 X117.260 Y137.630 F12000
G1 X138.740 Y137.630 E0.70884 F4000
G1 X138.740 Y138.050 F12000
G1 X117.260 Y138.050 E0.70884 F4000
G1 X117.260 Y138.470 F12000
G1 X138.740 Y138.470 E0.70884 F4000
M104 S0
M140 S0
G1 Z30 F600
; CONFIG_BLOCK_START
; initial_layer_print_height = 0.2
; printer_model = Bambu Lab P1S
; CONFIG_BLOCK_END
